2026.05.22 14:58:49 INFO  Started: Metals version 1.6.7 in folders '/Users/habibaelkamary/Desktop/College(new)/DDIA/Labs/final project/Weather-Stations-Monitoring-DDIA-Project' for client Visual Studio Code 1.120.0.[0m
2026.05.22 14:58:49 INFO  Memory monitor started[0m
2026.05.22 14:58:51 WARN  Using H2 2.4.240 which is newer than the version Flyway has been verified with. The latest verified version of H2 is 2.3.232.[0m
2026.05.22 14:58:51 INFO  no build target found for /Users/habibaelkamary/Desktop/College(new)/DDIA/Labs/final project/Weather-Stations-Monitoring-DDIA-Project/weather-station/src/main/java/com/weather/stations/WeatherStation.java. Using fallback presentation compiler.[0m
2026.05.22 14:58:52 INFO  no build target found for /Users/habibaelkamary/Desktop/College(new)/DDIA/Labs/final project/Weather-Stations-Monitoring-DDIA-Project/weather-station/src/main/java/com/weather/stations/WeatherStation.java. Using fallback presentation compiler.[0m
2026.05.22 14:58:56 INFO  running '/Library/Java/JavaVirtualMachines/temurin-17.jdk/Contents/Home/bin/java -Dfile.encoding=UTF-8 -Dmaven.multiModuleProjectDirectory=/Users/habibaelkamary/Desktop/College(new)/DDIA/Labs/final project/Weather-Stations-Monitoring-DDIA-Project/weather-station -Dmaven.home=/var/folders/0x/tncxxf5s4kq97hmqfxd811v80000gp/T/metals17538621780030451410 -cp /var/folders/0x/tncxxf5s4kq97hmqfxd811v80000gp/T/metals17538621780030451410/maven-wrapper.jar org.apache.maven.wrapper.MavenWrapperMain generate-sources ch.epfl.scala:bloop-maven-plugin:2.0.3:bloopInstall -DdownloadSources=true'[0m
2026.05.22 14:58:56 INFO  no build target found for /Users/habibaelkamary/Desktop/College(new)/DDIA/Labs/final project/Weather-Stations-Monitoring-DDIA-Project/weather-station/src/main/java/com/weather/stations/WeatherStation.java. Using fallback presentation compiler.[0m
2026.05.22 14:58:59 INFO  [INFO] Scanning for projects...[0m
2026.05.22 14:58:59 INFO  [INFO] [0m
2026.05.22 14:58:59 INFO  [INFO] --------------------< com.weather:weather-station >---------------------[0m
2026.05.22 14:58:59 INFO  [INFO] Building weather-station 1.0-SNAPSHOT[0m
2026.05.22 14:58:59 INFO  [INFO]   from pom.xml[0m
2026.05.22 14:58:59 INFO  [INFO] --------------------------------[ jar ]---------------------------------[0m
2026.05.22 14:58:59 INFO  [INFO] [0m
2026.05.22 14:58:59 INFO  [INFO] --- bloop:2.0.3:bloopInstall (default-cli) @ weather-station ---[0m
2026.05.22 14:59:01 INFO  no build target found for /Users/habibaelkamary/Desktop/College(new)/DDIA/Labs/final project/Weather-Stations-Monitoring-DDIA-Project/weather-station/src/main/java/com/weather/WeatherMessage.java. Using fallback presentation compiler.[0m
2026.05.22 14:59:01 INFO  no build target found for /Users/habibaelkamary/Desktop/College(new)/DDIA/Labs/final project/Weather-Stations-Monitoring-DDIA-Project/weather-station/src/main/java/com/weather/WeatherMessage.java. Using fallback presentation compiler.[0m
2026.05.22 14:59:01 INFO  no build target found for /Users/habibaelkamary/Desktop/College(new)/DDIA/Labs/final project/Weather-Stations-Monitoring-DDIA-Project/weather-station/src/main/java/com/weather/WeatherMessage.java. Using fallback presentation compiler.[0m
2026.05.22 14:59:01 INFO  [ERROR] org.scala-lang:scala([0-9]?)-library is missing from project dependencies[0m
2026.05.22 14:59:01 INFO  [ERROR] org.scala-lang:scala([0-9]?)-library is missing from project dependencies[0m
2026.05.22 14:59:01 INFO  [INFO] Resolving artifact: org.slf4j:slf4j-api:jar:1.7.36:runtime (sources = false)[0m
2026.05.22 14:59:01 INFO  [INFO] SUCCESS: org.slf4j:slf4j-api:jar:1.7.36:runtime (sources = false)[0m
2026.05.22 14:59:01 INFO  [INFO] Resolving artifact: org.slf4j:slf4j-api:jar:1.7.36:runtime (sources = true)[0m
2026.05.22 14:59:01 INFO  [INFO] SUCCESS: org.slf4j:slf4j-api:jar:1.7.36:runtime (sources = true)[0m
2026.05.22 14:59:01 INFO  [INFO] Resolving artifact: com.fasterxml.jackson.core:jackson-annotations:jar:2.17.0:compile (sources = false)[0m
2026.05.22 14:59:01 INFO  [INFO] SUCCESS: com.fasterxml.jackson.core:jackson-annotations:jar:2.17.0:compile (sources = false)[0m
2026.05.22 14:59:01 INFO  [INFO] Resolving artifact: com.fasterxml.jackson.core:jackson-annotations:jar:2.17.0:compile (sources = true)[0m
May 22, 2026 2:59:01 PM org.eclipse.lsp4j.jsonrpc.RemoteEndpoint handleCancellation
WARNING: Unmatched cancel notification for request id 11
2026.05.22 14:59:01 INFO  no build target found for /Users/habibaelkamary/Desktop/College(new)/DDIA/Labs/final project/Weather-Stations-Monitoring-DDIA-Project/weather-station/src/main/java/com/weather/WeatherMessage.java. Using fallback presentation compiler.[0m
2026.05.22 14:59:01 INFO  Downloading from central: https://repo.maven.apache.org/maven2/com/fasterxml/jackson/core/jackson-annotations/2.17.0/jackson-annotations-2.17.0-sources.jar[0m
2026.05.22 14:59:01 INFO  Progress (1): 0.9/84 kB[0m
2026.05.22 14:59:01 INFO  Progress (1): 2.3/84 kB[0m
2026.05.22 14:59:01 INFO  Progress (1): 3.6/84 kB[0m
2026.05.22 14:59:01 INFO  Progress (1): 5.0/84 kB[0m
2026.05.22 14:59:01 INFO  Progress (1): 6.4/84 kB[0m
2026.05.22 14:59:01 INFO  Progress (1): 7.7/84 kB[0m
2026.05.22 14:59:01 INFO  Progress (1): 9.1/84 kB[0m
2026.05.22 14:59:01 INFO  Progress (1): 10/84 kB [0m
2026.05.22 14:59:01 INFO  Progress (1): 12/84 kB[0m
2026.05.22 14:59:01 INFO  Progress (1): 13/84 kB[0m
2026.05.22 14:59:01 INFO  Progress (1): 15/84 kB[0m
2026.05.22 14:59:01 INFO  Progress (1): 16/84 kB[0m
2026.05.22 14:59:01 INFO  Progress (1): 17/84 kB[0m
2026.05.22 14:59:01 INFO  Progress (1): 19/84 kB[0m
2026.05.22 14:59:01 INFO  Progress (1): 20/84 kB[0m
2026.05.22 14:59:01 INFO  Progress (1): 21/84 kB[0m
2026.05.22 14:59:01 INFO  Progress (1): 23/84 kB[0m
2026.05.22 14:59:01 INFO  Progress (1): 24/84 kB[0m
2026.05.22 14:59:01 INFO  Progress (1): 25/84 kB[0m
2026.05.22 14:59:01 INFO  Progress (1): 26/84 kB[0m
2026.05.22 14:59:01 INFO  Progress (1): 27/84 kB[0m
2026.05.22 14:59:01 INFO  Progress (1): 29/84 kB[0m
2026.05.22 14:59:01 INFO  Progress (1): 30/84 kB[0m
2026.05.22 14:59:01 INFO  Progress (1): 31/84 kB[0m
2026.05.22 14:59:01 INFO  Progress (1): 33/84 kB[0m
2026.05.22 14:59:01 INFO  Progress (1): 34/84 kB[0m
2026.05.22 14:59:01 INFO  Progress (1): 36/84 kB[0m
2026.05.22 14:59:01 INFO  Progress (1): 37/84 kB[0m
2026.05.22 14:59:01 INFO  Progress (1): 38/84 kB[0m
2026.05.22 14:59:01 INFO  Progress (1): 40/84 kB[0m
2026.05.22 14:59:01 INFO  Progress (1): 41/84 kB[0m
2026.05.22 14:59:01 INFO  Progress (1): 42/84 kB[0m
2026.05.22 14:59:01 INFO  Progress (1): 44/84 kB[0m
2026.05.22 14:59:01 INFO  Progress (1): 45/84 kB[0m
2026.05.22 14:59:01 INFO  Progress (1): 46/84 kB[0m
2026.05.22 14:59:01 INFO  Progress (1): 48/84 kB[0m
2026.05.22 14:59:01 INFO  Progress (1): 49/84 kB[0m
2026.05.22 14:59:01 INFO  Progress (1): 51/84 kB[0m
2026.05.22 14:59:01 INFO  Progress (1): 52/84 kB[0m
2026.05.22 14:59:01 INFO  Progress (1): 53/84 kB[0m
2026.05.22 14:59:01 INFO  Progress (1): 55/84 kB[0m
2026.05.22 14:59:01 INFO  Progress (1): 59/84 kB[0m
2026.05.22 14:59:01 INFO  Progress (1): 63/84 kB[0m
2026.05.22 14:59:01 INFO  Progress (1): 67/84 kB[0m
2026.05.22 14:59:01 INFO  Progress (1): 72/84 kB[0m
2026.05.22 14:59:01 INFO  Progress (1): 76/84 kB[0m
2026.05.22 14:59:01 INFO  Progress (1): 80/84 kB[0m
2026.05.22 14:59:01 INFO  Progress (1): 84 kB   [0m
2026.05.22 14:59:01 INFO                     [0m
2026.05.22 14:59:01 INFO  Downloaded from central: https://repo.maven.apache.org/maven2/com/fasterxml/jackson/core/jackson-annotations/2.17.0/jackson-annotations-2.17.0-sources.jar (84 kB at 133 kB/s)[0m
2026.05.22 14:59:01 INFO  [INFO] SUCCESS: com.fasterxml.jackson.core:jackson-annotations:jar:2.17.0:compile (sources = true)[0m
2026.05.22 14:59:01 INFO  [INFO] Resolving artifact: com.fasterxml.jackson.core:jackson-core:jar:2.17.0:compile (sources = false)[0m
2026.05.22 14:59:01 INFO  [INFO] SUCCESS: com.fasterxml.jackson.core:jackson-core:jar:2.17.0:compile (sources = false)[0m
2026.05.22 14:59:01 INFO  [INFO] Resolving artifact: com.fasterxml.jackson.core:jackson-core:jar:2.17.0:compile (sources = true)[0m
2026.05.22 14:59:01 INFO  Downloading from central: https://repo.maven.apache.org/maven2/com/fasterxml/jackson/core/jackson-core/2.17.0/jackson-core-2.17.0-sources.jar[0m
2026.05.22 14:59:02 INFO  Progress (1): 3.8/488 kB[0m
2026.05.22 14:59:02 INFO  Progress (1): 8.0/488 kB[0m
2026.05.22 14:59:02 INFO  Progress (1): 12/488 kB [0m
2026.05.22 14:59:02 INFO  Progress (1): 16/488 kB[0m
2026.05.22 14:59:02 INFO  Progress (1): 21/488 kB[0m
2026.05.22 14:59:02 INFO  Progress (1): 24/488 kB[0m
2026.05.22 14:59:02 INFO  Progress (1): 28/488 kB[0m
2026.05.22 14:59:02 INFO  Progress (1): 33/488 kB[0m
2026.05.22 14:59:02 INFO  Progress (1): 37/488 kB[0m
2026.05.22 14:59:02 INFO  Progress (1): 41/488 kB[0m
2026.05.22 14:59:02 INFO  Progress (1): 45/488 kB[0m
2026.05.22 14:59:02 INFO  Progress (1): 49/488 kB[0m
2026.05.22 14:59:02 INFO  Progress (1): 54/488 kB[0m
2026.05.22 14:59:02 INFO  Progress (1): 58/488 kB[0m
2026.05.22 14:59:02 INFO  Progress (1): 62/488 kB[0m
2026.05.22 14:59:02 INFO  Progress (1): 66/488 kB[0m
2026.05.22 14:59:02 INFO  Progress (1): 70/488 kB[0m
2026.05.22 14:59:02 INFO  Progress (1): 74/488 kB[0m
2026.05.22 14:59:02 INFO  Progress (1): 78/488 kB[0m
2026.05.22 14:59:02 INFO  Progress (1): 82/488 kB[0m
2026.05.22 14:59:02 INFO  Progress (1): 86/488 kB[0m
2026.05.22 14:59:02 INFO  Progress (1): 90/488 kB[0m
2026.05.22 14:59:02 INFO  Progress (1): 95/488 kB[0m
2026.05.22 14:59:02 INFO  Progress (1): 99/488 kB[0m
2026.05.22 14:59:02 INFO  Progress (1): 103/488 kB[0m
2026.05.22 14:59:02 INFO  Progress (1): 107/488 kB[0m
2026.05.22 14:59:02 INFO  Progress (1): 112/488 kB[0m
2026.05.22 14:59:02 INFO  Progress (1): 115/488 kB[0m
2026.05.22 14:59:02 INFO  Progress (1): 119/488 kB[0m
2026.05.22 14:59:02 INFO  Progress (1): 123/488 kB[0m
2026.05.22 14:59:02 INFO  Progress (1): 127/488 kB[0m
2026.05.22 14:59:02 INFO  Progress (1): 131/488 kB[0m
2026.05.22 14:59:02 INFO  Progress (1): 136/488 kB[0m
2026.05.22 14:59:02 INFO  Progress (1): 152/488 kB[0m
2026.05.22 14:59:02 INFO  Progress (1): 168/488 kB[0m
2026.05.22 14:59:02 INFO  Progress (1): 185/488 kB[0m
2026.05.22 14:59:02 INFO  Progress (1): 201/488 kB[0m
2026.05.22 14:59:02 INFO  Progress (1): 217/488 kB[0m
2026.05.22 14:59:02 INFO  Progress (1): 234/488 kB[0m
2026.05.22 14:59:02 INFO  Progress (1): 250/488 kB[0m
2026.05.22 14:59:02 INFO  Progress (1): 254/488 kB[0m
2026.05.22 14:59:02 INFO  Progress (1): 270/488 kB[0m
2026.05.22 14:59:02 INFO  Progress (1): 287/488 kB[0m
2026.05.22 14:59:02 INFO  Progress (1): 303/488 kB[0m
2026.05.22 14:59:02 INFO  Progress (1): 319/488 kB[0m
2026.05.22 14:59:02 INFO  Progress (1): 336/488 kB[0m
2026.05.22 14:59:02 INFO  Progress (1): 352/488 kB[0m
2026.05.22 14:59:02 INFO  Progress (1): 369/488 kB[0m
2026.05.22 14:59:02 INFO  Progress (1): 385/488 kB[0m
2026.05.22 14:59:02 INFO  Progress (1): 401/488 kB[0m
2026.05.22 14:59:02 INFO  Progress (1): 418/488 kB[0m
2026.05.22 14:59:02 INFO  Progress (1): 434/488 kB[0m
2026.05.22 14:59:02 INFO  Progress (1): 442/488 kB[0m
2026.05.22 14:59:02 INFO  Progress (1): 459/488 kB[0m
2026.05.22 14:59:02 INFO  Progress (1): 475/488 kB[0m
2026.05.22 14:59:02 INFO  Progress (1): 488 kB    [0m
2026.05.22 14:59:02 INFO                      [0m
2026.05.22 14:59:02 INFO  Downloaded from central: https://repo.maven.apache.org/maven2/com/fasterxml/jackson/core/jackson-core/2.17.0/jackson-core-2.17.0-sources.jar (488 kB at 1.1 MB/s)[0m
2026.05.22 14:59:02 INFO  [INFO] SUCCESS: com.fasterxml.jackson.core:jackson-core:jar:2.17.0:compile (sources = true)[0m
2026.05.22 14:59:02 INFO  [INFO] Resolving artifact: net.bytebuddy:byte-buddy:jar:1.14.9:compile (sources = false)[0m
2026.05.22 14:59:02 INFO  [INFO] SUCCESS: net.bytebuddy:byte-buddy:jar:1.14.9:compile (sources = false)[0m
2026.05.22 14:59:02 INFO  [INFO] Resolving artifact: net.bytebuddy:byte-buddy:jar:1.14.9:compile (sources = true)[0m
2026.05.22 14:59:02 INFO  Downloading from central: https://repo.maven.apache.org/maven2/net/bytebuddy/byte-buddy/1.14.9/byte-buddy-1.14.9-sources.jar[0m
2026.05.22 14:59:02 INFO  Progress (1): 0/1.4 MB[0m
2026.05.22 14:59:02 INFO  Progress (1): 0/1.4 MB[0m
2026.05.22 14:59:02 INFO  Progress (1): 0/1.4 MB[0m
2026.05.22 14:59:02 INFO  Progress (1): 0/1.4 MB[0m
2026.05.22 14:59:02 INFO  Progress (1): 0.1/1.4 MB[0m
2026.05.22 14:59:02 INFO  Progress (1): 0.1/1.4 MB[0m
2026.05.22 14:59:02 INFO  Progress (1): 0.1/1.4 MB[0m
2026.05.22 14:59:02 INFO  Progress (1): 0.1/1.4 MB[0m
2026.05.22 14:59:02 INFO  Progress (1): 0.1/1.4 MB[0m
2026.05.22 14:59:02 INFO  Progress (1): 0.1/1.4 MB[0m
2026.05.22 14:59:02 INFO  Progress (1): 0.1/1.4 MB[0m
2026.05.22 14:59:02 INFO  Progress (1): 0.2/1.4 MB[0m
2026.05.22 14:59:02 INFO  Progress (1): 0.2/1.4 MB[0m
2026.05.22 14:59:02 INFO  Progress (1): 0.2/1.4 MB[0m
2026.05.22 14:59:02 INFO  Progress (1): 0.2/1.4 MB[0m
2026.05.22 14:59:02 INFO  Progress (1): 0.2/1.4 MB[0m
2026.05.22 14:59:02 INFO  Progress (1): 0.2/1.4 MB[0m
2026.05.22 14:59:02 INFO  Progress (1): 0.2/1.4 MB[0m
2026.05.22 14:59:02 INFO  Progress (1): 0.3/1.4 MB[0m
2026.05.22 14:59:02 INFO  Progress (1): 0.3/1.4 MB[0m
2026.05.22 14:59:02 INFO  Progress (1): 0.3/1.4 MB[0m
2026.05.22 14:59:02 INFO  Progress (1): 0.3/1.4 MB[0m
2026.05.22 14:59:02 INFO  Progress (1): 0.3/1.4 MB[0m
2026.05.22 14:59:02 INFO  Progress (1): 0.3/1.4 MB[0m
2026.05.22 14:59:02 INFO  Progress (1): 0.4/1.4 MB[0m
2026.05.22 14:59:02 INFO  Progress (1): 0.4/1.4 MB[0m
2026.05.22 14:59:02 INFO  Progress (1): 0.4/1.4 MB[0m
2026.05.22 14:59:02 INFO  Progress (1): 0.4/1.4 MB[0m
2026.05.22 14:59:02 INFO  Progress (1): 0.4/1.4 MB[0m
2026.05.22 14:59:02 INFO  Progress (1): 0.4/1.4 MB[0m
2026.05.22 14:59:02 INFO  Progress (1): 0.5/1.4 MB[0m
2026.05.22 14:59:02 INFO  Progress (1): 0.5/1.4 MB[0m
2026.05.22 14:59:02 INFO  Progress (1): 0.5/1.4 MB[0m
2026.05.22 14:59:02 INFO  Progress (1): 0.5/1.4 MB[0m
2026.05.22 14:59:02 INFO  Progress (1): 0.5/1.4 MB[0m
2026.05.22 14:59:02 INFO  Progress (1): 0.5/1.4 MB[0m
2026.05.22 14:59:02 INFO  Progress (1): 0.6/1.4 MB[0m
2026.05.22 14:59:02 INFO  Progress (1): 0.6/1.4 MB[0m
2026.05.22 14:59:02 INFO  Progress (1): 0.6/1.4 MB[0m
2026.05.22 14:59:02 INFO  Progress (1): 0.6/1.4 MB[0m
2026.05.22 14:59:02 INFO  Progress (1): 0.6/1.4 MB[0m
2026.05.22 14:59:02 INFO  Progress (1): 0.6/1.4 MB[0m
2026.05.22 14:59:02 INFO  Progress (1): 0.7/1.4 MB[0m
2026.05.22 14:59:02 INFO  Progress (1): 0.7/1.4 MB[0m
2026.05.22 14:59:02 INFO  Progress (1): 0.7/1.4 MB[0m
2026.05.22 14:59:02 INFO  Progress (1): 0.7/1.4 MB[0m
2026.05.22 14:59:02 INFO  Progress (1): 0.7/1.4 MB[0m
2026.05.22 14:59:02 INFO  Progress (1): 0.7/1.4 MB[0m
2026.05.22 14:59:02 INFO  Progress (1): 0.8/1.4 MB[0m
2026.05.22 14:59:02 INFO  Progress (1): 0.8/1.4 MB[0m
2026.05.22 14:59:02 INFO  Progress (1): 0.8/1.4 MB[0m
2026.05.22 14:59:02 INFO  Progress (1): 0.8/1.4 MB[0m
2026.05.22 14:59:02 INFO  Progress (1): 0.8/1.4 MB[0m
2026.05.22 14:59:02 INFO  Progress (1): 0.8/1.4 MB[0m
2026.05.22 14:59:02 INFO  Progress (1): 0.9/1.4 MB[0m
2026.05.22 14:59:02 INFO  Progress (1): 0.9/1.4 MB[0m
2026.05.22 14:59:02 INFO  Progress (1): 0.9/1.4 MB[0m
2026.05.22 14:59:03 INFO  Progress (1): 0.9/1.4 MB[0m
2026.05.22 14:59:03 INFO  Progress (1): 0.9/1.4 MB[0m
2026.05.22 14:59:03 INFO  Progress (1): 0.9/1.4 MB[0m
2026.05.22 14:59:03 INFO  Progress (1): 1.0/1.4 MB[0m
2026.05.22 14:59:03 INFO  Progress (1): 1.0/1.4 MB[0m
2026.05.22 14:59:03 INFO  Progress (1): 1.0/1.4 MB[0m
2026.05.22 14:59:03 INFO  Progress (1): 1.0/1.4 MB[0m
2026.05.22 14:59:03 INFO  Progress (1): 1.0/1.4 MB[0m
2026.05.22 14:59:03 INFO  Progress (1): 1.0/1.4 MB[0m
2026.05.22 14:59:03 INFO  Progress (1): 1.0/1.4 MB[0m
2026.05.22 14:59:03 INFO  Progress (1): 1.1/1.4 MB[0m
2026.05.22 14:59:03 INFO  Progress (1): 1.1/1.4 MB[0m
2026.05.22 14:59:03 INFO  Progress (1): 1.1/1.4 MB[0m
2026.05.22 14:59:03 INFO  Progress (1): 1.1/1.4 MB[0m
2026.05.22 14:59:03 INFO  Progress (1): 1.1/1.4 MB[0m
2026.05.22 14:59:03 INFO  Progress (1): 1.1/1.4 MB[0m
2026.05.22 14:59:03 INFO  Progress (1): 1.2/1.4 MB[0m
2026.05.22 14:59:03 INFO  Progress (1): 1.2/1.4 MB[0m
2026.05.22 14:59:03 INFO  Progress (1): 1.2/1.4 MB[0m
2026.05.22 14:59:03 INFO  Progress (1): 1.2/1.4 MB[0m
2026.05.22 14:59:03 INFO  Progress (1): 1.2/1.4 MB[0m
2026.05.22 14:59:03 INFO  Progress (1): 1.2/1.4 MB[0m
2026.05.22 14:59:03 INFO  Progress (1): 1.3/1.4 MB[0m
2026.05.22 14:59:03 INFO  Progress (1): 1.3/1.4 MB[0m
2026.05.22 14:59:03 INFO  Progress (1): 1.3/1.4 MB[0m
2026.05.22 14:59:03 INFO  Progress (1): 1.3/1.4 MB[0m
2026.05.22 14:59:03 INFO  Progress (1): 1.3/1.4 MB[0m
2026.05.22 14:59:03 INFO  Progress (1): 1.3/1.4 MB[0m
2026.05.22 14:59:03 INFO  Progress (1): 1.3/1.4 MB[0m
2026.05.22 14:59:03 INFO  Progress (1): 1.4/1.4 MB[0m
2026.05.22 14:59:03 INFO  Progress (1): 1.4/1.4 MB[0m
2026.05.22 14:59:03 INFO  Progress (1): 1.4/1.4 MB[0m
2026.05.22 14:59:03 INFO  Progress (1): 1.4 MB    [0m
2026.05.22 14:59:03 INFO                      [0m
2026.05.22 14:59:03 INFO  Downloaded from central: https://repo.maven.apache.org/maven2/net/bytebuddy/byte-buddy/1.14.9/byte-buddy-1.14.9-sources.jar (1.4 MB at 1.8 MB/s)[0m
2026.05.22 14:59:03 INFO  [INFO] SUCCESS: net.bytebuddy:byte-buddy:jar:1.14.9:compile (sources = true)[0m
2026.05.22 14:59:03 INFO  [INFO] Resolving artifact: org.xerial.snappy:snappy-java:jar:1.1.10.5:runtime (sources = false)[0m
2026.05.22 14:59:03 INFO  [INFO] SUCCESS: org.xerial.snappy:snappy-java:jar:1.1.10.5:runtime (sources = false)[0m
2026.05.22 14:59:03 INFO  [INFO] Resolving artifact: org.xerial.snappy:snappy-java:jar:1.1.10.5:runtime (sources = true)[0m
2026.05.22 14:59:03 INFO  [INFO] SUCCESS: org.xerial.snappy:snappy-java:jar:1.1.10.5:runtime (sources = true)[0m
2026.05.22 14:59:03 INFO  [INFO] Resolving artifact: com.github.luben:zstd-jni:jar:1.5.5-6:runtime (sources = false)[0m
2026.05.22 14:59:03 INFO  [INFO] SUCCESS: com.github.luben:zstd-jni:jar:1.5.5-6:runtime (sources = false)[0m
2026.05.22 14:59:03 INFO  [INFO] Resolving artifact: com.github.luben:zstd-jni:jar:1.5.5-6:runtime (sources = true)[0m
2026.05.22 14:59:03 INFO  Downloading from central: https://repo.maven.apache.org/maven2/com/github/luben/zstd-jni/1.5.5-6/zstd-jni-1.5.5-6-sources.jar[0m
2026.05.22 14:59:03 INFO  Progress (1): 7.7/40 kB[0m
2026.05.22 14:59:03 INFO  Progress (1): 8.2/40 kB[0m
2026.05.22 14:59:03 INFO  Progress (1): 25/40 kB [0m
2026.05.22 14:59:03 INFO  Progress (1): 40 kB   [0m
2026.05.22 14:59:03 INFO                     [0m
2026.05.22 14:59:03 INFO  Downloaded from central: https://repo.maven.apache.org/maven2/com/github/luben/zstd-jni/1.5.5-6/zstd-jni-1.5.5-6-sources.jar (40 kB at 372 kB/s)[0m
2026.05.22 14:59:03 INFO  [INFO] SUCCESS: com.github.luben:zstd-jni:jar:1.5.5-6:runtime (sources = true)[0m
2026.05.22 14:59:03 INFO  [INFO] Resolving artifact: org.lz4:lz4-java:jar:1.8.0:runtime (sources = false)[0m
2026.05.22 14:59:03 INFO  [INFO] SUCCESS: org.lz4:lz4-java:jar:1.8.0:runtime (sources = false)[0m
2026.05.22 14:59:03 INFO  [INFO] Resolving artifact: org.lz4:lz4-java:jar:1.8.0:runtime (sources = true)[0m
2026.05.22 14:59:03 INFO  Downloading from central: https://repo.maven.apache.org/maven2/org/lz4/lz4-java/1.8.0/lz4-java-1.8.0-sources.jar[0m
2026.05.22 14:59:03 INFO  Progress (1): 7.7/68 kB[0m
2026.05.22 14:59:03 INFO  Progress (1): 8.2/68 kB[0m
2026.05.22 14:59:03 INFO  Progress (1): 25/68 kB [0m
2026.05.22 14:59:03 INFO  Progress (1): 41/68 kB[0m
2026.05.22 14:59:03 INFO  Progress (1): 49/68 kB[0m
2026.05.22 14:59:03 INFO  Progress (1): 66/68 kB[0m
2026.05.22 14:59:03 INFO  Progress (1): 68 kB   [0m
2026.05.22 14:59:03 INFO                     [0m
2026.05.22 14:59:03 INFO  Downloaded from central: https://repo.maven.apache.org/maven2/org/lz4/lz4-java/1.8.0/lz4-java-1.8.0-sources.jar (68 kB at 728 kB/s)[0m
2026.05.22 14:59:03 INFO  [INFO] SUCCESS: org.lz4:lz4-java:jar:1.8.0:runtime (sources = true)[0m
2026.05.22 14:59:03 INFO  [INFO] Resolving artifact: com.fasterxml.jackson.core:jackson-databind:jar:2.17.0:compile (sources = false)[0m
2026.05.22 14:59:03 INFO  [INFO] SUCCESS: com.fasterxml.jackson.core:jackson-databind:jar:2.17.0:compile (sources = false)[0m
2026.05.22 14:59:03 INFO  [INFO] Resolving artifact: com.fasterxml.jackson.core:jackson-databind:jar:2.17.0:compile (sources = true)[0m
2026.05.22 14:59:03 INFO  Downloading from central: https://repo.maven.apache.org/maven2/com/fasterxml/jackson/core/jackson-databind/2.17.0/jackson-databind-2.17.0-sources.jar[0m
2026.05.22 14:59:03 INFO  Progress (1): 0/1.2 MB[0m
2026.05.22 14:59:03 INFO  Progress (1): 0/1.2 MB[0m
2026.05.22 14:59:03 INFO  Progress (1): 0/1.2 MB[0m
2026.05.22 14:59:03 INFO  Progress (1): 0/1.2 MB[0m
2026.05.22 14:59:03 INFO  Progress (1): 0.1/1.2 MB[0m
2026.05.22 14:59:03 INFO  Progress (1): 0.1/1.2 MB[0m
2026.05.22 14:59:03 INFO  Progress (1): 0.1/1.2 MB[0m
2026.05.22 14:59:03 INFO  Progress (1): 0.1/1.2 MB[0m
2026.05.22 14:59:03 INFO  Progress (1): 0.1/1.2 MB[0m
2026.05.22 14:59:03 INFO  Progress (1): 0.1/1.2 MB[0m
2026.05.22 14:59:03 INFO  Progress (1): 0.1/1.2 MB[0m
2026.05.22 14:59:03 INFO  Progress (1): 0.2/1.2 MB[0m
2026.05.22 14:59:03 INFO  Progress (1): 0.2/1.2 MB[0m
2026.05.22 14:59:03 INFO  Progress (1): 0.2/1.2 MB[0m
2026.05.22 14:59:03 INFO  Progress (1): 0.2/1.2 MB[0m
2026.05.22 14:59:03 INFO  Progress (1): 0.2/1.2 MB[0m
2026.05.22 14:59:03 INFO  Progress (1): 0.2/1.2 MB[0m
2026.05.22 14:59:03 INFO  Progress (1): 0.2/1.2 MB[0m
2026.05.22 14:59:03 INFO  Progress (1): 0.3/1.2 MB[0m
2026.05.22 14:59:03 INFO  Progress (1): 0.3/1.2 MB[0m
2026.05.22 14:59:03 INFO  Progress (1): 0.3/1.2 MB[0m
2026.05.22 14:59:03 INFO  Progress (1): 0.3/1.2 MB[0m
2026.05.22 14:59:03 INFO  Progress (1): 0.3/1.2 MB[0m
2026.05.22 14:59:03 INFO  Progress (1): 0.3/1.2 MB[0m
2026.05.22 14:59:03 INFO  Progress (1): 0.3/1.2 MB[0m
2026.05.22 14:59:03 INFO  Progress (1): 0.4/1.2 MB[0m
2026.05.22 14:59:03 INFO  Progress (1): 0.4/1.2 MB[0m
2026.05.22 14:59:03 INFO  Progress (1): 0.4/1.2 MB[0m
2026.05.22 14:59:03 INFO  Progress (1): 0.4/1.2 MB[0m
2026.05.22 14:59:03 INFO  Progress (1): 0.4/1.2 MB[0m
2026.05.22 14:59:03 INFO  Progress (1): 0.4/1.2 MB[0m
2026.05.22 14:59:03 INFO  Progress (1): 0.5/1.2 MB[0m
2026.05.22 14:59:03 INFO  Progress (1): 0.5/1.2 MB[0m
2026.05.22 14:59:03 INFO  Progress (1): 0.5/1.2 MB[0m
2026.05.22 14:59:03 INFO  Progress (1): 0.5/1.2 MB[0m
2026.05.22 14:59:03 INFO  Progress (1): 0.5/1.2 MB[0m
2026.05.22 14:59:03 INFO  Progress (1): 0.5/1.2 MB[0m
2026.05.22 14:59:03 INFO  Progress (1): 0.6/1.2 MB[0m
2026.05.22 14:59:03 INFO  Progress (1): 0.6/1.2 MB[0m
2026.05.22 14:59:03 INFO  Progress (1): 0.6/1.2 MB[0m
2026.05.22 14:59:03 INFO  Progress (1): 0.6/1.2 MB[0m
2026.05.22 14:59:03 INFO  Progress (1): 0.6/1.2 MB[0m
2026.05.22 14:59:03 INFO  Progress (1): 0.6/1.2 MB[0m
2026.05.22 14:59:03 INFO  Progress (1): 0.7/1.2 MB[0m
2026.05.22 14:59:03 INFO  Progress (1): 0.7/1.2 MB[0m
2026.05.22 14:59:03 INFO  Progress (1): 0.7/1.2 MB[0m
2026.05.22 14:59:03 INFO  Progress (1): 0.7/1.2 MB[0m
2026.05.22 14:59:03 INFO  Progress (1): 0.7/1.2 MB[0m
2026.05.22 14:59:03 INFO  Progress (1): 0.7/1.2 MB[0m
2026.05.22 14:59:03 INFO  Progress (1): 0.7/1.2 MB[0m
2026.05.22 14:59:03 INFO  Progress (1): 0.8/1.2 MB[0m
2026.05.22 14:59:03 INFO  Progress (1): 0.8/1.2 MB[0m
2026.05.22 14:59:03 INFO  Progress (1): 0.8/1.2 MB[0m
2026.05.22 14:59:03 INFO  Progress (1): 0.8/1.2 MB[0m
2026.05.22 14:59:03 INFO  Progress (1): 0.8/1.2 MB[0m
2026.05.22 14:59:03 INFO  Progress (1): 0.8/1.2 MB[0m
2026.05.22 14:59:03 INFO  Progress (1): 0.9/1.2 MB[0m
2026.05.22 14:59:03 INFO  Progress (1): 0.9/1.2 MB[0m
2026.05.22 14:59:03 INFO  Progress (1): 0.9/1.2 MB[0m
2026.05.22 14:59:03 INFO  Progress (1): 0.9/1.2 MB[0m
2026.05.22 14:59:03 INFO  Progress (1): 0.9/1.2 MB[0m
2026.05.22 14:59:03 INFO  Progress (1): 0.9/1.2 MB[0m
2026.05.22 14:59:03 INFO  Progress (1): 1.0/1.2 MB[0m
2026.05.22 14:59:03 INFO  Progress (1): 1.0/1.2 MB[0m
2026.05.22 14:59:03 INFO  Progress (1): 1.0/1.2 MB[0m
2026.05.22 14:59:03 INFO  Progress (1): 1.0/1.2 MB[0m
2026.05.22 14:59:03 INFO  Progress (1): 1.0/1.2 MB[0m
2026.05.22 14:59:03 INFO  Progress (1): 1.0/1.2 MB[0m
2026.05.22 14:59:03 INFO  Progress (1): 1.1/1.2 MB[0m
2026.05.22 14:59:03 INFO  Progress (1): 1.1/1.2 MB[0m
2026.05.22 14:59:03 INFO  Progress (1): 1.1/1.2 MB[0m
2026.05.22 14:59:03 INFO  Progress (1): 1.1/1.2 MB[0m
2026.05.22 14:59:03 INFO  Progress (1): 1.1/1.2 MB[0m
2026.05.22 14:59:03 INFO  Progress (1): 1.1/1.2 MB[0m
2026.05.22 14:59:04 INFO  Progress (1): 1.2/1.2 MB[0m
2026.05.22 14:59:04 INFO  Progress (1): 1.2/1.2 MB[0m
2026.05.22 14:59:04 INFO  Progress (1): 1.2/1.2 MB[0m
2026.05.22 14:59:04 INFO  Progress (1): 1.2/1.2 MB[0m
2026.05.22 14:59:04 INFO  Progress (1): 1.2 MB    [0m
2026.05.22 14:59:04 INFO                      [0m
2026.05.22 14:59:04 INFO  Downloaded from central: https://repo.maven.apache.org/maven2/com/fasterxml/jackson/core/jackson-databind/2.17.0/jackson-databind-2.17.0-sources.jar (1.2 MB at 1.8 MB/s)[0m
2026.05.22 14:59:04 INFO  [INFO] SUCCESS: com.fasterxml.jackson.core:jackson-databind:jar:2.17.0:compile (sources = true)[0m
2026.05.22 14:59:04 INFO  [INFO] Resolving artifact: org.apache.kafka:kafka-clients:jar:3.7.0:compile (sources = false)[0m
2026.05.22 14:59:04 INFO  [INFO] SUCCESS: org.apache.kafka:kafka-clients:jar:3.7.0:compile (sources = false)[0m
2026.05.22 14:59:04 INFO  [INFO] Resolving artifact: org.apache.kafka:kafka-clients:jar:3.7.0:compile (sources = true)[0m
2026.05.22 14:59:04 INFO  Downloading from central: https://repo.maven.apache.org/maven2/org/apache/kafka/kafka-clients/3.7.0/kafka-clients-3.7.0-sources.jar[0m
2026.05.22 14:59:04 INFO  Progress (1): 0/3.2 MB[0m
2026.05.22 14:59:04 INFO  Progress (1): 0/3.2 MB[0m
2026.05.22 14:59:04 INFO  Progress (1): 0/3.2 MB[0m
2026.05.22 14:59:04 INFO  Progress (1): 0/3.2 MB[0m
2026.05.22 14:59:04 INFO  Progress (1): 0.1/3.2 MB[0m
2026.05.22 14:59:04 INFO  Progress (1): 0.1/3.2 MB[0m
2026.05.22 14:59:04 INFO  Progress (1): 0.1/3.2 MB[0m
2026.05.22 14:59:04 INFO  Progress (1): 0.1/3.2 MB[0m
2026.05.22 14:59:04 INFO  Progress (1): 0.1/3.2 MB[0m
2026.05.22 14:59:04 INFO  Progress (1): 0.1/3.2 MB[0m
2026.05.22 14:59:04 INFO  Progress (1): 0.2/3.2 MB[0m
2026.05.22 14:59:04 INFO  Progress (1): 0.2/3.2 MB[0m
2026.05.22 14:59:04 INFO  Progress (1): 0.2/3.2 MB[0m
2026.05.22 14:59:04 INFO  Progress (1): 0.2/3.2 MB[0m
2026.05.22 14:59:04 INFO  Progress (1): 0.2/3.2 MB[0m
2026.05.22 14:59:04 INFO  Progress (1): 0.2/3.2 MB[0m
2026.05.22 14:59:04 INFO  Progress (1): 0.3/3.2 MB[0m
2026.05.22 14:59:04 INFO  Progress (1): 0.3/3.2 MB[0m
2026.05.22 14:59:04 INFO  Progress (1): 0.3/3.2 MB[0m
2026.05.22 14:59:04 INFO  Progress (1): 0.3/3.2 MB[0m
2026.05.22 14:59:04 INFO  Progress (1): 0.3/3.2 MB[0m
2026.05.22 14:59:04 INFO  Progress (1): 0.3/3.2 MB[0m
2026.05.22 14:59:04 INFO  Progress (1): 0.4/3.2 MB[0m
2026.05.22 14:59:04 INFO  Progress (1): 0.4/3.2 MB[0m
2026.05.22 14:59:04 INFO  Progress (1): 0.4/3.2 MB[0m
2026.05.22 14:59:04 INFO  Progress (1): 0.4/3.2 MB[0m
2026.05.22 14:59:04 INFO  Progress (1): 0.4/3.2 MB[0m
2026.05.22 14:59:04 INFO  Progress (1): 0.4/3.2 MB[0m
2026.05.22 14:59:04 INFO  Progress (1): 0.5/3.2 MB[0m
2026.05.22 14:59:04 INFO  Progress (1): 0.5/3.2 MB[0m
2026.05.22 14:59:04 INFO  Progress (1): 0.5/3.2 MB[0m
2026.05.22 14:59:04 INFO  Progress (1): 0.5/3.2 MB[0m
2026.05.22 14:59:04 INFO  Progress (1): 0.5/3.2 MB[0m
2026.05.22 14:59:04 INFO  Progress (1): 0.5/3.2 MB[0m
2026.05.22 14:59:04 INFO  Progress (1): 0.5/3.2 MB[0m
2026.05.22 14:59:04 INFO  Progress (1): 0.6/3.2 MB[0m
2026.05.22 14:59:04 INFO  Progress (1): 0.6/3.2 MB[0m
2026.05.22 14:59:04 INFO  Progress (1): 0.6/3.2 MB[0m
2026.05.22 14:59:04 INFO  Progress (1): 0.6/3.2 MB[0m
2026.05.22 14:59:04 INFO  Progress (1): 0.6/3.2 MB[0m
2026.05.22 14:59:04 INFO  Progress (1): 0.6/3.2 MB[0m
2026.05.22 14:59:04 INFO  Progress (1): 0.7/3.2 MB[0m
2026.05.22 14:59:04 INFO  Progress (1): 0.7/3.2 MB[0m
2026.05.22 14:59:04 INFO  Progress (1): 0.7/3.2 MB[0m
2026.05.22 14:59:04 INFO  Progress (1): 0.7/3.2 MB[0m
2026.05.22 14:59:04 INFO  Progress (1): 0.7/3.2 MB[0m
2026.05.22 14:59:04 INFO  Progress (1): 0.7/3.2 MB[0m
2026.05.22 14:59:04 INFO  Progress (1): 0.8/3.2 MB[0m
2026.05.22 14:59:04 INFO  Progress (1): 0.8/3.2 MB[0m
2026.05.22 14:59:04 INFO  Progress (1): 0.8/3.2 MB[0m
2026.05.22 14:59:04 INFO  Progress (1): 0.8/3.2 MB[0m
2026.05.22 14:59:04 INFO  Progress (1): 0.8/3.2 MB[0m
2026.05.22 14:59:04 INFO  Progress (1): 0.8/3.2 MB[0m
2026.05.22 14:59:04 INFO  Progress (1): 0.9/3.2 MB[0m
2026.05.22 14:59:04 INFO  Progress (1): 0.9/3.2 MB[0m
2026.05.22 14:59:04 INFO  Progress (1): 0.9/3.2 MB[0m
2026.05.22 14:59:04 INFO  Progress (1): 0.9/3.2 MB[0m
2026.05.22 14:59:04 INFO  Progress (1): 0.9/3.2 MB[0m
2026.05.22 14:59:04 INFO  Progress (1): 0.9/3.2 MB[0m
2026.05.22 14:59:04 INFO  Progress (1): 1.0/3.2 MB[0m
2026.05.22 14:59:04 INFO  Progress (1): 1.0/3.2 MB[0m
2026.05.22 14:59:04 INFO  Progress (1): 1.0/3.2 MB[0m
2026.05.22 14:59:04 INFO  Progress (1): 1.0/3.2 MB[0m
2026.05.22 14:59:04 INFO  Progress (1): 1.0/3.2 MB[0m
2026.05.22 14:59:04 INFO  Progress (1): 1.0/3.2 MB[0m
2026.05.22 14:59:04 INFO  Progress (1): 1.1/3.2 MB[0m
2026.05.22 14:59:04 INFO  Progress (1): 1.1/3.2 MB[0m
2026.05.22 14:59:04 INFO  Progress (1): 1.1/3.2 MB[0m
2026.05.22 14:59:04 INFO  Progress (1): 1.1/3.2 MB[0m
2026.05.22 14:59:04 INFO  Progress (1): 1.1/3.2 MB[0m
2026.05.22 14:59:04 INFO  Progress (1): 1.1/3.2 MB[0m
2026.05.22 14:59:04 INFO  Progress (1): 1.2/3.2 MB[0m
2026.05.22 14:59:04 INFO  Progress (1): 1.2/3.2 MB[0m
2026.05.22 14:59:04 INFO  Progress (1): 1.2/3.2 MB[0m
2026.05.22 14:59:04 INFO  Progress (1): 1.2/3.2 MB[0m
2026.05.22 14:59:04 INFO  Progress (1): 1.2/3.2 MB[0m
2026.05.22 14:59:04 INFO  Progress (1): 1.2/3.2 MB[0m
2026.05.22 14:59:04 INFO  Progress (1): 1.3/3.2 MB[0m
2026.05.22 14:59:04 INFO  Progress (1): 1.3/3.2 MB[0m
2026.05.22 14:59:04 INFO  Progress (1): 1.3/3.2 MB[0m
2026.05.22 14:59:04 INFO  Progress (1): 1.3/3.2 MB[0m
2026.05.22 14:59:04 INFO  Progress (1): 1.3/3.2 MB[0m
2026.05.22 14:59:04 INFO  Progress (1): 1.3/3.2 MB[0m
2026.05.22 14:59:04 INFO  Progress (1): 1.4/3.2 MB[0m
2026.05.22 14:59:04 INFO  Progress (1): 1.4/3.2 MB[0m
2026.05.22 14:59:04 INFO  Progress (1): 1.4/3.2 MB[0m
2026.05.22 14:59:04 INFO  Progress (1): 1.4/3.2 MB[0m
2026.05.22 14:59:04 INFO  Progress (1): 1.4/3.2 MB[0m
2026.05.22 14:59:04 INFO  Progress (1): 1.4/3.2 MB[0m
2026.05.22 14:59:04 INFO  Progress (1): 1.4/3.2 MB[0m
2026.05.22 14:59:04 INFO  Progress (1): 1.5/3.2 MB[0m
2026.05.22 14:59:04 INFO  Progress (1): 1.5/3.2 MB[0m
2026.05.22 14:59:04 INFO  Progress (1): 1.5/3.2 MB[0m
2026.05.22 14:59:04 INFO  Progress (1): 1.5/3.2 MB[0m
2026.05.22 14:59:04 INFO  Progress (1): 1.5/3.2 MB[0m
2026.05.22 14:59:04 INFO  Progress (1): 1.5/3.2 MB[0m
2026.05.22 14:59:04 INFO  Progress (1): 1.6/3.2 MB[0m
2026.05.22 14:59:04 INFO  Progress (1): 1.6/3.2 MB[0m
2026.05.22 14:59:04 INFO  Progress (1): 1.6/3.2 MB[0m
2026.05.22 14:59:04 INFO  Progress (1): 1.6/3.2 MB[0m
2026.05.22 14:59:04 INFO  Progress (1): 1.6/3.2 MB[0m
2026.05.22 14:59:04 INFO  Progress (1): 1.6/3.2 MB[0m
2026.05.22 14:59:04 INFO  Progress (1): 1.7/3.2 MB[0m
2026.05.22 14:59:04 INFO  Progress (1): 1.7/3.2 MB[0m
2026.05.22 14:59:04 INFO  Progress (1): 1.7/3.2 MB[0m
2026.05.22 14:59:04 INFO  Progress (1): 1.7/3.2 MB[0m
2026.05.22 14:59:04 INFO  Progress (1): 1.7/3.2 MB[0m
2026.05.22 14:59:04 INFO  Progress (1): 1.7/3.2 MB[0m
2026.05.22 14:59:04 INFO  Progress (1): 1.8/3.2 MB[0m
2026.05.22 14:59:04 INFO  Progress (1): 1.8/3.2 MB[0m
2026.05.22 14:59:04 INFO  Progress (1): 1.8/3.2 MB[0m
2026.05.22 14:59:04 INFO  Progress (1): 1.8/3.2 MB[0m
2026.05.22 14:59:05 INFO  Progress (1): 1.8/3.2 MB[0m
2026.05.22 14:59:05 INFO  Progress (1): 1.8/3.2 MB[0m
2026.05.22 14:59:05 INFO  Progress (1): 1.9/3.2 MB[0m
2026.05.22 14:59:05 INFO  Progress (1): 1.9/3.2 MB[0m
2026.05.22 14:59:05 INFO  Progress (1): 1.9/3.2 MB[0m
2026.05.22 14:59:05 INFO  Progress (1): 1.9/3.2 MB[0m
2026.05.22 14:59:05 INFO  Progress (1): 1.9/3.2 MB[0m
2026.05.22 14:59:05 INFO  Progress (1): 1.9/3.2 MB[0m
2026.05.22 14:59:05 INFO  Progress (1): 2.0/3.2 MB[0m
2026.05.22 14:59:05 INFO  Progress (1): 2.0/3.2 MB[0m
2026.05.22 14:59:05 INFO  Progress (1): 2.0/3.2 MB[0m
2026.05.22 14:59:05 INFO  Progress (1): 2.0/3.2 MB[0m
2026.05.22 14:59:05 INFO  Progress (1): 2.0/3.2 MB[0m
2026.05.22 14:59:05 INFO  Progress (1): 2.0/3.2 MB[0m
2026.05.22 14:59:05 INFO  Progress (1): 2.1/3.2 MB[0m
2026.05.22 14:59:05 INFO  Progress (1): 2.1/3.2 MB[0m
2026.05.22 14:59:05 INFO  Progress (1): 2.1/3.2 MB[0m
2026.05.22 14:59:05 INFO  Progress (1): 2.1/3.2 MB[0m
2026.05.22 14:59:05 INFO  Progress (1): 2.1/3.2 MB[0m
2026.05.22 14:59:05 INFO  Progress (1): 2.1/3.2 MB[0m
2026.05.22 14:59:05 INFO  Progress (1): 2.2/3.2 MB[0m
2026.05.22 14:59:05 INFO  Progress (1): 2.2/3.2 MB[0m
2026.05.22 14:59:05 INFO  Progress (1): 2.2/3.2 MB[0m
2026.05.22 14:59:05 INFO  Progress (1): 2.2/3.2 MB[0m
2026.05.22 14:59:05 INFO  Progress (1): 2.2/3.2 MB[0m
2026.05.22 14:59:05 INFO  Progress (1): 2.2/3.2 MB[0m
2026.05.22 14:59:05 INFO  Progress (1): 2.3/3.2 MB[0m
2026.05.22 14:59:05 INFO  Progress (1): 2.3/3.2 MB[0m
2026.05.22 14:59:05 INFO  Progress (1): 2.3/3.2 MB[0m
2026.05.22 14:59:05 INFO  Progress (1): 2.3/3.2 MB[0m
2026.05.22 14:59:05 INFO  Progress (1): 2.3/3.2 MB[0m
2026.05.22 14:59:05 INFO  Progress (1): 2.3/3.2 MB[0m
2026.05.22 14:59:05 INFO  Progress (1): 2.4/3.2 MB[0m
2026.05.22 14:59:05 INFO  Progress (1): 2.4/3.2 MB[0m
2026.05.22 14:59:05 INFO  Progress (1): 2.4/3.2 MB[0m
2026.05.22 14:59:05 INFO  Progress (1): 2.4/3.2 MB[0m
2026.05.22 14:59:05 INFO  Progress (1): 2.4/3.2 MB[0m
2026.05.22 14:59:05 INFO  Progress (1): 2.4/3.2 MB[0m
2026.05.22 14:59:05 INFO  Progress (1): 2.4/3.2 MB[0m
2026.05.22 14:59:05 INFO  Progress (1): 2.5/3.2 MB[0m
2026.05.22 14:59:05 INFO  Progress (1): 2.5/3.2 MB[0m
2026.05.22 14:59:05 INFO  Progress (1): 2.5/3.2 MB[0m
2026.05.22 14:59:05 INFO  Progress (1): 2.5/3.2 MB[0m
2026.05.22 14:59:05 INFO  Progress (1): 2.5/3.2 MB[0m
2026.05.22 14:59:05 INFO  Progress (1): 2.5/3.2 MB[0m
2026.05.22 14:59:05 INFO  Progress (1): 2.6/3.2 MB[0m
2026.05.22 14:59:05 INFO  Progress (1): 2.6/3.2 MB[0m
2026.05.22 14:59:05 INFO  Progress (1): 2.6/3.2 MB[0m
2026.05.22 14:59:05 INFO  Progress (1): 2.6/3.2 MB[0m
2026.05.22 14:59:05 INFO  Progress (1): 2.6/3.2 MB[0m
2026.05.22 14:59:05 INFO  Progress (1): 2.6/3.2 MB[0m
2026.05.22 14:59:05 INFO  Progress (1): 2.7/3.2 MB[0m
2026.05.22 14:59:05 INFO  Progress (1): 2.7/3.2 MB[0m
2026.05.22 14:59:05 INFO  Progress (1): 2.7/3.2 MB[0m
2026.05.22 14:59:05 INFO  Progress (1): 2.7/3.2 MB[0m
2026.05.22 14:59:05 INFO  Progress (1): 2.7/3.2 MB[0m
2026.05.22 14:59:05 INFO  Progress (1): 2.7/3.2 MB[0m
2026.05.22 14:59:05 INFO  Progress (1): 2.8/3.2 MB[0m
2026.05.22 14:59:05 INFO  Progress (1): 2.8/3.2 MB[0m
2026.05.22 14:59:05 INFO  Progress (1): 2.8/3.2 MB[0m
2026.05.22 14:59:05 INFO  Progress (1): 2.8/3.2 MB[0m
2026.05.22 14:59:05 INFO  Progress (1): 2.8/3.2 MB[0m
2026.05.22 14:59:05 INFO  Progress (1): 2.8/3.2 MB[0m
2026.05.22 14:59:05 INFO  Progress (1): 2.9/3.2 MB[0m
2026.05.22 14:59:05 INFO  Progress (1): 2.9/3.2 MB[0m
2026.05.22 14:59:05 INFO  Progress (1): 2.9/3.2 MB[0m
2026.05.22 14:59:05 INFO  Progress (1): 2.9/3.2 MB[0m
2026.05.22 14:59:05 INFO  Progress (1): 2.9/3.2 MB[0m
2026.05.22 14:59:05 INFO  Progress (1): 2.9/3.2 MB[0m
2026.05.22 14:59:05 INFO  Progress (1): 3.0/3.2 MB[0m
2026.05.22 14:59:05 INFO  Progress (1): 3.0/3.2 MB[0m
2026.05.22 14:59:05 INFO  Progress (1): 3.0/3.2 MB[0m
2026.05.22 14:59:05 INFO  Progress (1): 3.0/3.2 MB[0m
2026.05.22 14:59:05 INFO  Progress (1): 3.0/3.2 MB[0m
2026.05.22 14:59:05 INFO  Progress (1): 3.0/3.2 MB[0m
2026.05.22 14:59:05 INFO  Progress (1): 3.1/3.2 MB[0m
2026.05.22 14:59:05 INFO  Progress (1): 3.1/3.2 MB[0m
2026.05.22 14:59:05 INFO  Progress (1): 3.1/3.2 MB[0m
2026.05.22 14:59:05 INFO  Progress (1): 3.1/3.2 MB[0m
2026.05.22 14:59:05 INFO  Progress (1): 3.1/3.2 MB[0m
2026.05.22 14:59:05 INFO  Progress (1): 3.1/3.2 MB[0m
2026.05.22 14:59:05 INFO  Progress (1): 3.2/3.2 MB[0m
2026.05.22 14:59:05 INFO  Progress (1): 3.2/3.2 MB[0m
2026.05.22 14:59:05 INFO  Progress (1): 3.2/3.2 MB[0m
2026.05.22 14:59:05 INFO  Progress (1): 3.2/3.2 MB[0m
2026.05.22 14:59:05 INFO  Progress (1): 3.2/3.2 MB[0m
2026.05.22 14:59:05 INFO  Progress (1): 3.2/3.2 MB[0m
2026.05.22 14:59:05 INFO  Progress (1): 3.2 MB    [0m
2026.05.22 14:59:05 INFO                      [0m
2026.05.22 14:59:05 INFO  Downloaded from central: https://repo.maven.apache.org/maven2/org/apache/kafka/kafka-clients/3.7.0/kafka-clients-3.7.0-sources.jar (3.2 MB at 2.4 MB/s)[0m
2026.05.22 14:59:05 INFO  [INFO] SUCCESS: org.apache.kafka:kafka-clients:jar:3.7.0:compile (sources = true)[0m
2026.05.22 14:59:05 INFO  [INFO] Generated .bloop/weather-station.json[0m
2026.05.22 14:59:05 INFO  [INFO] Resolving artifact: org.slf4j:slf4j-api:jar:1.7.36:runtime (sources = false)[0m
2026.05.22 14:59:05 INFO  [INFO] SUCCESS: org.slf4j:slf4j-api:jar:1.7.36:runtime (sources = false)[0m
2026.05.22 14:59:05 INFO  [INFO] Resolving artifact: org.slf4j:slf4j-api:jar:1.7.36:runtime (sources = true)[0m
2026.05.22 14:59:05 INFO  [INFO] SUCCESS: org.slf4j:slf4j-api:jar:1.7.36:runtime (sources = true)[0m
2026.05.22 14:59:05 INFO  [INFO] Resolving artifact: com.fasterxml.jackson.core:jackson-annotations:jar:2.17.0:compile (sources = false)[0m
2026.05.22 14:59:05 INFO  [INFO] SUCCESS: com.fasterxml.jackson.core:jackson-annotations:jar:2.17.0:compile (sources = false)[0m
2026.05.22 14:59:05 INFO  [INFO] Resolving artifact: com.fasterxml.jackson.core:jackson-annotations:jar:2.17.0:compile (sources = true)[0m
2026.05.22 14:59:05 INFO  [INFO] SUCCESS: com.fasterxml.jackson.core:jackson-annotations:jar:2.17.0:compile (sources = true)[0m
2026.05.22 14:59:05 INFO  [INFO] Resolving artifact: com.fasterxml.jackson.core:jackson-core:jar:2.17.0:compile (sources = false)[0m
2026.05.22 14:59:05 INFO  [INFO] SUCCESS: com.fasterxml.jackson.core:jackson-core:jar:2.17.0:compile (sources = false)[0m
2026.05.22 14:59:05 INFO  [INFO] Resolving artifact: com.fasterxml.jackson.core:jackson-core:jar:2.17.0:compile (sources = true)[0m
2026.05.22 14:59:05 INFO  [INFO] SUCCESS: com.fasterxml.jackson.core:jackson-core:jar:2.17.0:compile (sources = true)[0m
2026.05.22 14:59:05 INFO  [INFO] Resolving artifact: net.bytebuddy:byte-buddy:jar:1.14.9:compile (sources = false)[0m
2026.05.22 14:59:05 INFO  [INFO] SUCCESS: net.bytebuddy:byte-buddy:jar:1.14.9:compile (sources = false)[0m
2026.05.22 14:59:05 INFO  [INFO] Resolving artifact: net.bytebuddy:byte-buddy:jar:1.14.9:compile (sources = true)[0m
2026.05.22 14:59:05 INFO  [INFO] SUCCESS: net.bytebuddy:byte-buddy:jar:1.14.9:compile (sources = true)[0m
2026.05.22 14:59:05 INFO  [INFO] Resolving artifact: org.xerial.snappy:snappy-java:jar:1.1.10.5:runtime (sources = false)[0m
2026.05.22 14:59:05 INFO  [INFO] SUCCESS: org.xerial.snappy:snappy-java:jar:1.1.10.5:runtime (sources = false)[0m
2026.05.22 14:59:05 INFO  [INFO] Resolving artifact: org.xerial.snappy:snappy-java:jar:1.1.10.5:runtime (sources = true)[0m
2026.05.22 14:59:05 INFO  [INFO] SUCCESS: org.xerial.snappy:snappy-java:jar:1.1.10.5:runtime (sources = true)[0m
2026.05.22 14:59:05 INFO  [INFO] Resolving artifact: com.github.luben:zstd-jni:jar:1.5.5-6:runtime (sources = false)[0m
2026.05.22 14:59:05 INFO  [INFO] SUCCESS: com.github.luben:zstd-jni:jar:1.5.5-6:runtime (sources = false)[0m
2026.05.22 14:59:05 INFO  [INFO] Resolving artifact: com.github.luben:zstd-jni:jar:1.5.5-6:runtime (sources = true)[0m
2026.05.22 14:59:05 INFO  [INFO] SUCCESS: com.github.luben:zstd-jni:jar:1.5.5-6:runtime (sources = true)[0m
2026.05.22 14:59:05 INFO  [INFO] Resolving artifact: org.lz4:lz4-java:jar:1.8.0:runtime (sources = false)[0m
2026.05.22 14:59:05 INFO  [INFO] SUCCESS: org.lz4:lz4-java:jar:1.8.0:runtime (sources = false)[0m
2026.05.22 14:59:05 INFO  [INFO] Resolving artifact: org.lz4:lz4-java:jar:1.8.0:runtime (sources = true)[0m
2026.05.22 14:59:05 INFO  [INFO] SUCCESS: org.lz4:lz4-java:jar:1.8.0:runtime (sources = true)[0m
2026.05.22 14:59:05 INFO  [INFO] Resolving artifact: com.fasterxml.jackson.core:jackson-databind:jar:2.17.0:compile (sources = false)[0m
2026.05.22 14:59:05 INFO  [INFO] SUCCESS: com.fasterxml.jackson.core:jackson-databind:jar:2.17.0:compile (sources = false)[0m
2026.05.22 14:59:05 INFO  [INFO] Resolving artifact: com.fasterxml.jackson.core:jackson-databind:jar:2.17.0:compile (sources = true)[0m
2026.05.22 14:59:05 INFO  [INFO] SUCCESS: com.fasterxml.jackson.core:jackson-databind:jar:2.17.0:compile (sources = true)[0m
2026.05.22 14:59:05 INFO  [INFO] Resolving artifact: org.apache.kafka:kafka-clients:jar:3.7.0:compile (sources = false)[0m
2026.05.22 14:59:05 INFO  [INFO] SUCCESS: org.apache.kafka:kafka-clients:jar:3.7.0:compile (sources = false)[0m
2026.05.22 14:59:05 INFO  [INFO] Resolving artifact: org.apache.kafka:kafka-clients:jar:3.7.0:compile (sources = true)[0m
2026.05.22 14:59:05 INFO  [INFO] SUCCESS: org.apache.kafka:kafka-clients:jar:3.7.0:compile (sources = true)[0m
2026.05.22 14:59:05 INFO  [INFO] Generated .bloop/weather-station-test.json[0m
2026.05.22 14:59:05 INFO  [INFO] ------------------------------------------------------------------------[0m
2026.05.22 14:59:05 INFO  [INFO] BUILD SUCCESS[0m
2026.05.22 14:59:05 INFO  [INFO] ------------------------------------------------------------------------[0m
2026.05.22 14:59:05 INFO  [INFO] Total time:  6.142 s[0m
2026.05.22 14:59:05 INFO  [INFO] Finished at: 2026-05-22T14:59:05+03:00[0m
2026.05.22 14:59:05 INFO  [INFO] ------------------------------------------------------------------------[0m
2026.05.22 14:59:05 INFO  time: ran 'mvn bloopInstall' in 9.58s[0m
2026.05.22 14:59:05 INFO  Attempting to connect to the build server...[0m
2026.05.22 14:59:05 INFO  No running Bloop server found, starting one.[0m
2026.05.22 14:59:08 INFO  Starting compilation server[0m
2026.05.22 14:59:10 INFO  tracing is disabled for protocol BSP, to enable tracing of incoming and outgoing JSON messages create an empty file at /Users/habibaelkamary/Desktop/College(new)/DDIA/Labs/final project/Weather-Stations-Monitoring-DDIA-Project/.metals/bsp.trace.json or /Users/habibaelkamary/Library/Caches/org.scalameta.metals/bsp.trace.json[0m
2026.05.22 14:59:11 INFO  no build target found for /Users/habibaelkamary/Desktop/College(new)/DDIA/Labs/final project/Weather-Stations-Monitoring-DDIA-Project/weather-station/src/main/java/com/weather/Weather.java. Using fallback presentation compiler.[0m
2026.05.22 14:59:11 INFO  no build target found for /Users/habibaelkamary/Desktop/College(new)/DDIA/Labs/final project/Weather-Stations-Monitoring-DDIA-Project/weather-station/src/main/java/com/weather/Weather.java. Using fallback presentation compiler.[0m
2026.05.22 14:59:11 INFO  no build target found for /Users/habibaelkamary/Desktop/College(new)/DDIA/Labs/final project/Weather-Stations-Monitoring-DDIA-Project/weather-station/src/main/java/com/weather/Weather.java. Using fallback presentation compiler.[0m
2026.05.22 14:59:11 INFO  time: Connected to build server in 5.58s[0m
2026.05.22 14:59:10 INFO  Connected to Build server: Bloop v2.0.19[0m
2026.05.22 14:59:11 INFO  no build target found for /Users/habibaelkamary/Desktop/College(new)/DDIA/Labs/final project/Weather-Stations-Monitoring-DDIA-Project/weather-station/src/main/java/com/weather/Weather.java. Using fallback presentation compiler.[0m
May 22, 2026 2:59:11 PM org.eclipse.lsp4j.jsonrpc.RemoteEndpoint handleCancellation
WARNING: Unmatched cancel notification for request id 21
2026.05.22 14:59:11 INFO  time: Imported build in 0.15s[0m
May 22, 2026 2:59:15 PM org.eclipse.lsp4j.jsonrpc.RemoteEndpoint handleCancellation
WARNING: Unmatched cancel notification for request id 33
May 22, 2026 2:59:15 PM org.eclipse.lsp4j.jsonrpc.RemoteEndpoint handleCancellation
WARNING: Unmatched cancel notification for request id 34
2026.05.22 14:59:16 INFO  compiling weather-station (6 java sources)[0m
2026.05.22 14:59:17 WARN  Using H2 2.4.240 which is newer than the version Flyway has been verified with. The latest verified version of H2 is 2.3.232.[0m
2026.05.22 14:59:18 WARN  javac exited with exit code 1[0m
2026.05.22 14:59:18 INFO  time: compiled weather-station in 2.55s[0m
2026.05.22 14:59:22 INFO  time: indexed workspace in 10s[0m
May 22, 2026 2:59:22 PM org.eclipse.lsp4j.jsonrpc.RemoteEndpoint handleCancellation
WARNING: Unmatched cancel notification for request id 44
2026.05.22 14:59:22 INFO  compiling weather-station (6 java sources)[0m
2026.05.22 14:59:24 WARN  javac exited with exit code 1[0m
2026.05.22 14:59:24 INFO  time: compiled weather-station in 1.59s[0m
May 22, 2026 2:59:36 PM org.eclipse.lsp4j.jsonrpc.RemoteEndpoint handleCancellation
WARNING: Unmatched cancel notification for request id 64
May 22, 2026 2:59:47 PM org.eclipse.lsp4j.jsonrpc.RemoteEndpoint handleCancellation
WARNING: Unmatched cancel notification for request id 77
May 22, 2026 2:59:47 PM org.eclipse.lsp4j.jsonrpc.RemoteEndpoint handleCancellation
WARNING: Unmatched cancel notification for request id 78
May 22, 2026 2:59:47 PM org.eclipse.lsp4j.jsonrpc.RemoteEndpoint handleCancellation
WARNING: Unmatched cancel notification for request id 79
May 22, 2026 3:00:08 PM org.eclipse.lsp4j.jsonrpc.RemoteEndpoint handleCancellation
WARNING: Unmatched cancel notification for request id 97
May 22, 2026 3:00:09 PM org.eclipse.lsp4j.jsonrpc.RemoteEndpoint handleCancellation
WARNING: Unmatched cancel notification for request id 107
May 22, 2026 3:08:19 PM org.eclipse.lsp4j.jsonrpc.RemoteEndpoint handleCancellation
WARNING: Unmatched cancel notification for request id 126
May 22, 2026 3:08:19 PM org.eclipse.lsp4j.jsonrpc.RemoteEndpoint handleCancellation
WARNING: Unmatched cancel notification for request id 127
May 22, 2026 3:08:19 PM org.eclipse.lsp4j.jsonrpc.RemoteEndpoint handleCancellation
WARNING: Unmatched cancel notification for request id 128
2026.05.22 15:08:32 INFO  compiling weather-station (6 java sources)[0m
2026.05.22 15:08:33 WARN  javac exited with exit code 1[0m
2026.05.22 15:08:33 INFO  time: compiled weather-station in 1.71s[0m
May 22, 2026 3:08:45 PM org.eclipse.lsp4j.jsonrpc.RemoteEndpoint handleCancellation
WARNING: Unmatched cancel notification for request id 182
May 22, 2026 3:08:45 PM org.eclipse.lsp4j.jsonrpc.RemoteEndpoint handleCancellation
WARNING: Unmatched cancel notification for request id 183
May 22, 2026 3:08:45 PM org.eclipse.lsp4j.jsonrpc.RemoteEndpoint handleCancellation
WARNING: Unmatched cancel notification for request id 184
May 22, 2026 3:08:45 PM org.eclipse.lsp4j.jsonrpc.RemoteEndpoint handleCancellation
WARNING: Unmatched cancel notification for request id 187
May 22, 2026 3:08:46 PM org.eclipse.lsp4j.jsonrpc.RemoteEndpoint handleCancellation
WARNING: Unmatched cancel notification for request id 202
May 22, 2026 3:08:48 PM org.eclipse.lsp4j.jsonrpc.RemoteEndpoint handleCancellation
WARNING: Unmatched cancel notification for request id 220
May 22, 2026 3:08:49 PM org.eclipse.lsp4j.jsonrpc.RemoteEndpoint handleCancellation
WARNING: Unmatched cancel notification for request id 221
May 22, 2026 3:09:02 PM org.eclipse.lsp4j.jsonrpc.RemoteEndpoint handleCancellation
WARNING: Unmatched cancel notification for request id 251
May 22, 2026 3:09:02 PM org.eclipse.lsp4j.jsonrpc.RemoteEndpoint handleCancellation
WARNING: Unmatched cancel notification for request id 253
May 22, 2026 3:09:02 PM org.eclipse.lsp4j.jsonrpc.RemoteEndpoint handleCancellation
WARNING: Unmatched cancel notification for request id 264
May 22, 2026 3:09:40 PM org.eclipse.lsp4j.jsonrpc.RemoteEndpoint handleCancellation
WARNING: Unmatched cancel notification for request id 297
May 22, 2026 3:09:40 PM org.eclipse.lsp4j.jsonrpc.RemoteEndpoint handleCancellation
WARNING: Unmatched cancel notification for request id 298
May 22, 2026 3:10:41 PM org.eclipse.lsp4j.jsonrpc.services.GenericEndpoint notify
INFO: Unsupported notification method: $/setTrace
May 22, 2026 3:10:41 PM org.eclipse.lsp4j.jsonrpc.services.GenericEndpoint notify
INFO: Unsupported notification method: $/setTrace
2026.05.22 15:10:44 INFO  Shutting down server[0m
2026.05.22 15:10:44 INFO  Memory monitor stopped[0m
2026.05.22 15:10:44 INFO  shutting down Metals[0m
2026.05.22 15:10:45 INFO  Shut down connection with build server.[0m
2026.05.22 15:10:44 INFO  Exiting server[0m
2026.05.22 15:11:15 INFO  Started: Metals version 1.6.7 in folders '/Users/habibaelkamary/Desktop/College(new)/DDIA/Labs/project/Weather-Stations-Monitoring-DDIA-Project' for client Visual Studio Code 1.120.0.[0m
2026.05.22 15:11:15 INFO  Memory monitor started[0m
2026.05.22 15:11:19 WARN  Using H2 2.4.240 which is newer than the version Flyway has been verified with. The latest verified version of H2 is 2.3.232.[0m
2026.05.22 15:11:19 INFO  no build target found for /Users/habibaelkamary/Desktop/College(new)/DDIA/Labs/project/Weather-Stations-Monitoring-DDIA-Project/weather-station/src/main/java/com/weather/Weather.java. Using fallback presentation compiler.[0m
2026.05.22 15:11:20 INFO  no build target found for /Users/habibaelkamary/Desktop/College(new)/DDIA/Labs/project/Weather-Stations-Monitoring-DDIA-Project/weather-station/src/main/java/com/weather/Weather.java. Using fallback presentation compiler.[0m
2026.05.22 15:11:21 INFO  Attempting to connect to the build server...[0m
2026.05.22 15:11:21 INFO  Found a Bloop server running[0m
2026.05.22 15:11:20 INFO  tracing is disabled for protocol BSP, to enable tracing of incoming and outgoing JSON messages create an empty file at /Users/habibaelkamary/Desktop/College(new)/DDIA/Labs/project/Weather-Stations-Monitoring-DDIA-Project/.metals/bsp.trace.json or /Users/habibaelkamary/Library/Caches/org.scalameta.metals/bsp.trace.json[0m
2026.05.22 15:11:20 INFO  time: Connected to build server in 0.47s[0m
2026.05.22 15:11:21 INFO  Connected to Build server: Bloop v2.0.19[0m
2026.05.22 15:11:21 INFO  time: Imported build in 0.16s[0m
2026.05.22 15:11:22 INFO  no build target found for /Users/habibaelkamary/Desktop/College(new)/DDIA/Labs/project/Weather-Stations-Monitoring-DDIA-Project/weather-station/src/main/java/com/weather/Weather.java. Using fallback presentation compiler.[0m
2026.05.22 15:11:27 WARN  Using H2 2.4.240 which is newer than the version Flyway has been verified with. The latest verified version of H2 is 2.3.232.[0m
2026.05.22 15:11:27 INFO  time: indexed workspace in 6.05s[0m
2026.05.22 15:11:27 WARN  no build target for: /Users/habibaelkamary/Desktop/College(new)/DDIA/Labs/project/Weather-Stations-Monitoring-DDIA-Project/weather-station/src/main/java/com/weather/Weather.java[0m
2026.05.22 15:11:28 INFO  no build target found for /Users/habibaelkamary/Desktop/College(new)/DDIA/Labs/project/Weather-Stations-Monitoring-DDIA-Project/weather-station/src/main/java/com/weather/Weather.java. Using fallback presentation compiler.[0m
2026.05.22 15:11:28 WARN  no build target for: /Users/habibaelkamary/Desktop/College(new)/DDIA/Labs/project/Weather-Stations-Monitoring-DDIA-Project/weather-station/src/main/java/com/weather/Weather.java[0m
2026.05.22 15:11:28 INFO  no build target found for /Users/habibaelkamary/Desktop/College(new)/DDIA/Labs/project/Weather-Stations-Monitoring-DDIA-Project/weather-station/src/main/java/com/weather/Weather.java. Using fallback presentation compiler.[0m
2026.05.22 15:12:39 INFO  no build target found for /Users/habibaelkamary/Desktop/College(new)/DDIA/Labs/project/Weather-Stations-Monitoring-DDIA-Project/weather-station/src/main/java/com/weather/Weather.java. Using fallback presentation compiler.[0m
2026.05.22 15:12:53 INFO  no build target found for /Users/habibaelkamary/Desktop/College(new)/DDIA/Labs/project/Weather-Stations-Monitoring-DDIA-Project/weather-station/src/main/java/com/weather/Weather.java. Using fallback presentation compiler.[0m
May 22, 2026 3:17:08 PM org.eclipse.lsp4j.jsonrpc.services.GenericEndpoint notify
INFO: Unsupported notification method: $/setTrace
May 22, 2026 3:17:09 PM org.eclipse.lsp4j.jsonrpc.services.GenericEndpoint notify
INFO: Unsupported notification method: $/setTrace
May 22, 2026 3:17:12 PM org.eclipse.lsp4j.jsonrpc.services.GenericEndpoint notify
INFO: Unsupported notification method: $/setTrace
2026.05.22 15:21:38 INFO  no build target found for /Users/habibaelkamary/Desktop/College(new)/DDIA/Labs/project/Weather-Stations-Monitoring-DDIA-Project/weather-station/src/main/java/com/weather/centralstation/Consumer.java. Using fallback presentation compiler.[0m
2026.05.22 15:21:38 WARN  no build target for: /Users/habibaelkamary/Desktop/College(new)/DDIA/Labs/project/Weather-Stations-Monitoring-DDIA-Project/weather-station/src/main/java/com/weather/centralstation/Consumer.java[0m
2026.05.22 15:21:39 INFO  no build target found for /Users/habibaelkamary/Desktop/College(new)/DDIA/Labs/project/Weather-Stations-Monitoring-DDIA-Project/weather-station/src/main/java/com/weather/centralstation/Consumer.java. Using fallback presentation compiler.[0m
May 22, 2026 3:21:39 PM org.eclipse.lsp4j.jsonrpc.RemoteEndpoint handleCancellation
WARNING: Unmatched cancel notification for request id 19
2026.05.22 15:21:38 INFO  no build target found for /Users/habibaelkamary/Desktop/College(new)/DDIA/Labs/project/Weather-Stations-Monitoring-DDIA-Project/weather-station/src/main/java/com/weather/centralstation/Consumer.java. Using fallback presentation compiler.[0m
May 22, 2026 3:21:39 PM org.eclipse.lsp4j.jsonrpc.RemoteEndpoint handleCancellation
WARNING: Unmatched cancel notification for request id 22
May 22, 2026 3:21:39 PM org.eclipse.lsp4j.jsonrpc.RemoteEndpoint handleCancellation
WARNING: Unmatched cancel notification for request id 23
2026.05.22 15:21:38 INFO  no build target found for /Users/habibaelkamary/Desktop/College(new)/DDIA/Labs/project/Weather-Stations-Monitoring-DDIA-Project/weather-station/src/main/java/com/weather/centralstation/Consumer.java. Using fallback presentation compiler.[0m
2026.05.22 15:21:38 INFO  no build target found for /Users/habibaelkamary/Desktop/College(new)/DDIA/Labs/project/Weather-Stations-Monitoring-DDIA-Project/weather-station/src/main/java/com/weather/centralstation/Consumer.java. Using fallback presentation compiler.[0m
2026.05.22 15:21:40 INFO  no build target found for /Users/habibaelkamary/Desktop/College(new)/DDIA/Labs/project/Weather-Stations-Monitoring-DDIA-Project/weather-station/src/main/java/com/weather/centralstation/Consumer.java. Using fallback presentation compiler.[0m
2026.05.22 15:21:42 INFO  no build target found for /Users/habibaelkamary/Desktop/College(new)/DDIA/Labs/project/Weather-Stations-Monitoring-DDIA-Project/weather-station/src/main/java/com/weather/centralstation/Consumer.java. Using fallback presentation compiler.[0m
2026.05.22 15:21:45 INFO  no build target found for /Users/habibaelkamary/Desktop/College(new)/DDIA/Labs/project/Weather-Stations-Monitoring-DDIA-Project/weather-station/src/main/java/com/weather/centralstation/Consumer.java. Using fallback presentation compiler.[0m
2026.05.22 15:22:19 INFO  no build target found for /Users/habibaelkamary/Desktop/College(new)/DDIA/Labs/project/Weather-Stations-Monitoring-DDIA-Project/weather-station/src/main/java/com/weather/centralstation/Consumer.java. Using fallback presentation compiler.[0m
2026.05.22 15:23:45 INFO  no build target found for /Users/habibaelkamary/Desktop/College(new)/DDIA/Labs/project/Weather-Stations-Monitoring-DDIA-Project/weather-station/src/main/java/com/weather/centralstation/Consumer.java. Using fallback presentation compiler.[0m
2026.05.22 15:23:45 INFO  no build target found for /Users/habibaelkamary/Desktop/College(new)/DDIA/Labs/project/Weather-Stations-Monitoring-DDIA-Project/weather-station/src/main/java/com/weather/Weather.java. Using fallback presentation compiler.[0m
2026.05.22 15:23:45 WARN  no build target for: /Users/habibaelkamary/Desktop/College(new)/DDIA/Labs/project/Weather-Stations-Monitoring-DDIA-Project/weather-station/src/main/java/com/weather/Weather.java[0m
2026.05.22 15:23:45 INFO  no build target found for /Users/habibaelkamary/Desktop/College(new)/DDIA/Labs/project/Weather-Stations-Monitoring-DDIA-Project/weather-station/src/main/java/com/weather/Weather.java. Using fallback presentation compiler.[0m
May 22, 2026 3:23:45 PM org.eclipse.lsp4j.jsonrpc.RemoteEndpoint handleCancellation
WARNING: Unmatched cancel notification for request id 42
2026.05.22 15:23:45 INFO  no build target found for /Users/habibaelkamary/Desktop/College(new)/DDIA/Labs/project/Weather-Stations-Monitoring-DDIA-Project/weather-station/src/main/java/com/weather/Weather.java. Using fallback presentation compiler.[0m
2026.05.22 15:23:46 INFO  no build target found for /Users/habibaelkamary/Desktop/College(new)/DDIA/Labs/project/Weather-Stations-Monitoring-DDIA-Project/weather-station/src/main/java/com/weather/Weather.java. Using fallback presentation compiler.[0m
2026.05.22 15:23:49 INFO  no build target found for /Users/habibaelkamary/Desktop/College(new)/DDIA/Labs/project/Weather-Stations-Monitoring-DDIA-Project/weather-station/src/main/java/com/weather/Weather.java. Using fallback presentation compiler.[0m
2026.05.22 15:24:37 INFO  no build target found for /Users/habibaelkamary/Desktop/College(new)/DDIA/Labs/project/Weather-Stations-Monitoring-DDIA-Project/weather-station/src/main/java/com/weather/Weather.java. Using fallback presentation compiler.[0m
2026.05.22 15:24:37 INFO  no build target found for /Users/habibaelkamary/Desktop/College(new)/DDIA/Labs/project/Weather-Stations-Monitoring-DDIA-Project/weather-station/src/main/java/com/weather/stations/WeatherStation.java. Using fallback presentation compiler.[0m
2026.05.22 15:24:37 WARN  no build target for: /Users/habibaelkamary/Desktop/College(new)/DDIA/Labs/project/Weather-Stations-Monitoring-DDIA-Project/weather-station/src/main/java/com/weather/stations/WeatherStation.java[0m
2026.05.22 15:24:37 INFO  no build target found for /Users/habibaelkamary/Desktop/College(new)/DDIA/Labs/project/Weather-Stations-Monitoring-DDIA-Project/weather-station/src/main/java/com/weather/stations/WeatherStation.java. Using fallback presentation compiler.[0m
2026.05.22 15:24:37 INFO  no build target found for /Users/habibaelkamary/Desktop/College(new)/DDIA/Labs/project/Weather-Stations-Monitoring-DDIA-Project/weather-station/src/main/java/com/weather/stations/WeatherStation.java. Using fallback presentation compiler.[0m
May 22, 2026 3:24:37 PM org.eclipse.lsp4j.jsonrpc.RemoteEndpoint handleCancellation
WARNING: Unmatched cancel notification for request id 54
May 22, 2026 3:24:37 PM org.eclipse.lsp4j.jsonrpc.RemoteEndpoint handleCancellation
WARNING: Unmatched cancel notification for request id 57
May 22, 2026 3:24:37 PM org.eclipse.lsp4j.jsonrpc.RemoteEndpoint handleCancellation
WARNING: Unmatched cancel notification for request id 58
2026.05.22 15:24:37 INFO  no build target found for /Users/habibaelkamary/Desktop/College(new)/DDIA/Labs/project/Weather-Stations-Monitoring-DDIA-Project/weather-station/src/main/java/com/weather/stations/WeatherStation.java. Using fallback presentation compiler.[0m
2026.05.22 15:24:38 INFO  no build target found for /Users/habibaelkamary/Desktop/College(new)/DDIA/Labs/project/Weather-Stations-Monitoring-DDIA-Project/weather-station/src/main/java/com/weather/stations/WeatherStation.java. Using fallback presentation compiler.[0m
2026.05.22 15:24:38 INFO  no build target found for /Users/habibaelkamary/Desktop/College(new)/DDIA/Labs/project/Weather-Stations-Monitoring-DDIA-Project/weather-station/src/main/java/com/weather/stations/WeatherStation.java. Using fallback presentation compiler.[0m
2026.05.22 15:24:44 INFO  no build target found for /Users/habibaelkamary/Desktop/College(new)/DDIA/Labs/project/Weather-Stations-Monitoring-DDIA-Project/weather-station/src/main/java/com/weather/stations/WeatherStation.java. Using fallback presentation compiler.[0m
2026.05.22 15:24:44 INFO  no build target found for /Users/habibaelkamary/Desktop/College(new)/DDIA/Labs/project/Weather-Stations-Monitoring-DDIA-Project/weather-station/src/main/java/com/weather/stations/WeatherStation.java. Using fallback presentation compiler.[0m
2026.05.22 15:24:44 INFO  no build target found for /Users/habibaelkamary/Desktop/College(new)/DDIA/Labs/project/Weather-Stations-Monitoring-DDIA-Project/weather-station/src/main/java/com/weather/stations/WeatherStation.java. Using fallback presentation compiler.[0m
2026.05.22 15:24:44 INFO  no build target found for /Users/habibaelkamary/Desktop/College(new)/DDIA/Labs/project/Weather-Stations-Monitoring-DDIA-Project/weather-station/src/main/java/com/weather/stations/WeatherStation.java. Using fallback presentation compiler.[0m
2026.05.22 15:24:53 INFO  no build target found for /Users/habibaelkamary/Desktop/College(new)/DDIA/Labs/project/Weather-Stations-Monitoring-DDIA-Project/weather-station/src/main/java/com/weather/stations/WeatherStation.java. Using fallback presentation compiler.[0m
2026.05.22 15:24:54 INFO  no build target found for /Users/habibaelkamary/Desktop/College(new)/DDIA/Labs/project/Weather-Stations-Monitoring-DDIA-Project/weather-station/src/main/java/com/weather/stations/WeatherStation.java. Using fallback presentation compiler.[0m
May 22, 2026 3:24:55 PM org.eclipse.lsp4j.jsonrpc.RemoteEndpoint handleCancellation
WARNING: Unmatched cancel notification for request id 98
2026.05.22 15:38:06 INFO  no build target found for /Users/habibaelkamary/Desktop/College(new)/DDIA/Labs/project/Weather-Stations-Monitoring-DDIA-Project/weather-station/src/main/java/com/weather/stations/WeatherStation.java. Using fallback presentation compiler.[0m
2026.05.22 15:38:06 INFO  no build target found for /Users/habibaelkamary/Desktop/College(new)/DDIA/Labs/project/Weather-Stations-Monitoring-DDIA-Project/weather-station/src/main/java/com/weather/centralstation/Consumer.java. Using fallback presentation compiler.[0m
2026.05.22 15:38:06 WARN  no build target for: /Users/habibaelkamary/Desktop/College(new)/DDIA/Labs/project/Weather-Stations-Monitoring-DDIA-Project/weather-station/src/main/java/com/weather/centralstation/Consumer.java[0m
2026.05.22 15:38:06 INFO  no build target found for /Users/habibaelkamary/Desktop/College(new)/DDIA/Labs/project/Weather-Stations-Monitoring-DDIA-Project/weather-station/src/main/java/com/weather/centralstation/Consumer.java. Using fallback presentation compiler.[0m
May 22, 2026 3:38:06 PM org.eclipse.lsp4j.jsonrpc.RemoteEndpoint handleCancellation
WARNING: Unmatched cancel notification for request id 109
2026.05.22 15:38:06 INFO  no build target found for /Users/habibaelkamary/Desktop/College(new)/DDIA/Labs/project/Weather-Stations-Monitoring-DDIA-Project/weather-station/src/main/java/com/weather/centralstation/Consumer.java. Using fallback presentation compiler.[0m
2026.05.22 15:38:06 INFO  no build target found for /Users/habibaelkamary/Desktop/College(new)/DDIA/Labs/project/Weather-Stations-Monitoring-DDIA-Project/weather-station/src/main/java/com/weather/centralstation/Consumer.java. Using fallback presentation compiler.[0m
2026.05.22 15:38:06 INFO  no build target found for /Users/habibaelkamary/Desktop/College(new)/DDIA/Labs/project/Weather-Stations-Monitoring-DDIA-Project/weather-station/src/main/java/com/weather/centralstation/Consumer.java. Using fallback presentation compiler.[0m
2026.05.22 15:38:07 INFO  no build target found for /Users/habibaelkamary/Desktop/College(new)/DDIA/Labs/project/Weather-Stations-Monitoring-DDIA-Project/weather-station/src/main/java/com/weather/centralstation/Consumer.java. Using fallback presentation compiler.[0m
2026.05.22 15:38:14 INFO  no build target found for /Users/habibaelkamary/Desktop/College(new)/DDIA/Labs/project/Weather-Stations-Monitoring-DDIA-Project/weather-station/src/main/java/com/weather/centralstation/Consumer.java. Using fallback presentation compiler.[0m
2026.05.22 15:38:14 INFO  no build target found for /Users/habibaelkamary/Desktop/College(new)/DDIA/Labs/project/Weather-Stations-Monitoring-DDIA-Project/weather-station/src/main/java/com/weather/centralstation/Consumer.java. Using fallback presentation compiler.[0m
May 22, 2026 3:38:15 PM org.eclipse.lsp4j.jsonrpc.RemoteEndpoint handleCancellation
WARNING: Unmatched cancel notification for request id 137
2026.05.22 15:38:15 INFO  no build target found for /Users/habibaelkamary/Desktop/College(new)/DDIA/Labs/project/Weather-Stations-Monitoring-DDIA-Project/weather-station/src/main/java/com/weather/centralstation/Consumer.java. Using fallback presentation compiler.[0m
2026.05.22 15:38:18 INFO  no build target found for /Users/habibaelkamary/Desktop/College(new)/DDIA/Labs/project/Weather-Stations-Monitoring-DDIA-Project/weather-station/src/main/java/com/weather/centralstation/Consumer.java. Using fallback presentation compiler.[0m
2026.05.22 15:38:18 INFO  no build target found for /Users/habibaelkamary/Desktop/College(new)/DDIA/Labs/project/Weather-Stations-Monitoring-DDIA-Project/weather-station/src/main/java/com/weather/centralstation/Consumer.java. Using fallback presentation compiler.[0m
2026.05.22 15:38:19 INFO  no build target found for /Users/habibaelkamary/Desktop/College(new)/DDIA/Labs/project/Weather-Stations-Monitoring-DDIA-Project/weather-station/src/main/java/com/weather/centralstation/Consumer.java. Using fallback presentation compiler.[0m
2026.05.22 15:38:19 INFO  no build target found for /Users/habibaelkamary/Desktop/College(new)/DDIA/Labs/project/Weather-Stations-Monitoring-DDIA-Project/weather-station/src/main/java/com/weather/centralstation/Consumer.java. Using fallback presentation compiler.[0m
2026.05.22 15:38:19 INFO  no build target found for /Users/habibaelkamary/Desktop/College(new)/DDIA/Labs/project/Weather-Stations-Monitoring-DDIA-Project/weather-station/src/main/java/com/weather/centralstation/Consumer.java. Using fallback presentation compiler.[0m
2026.05.22 15:38:19 INFO  no build target found for /Users/habibaelkamary/Desktop/College(new)/DDIA/Labs/project/Weather-Stations-Monitoring-DDIA-Project/weather-station/src/main/java/com/weather/centralstation/Consumer.java. Using fallback presentation compiler.[0m
2026.05.22 15:38:20 INFO  no build target found for /Users/habibaelkamary/Desktop/College(new)/DDIA/Labs/project/Weather-Stations-Monitoring-DDIA-Project/weather-station/src/main/java/com/weather/centralstation/Consumer.java. Using fallback presentation compiler.[0m
May 22, 2026 3:38:20 PM org.eclipse.lsp4j.jsonrpc.RemoteEndpoint handleCancellation
WARNING: Unmatched cancel notification for request id 149
2026.05.22 15:38:19 INFO  no build target found for /Users/habibaelkamary/Desktop/College(new)/DDIA/Labs/project/Weather-Stations-Monitoring-DDIA-Project/weather-station/src/main/java/com/weather/centralstation/Consumer.java. Using fallback presentation compiler.[0m
2026.05.22 15:38:19 INFO  no build target found for /Users/habibaelkamary/Desktop/College(new)/DDIA/Labs/project/Weather-Stations-Monitoring-DDIA-Project/weather-station/src/main/java/com/weather/centralstation/Consumer.java. Using fallback presentation compiler.[0m
2026.05.22 15:38:19 INFO  no build target found for /Users/habibaelkamary/Desktop/College(new)/DDIA/Labs/project/Weather-Stations-Monitoring-DDIA-Project/weather-station/src/main/java/com/weather/centralstation/Consumer.java. Using fallback presentation compiler.[0m
May 22, 2026 3:38:21 PM org.eclipse.lsp4j.jsonrpc.RemoteEndpoint handleCancellation
WARNING: Unmatched cancel notification for request id 153
2026.05.22 15:38:21 INFO  no build target found for /Users/habibaelkamary/Desktop/College(new)/DDIA/Labs/project/Weather-Stations-Monitoring-DDIA-Project/weather-station/src/main/java/com/weather/centralstation/Consumer.java. Using fallback presentation compiler.[0m
2026.05.22 15:38:21 INFO  no build target found for /Users/habibaelkamary/Desktop/College(new)/DDIA/Labs/project/Weather-Stations-Monitoring-DDIA-Project/weather-station/src/main/java/com/weather/centralstation/Consumer.java. Using fallback presentation compiler.[0m
May 22, 2026 3:38:21 PM org.eclipse.lsp4j.jsonrpc.RemoteEndpoint handleCancellation
WARNING: Unmatched cancel notification for request id 156
May 22, 2026 3:38:21 PM org.eclipse.lsp4j.jsonrpc.RemoteEndpoint handleCancellation
WARNING: Unmatched cancel notification for request id 159
2026.05.22 15:38:21 INFO  no build target found for /Users/habibaelkamary/Desktop/College(new)/DDIA/Labs/project/Weather-Stations-Monitoring-DDIA-Project/weather-station/src/main/java/com/weather/centralstation/Consumer.java. Using fallback presentation compiler.[0m
2026.05.22 15:38:21 INFO  no build target found for /Users/habibaelkamary/Desktop/College(new)/DDIA/Labs/project/Weather-Stations-Monitoring-DDIA-Project/weather-station/src/main/java/com/weather/centralstation/Consumer.java. Using fallback presentation compiler.[0m
2026.05.22 15:38:21 INFO  no build target found for /Users/habibaelkamary/Desktop/College(new)/DDIA/Labs/project/Weather-Stations-Monitoring-DDIA-Project/weather-station/src/main/java/com/weather/centralstation/Consumer.java. Using fallback presentation compiler.[0m
2026.05.22 15:38:21 INFO  no build target found for /Users/habibaelkamary/Desktop/College(new)/DDIA/Labs/project/Weather-Stations-Monitoring-DDIA-Project/weather-station/src/main/java/com/weather/centralstation/Consumer.java. Using fallback presentation compiler.[0m
2026.05.22 15:38:21 INFO  no build target found for /Users/habibaelkamary/Desktop/College(new)/DDIA/Labs/project/Weather-Stations-Monitoring-DDIA-Project/weather-station/src/main/java/com/weather/centralstation/Consumer.java. Using fallback presentation compiler.[0m
2026.05.22 15:38:21 INFO  no build target found for /Users/habibaelkamary/Desktop/College(new)/DDIA/Labs/project/Weather-Stations-Monitoring-DDIA-Project/weather-station/src/main/java/com/weather/centralstation/Consumer.java. Using fallback presentation compiler.[0m
2026.05.22 15:38:21 INFO  no build target found for /Users/habibaelkamary/Desktop/College(new)/DDIA/Labs/project/Weather-Stations-Monitoring-DDIA-Project/weather-station/src/main/java/com/weather/centralstation/Consumer.java. Using fallback presentation compiler.[0m
2026.05.22 15:38:22 INFO  time: code lens generation in 1.08s[0m
2026.05.22 15:38:22 INFO  no build target found for /Users/habibaelkamary/Desktop/College(new)/DDIA/Labs/project/Weather-Stations-Monitoring-DDIA-Project/weather-station/src/main/java/com/weather/centralstation/Consumer.java. Using fallback presentation compiler.[0m
2026.05.22 15:38:22 INFO  no build target found for /Users/habibaelkamary/Desktop/College(new)/DDIA/Labs/project/Weather-Stations-Monitoring-DDIA-Project/weather-station/src/main/java/com/weather/centralstation/Consumer.java. Using fallback presentation compiler.[0m
2026.05.22 15:38:22 INFO  no build target found for /Users/habibaelkamary/Desktop/College(new)/DDIA/Labs/project/Weather-Stations-Monitoring-DDIA-Project/weather-station/src/main/java/com/weather/centralstation/Consumer.java. Using fallback presentation compiler.[0m
2026.05.22 15:38:22 INFO  no build target found for /Users/habibaelkamary/Desktop/College(new)/DDIA/Labs/project/Weather-Stations-Monitoring-DDIA-Project/weather-station/src/main/java/com/weather/centralstation/Consumer.java. Using fallback presentation compiler.[0m
2026.05.22 15:38:22 INFO  no build target found for /Users/habibaelkamary/Desktop/College(new)/DDIA/Labs/project/Weather-Stations-Monitoring-DDIA-Project/weather-station/src/main/java/com/weather/centralstation/Consumer.java. Using fallback presentation compiler.[0m
2026.05.22 15:38:22 INFO  no build target found for /Users/habibaelkamary/Desktop/College(new)/DDIA/Labs/project/Weather-Stations-Monitoring-DDIA-Project/weather-station/src/main/java/com/weather/centralstation/Consumer.java. Using fallback presentation compiler.[0m
2026.05.22 15:38:22 INFO  no build target found for /Users/habibaelkamary/Desktop/College(new)/DDIA/Labs/project/Weather-Stations-Monitoring-DDIA-Project/weather-station/src/main/java/com/weather/centralstation/Consumer.java. Using fallback presentation compiler.[0m
2026.05.22 15:38:22 INFO  no build target found for /Users/habibaelkamary/Desktop/College(new)/DDIA/Labs/project/Weather-Stations-Monitoring-DDIA-Project/weather-station/src/main/java/com/weather/centralstation/Consumer.java. Using fallback presentation compiler.[0m
2026.05.22 15:38:23 INFO  no build target found for /Users/habibaelkamary/Desktop/College(new)/DDIA/Labs/project/Weather-Stations-Monitoring-DDIA-Project/weather-station/src/main/java/com/weather/centralstation/Consumer.java. Using fallback presentation compiler.[0m
2026.05.22 15:38:23 INFO  no build target found for /Users/habibaelkamary/Desktop/College(new)/DDIA/Labs/project/Weather-Stations-Monitoring-DDIA-Project/weather-station/src/main/java/com/weather/centralstation/Consumer.java. Using fallback presentation compiler.[0m
2026.05.22 15:38:23 INFO  no build target found for /Users/habibaelkamary/Desktop/College(new)/DDIA/Labs/project/Weather-Stations-Monitoring-DDIA-Project/weather-station/src/main/java/com/weather/centralstation/Consumer.java. Using fallback presentation compiler.[0m
2026.05.22 15:38:23 INFO  no build target found for /Users/habibaelkamary/Desktop/College(new)/DDIA/Labs/project/Weather-Stations-Monitoring-DDIA-Project/weather-station/src/main/java/com/weather/centralstation/Consumer.java. Using fallback presentation compiler.[0m
2026.05.22 15:38:23 INFO  no build target found for /Users/habibaelkamary/Desktop/College(new)/DDIA/Labs/project/Weather-Stations-Monitoring-DDIA-Project/weather-station/src/main/java/com/weather/centralstation/Consumer.java. Using fallback presentation compiler.[0m
2026.05.22 15:38:24 INFO  no build target found for /Users/habibaelkamary/Desktop/College(new)/DDIA/Labs/project/Weather-Stations-Monitoring-DDIA-Project/weather-station/src/main/java/com/weather/centralstation/Consumer.java. Using fallback presentation compiler.[0m
2026.05.22 15:38:25 INFO  no build target found for /Users/habibaelkamary/Desktop/College(new)/DDIA/Labs/project/Weather-Stations-Monitoring-DDIA-Project/weather-station/src/main/java/com/weather/centralstation/Consumer.java. Using fallback presentation compiler.[0m
2026.05.22 15:38:26 INFO  no build target found for /Users/habibaelkamary/Desktop/College(new)/DDIA/Labs/project/Weather-Stations-Monitoring-DDIA-Project/weather-station/src/main/java/com/weather/centralstation/Consumer.java. Using fallback presentation compiler.[0m
2026.05.22 15:38:28 INFO  no build target found for /Users/habibaelkamary/Desktop/College(new)/DDIA/Labs/project/Weather-Stations-Monitoring-DDIA-Project/weather-station/src/main/java/com/weather/centralstation/Consumer.java. Using fallback presentation compiler.[0m
2026.05.22 15:38:28 INFO  no build target found for /Users/habibaelkamary/Desktop/College(new)/DDIA/Labs/project/Weather-Stations-Monitoring-DDIA-Project/weather-station/src/main/java/com/weather/centralstation/Consumer.java. Using fallback presentation compiler.[0m
2026.05.22 15:38:28 INFO  no build target found for /Users/habibaelkamary/Desktop/College(new)/DDIA/Labs/project/Weather-Stations-Monitoring-DDIA-Project/weather-station/src/main/java/com/weather/centralstation/Consumer.java. Using fallback presentation compiler.[0m
2026.05.22 15:38:33 INFO  no build target found for /Users/habibaelkamary/Desktop/College(new)/DDIA/Labs/project/Weather-Stations-Monitoring-DDIA-Project/weather-station/src/main/java/com/weather/centralstation/Consumer.java. Using fallback presentation compiler.[0m
2026.05.22 15:38:33 INFO  no build target found for /Users/habibaelkamary/Desktop/College(new)/DDIA/Labs/project/Weather-Stations-Monitoring-DDIA-Project/weather-station/src/main/java/com/weather/centralstation/Consumer.java. Using fallback presentation compiler.[0m
2026.05.22 15:38:34 INFO  no build target found for /Users/habibaelkamary/Desktop/College(new)/DDIA/Labs/project/Weather-Stations-Monitoring-DDIA-Project/weather-station/src/main/java/com/weather/centralstation/Consumer.java. Using fallback presentation compiler.[0m
May 22, 2026 3:38:35 PM org.eclipse.lsp4j.jsonrpc.RemoteEndpoint handleCancellation
WARNING: Unmatched cancel notification for request id 211
2026.05.22 15:38:35 INFO  no build target found for /Users/habibaelkamary/Desktop/College(new)/DDIA/Labs/project/Weather-Stations-Monitoring-DDIA-Project/weather-station/src/main/java/com/weather/centralstation/Consumer.java. Using fallback presentation compiler.[0m
2026.05.22 15:38:35 INFO  no build target found for /Users/habibaelkamary/Desktop/College(new)/DDIA/Labs/project/Weather-Stations-Monitoring-DDIA-Project/weather-station/src/main/java/com/weather/centralstation/Consumer.java. Using fallback presentation compiler.[0m
May 22, 2026 3:38:36 PM org.eclipse.lsp4j.jsonrpc.RemoteEndpoint handleCancellation
WARNING: Unmatched cancel notification for request id 212
2026.05.22 15:38:37 INFO  no build target found for /Users/habibaelkamary/Desktop/College(new)/DDIA/Labs/project/Weather-Stations-Monitoring-DDIA-Project/weather-station/src/main/java/com/weather/centralstation/Consumer.java. Using fallback presentation compiler.[0m
2026.05.22 15:38:38 INFO  no build target found for /Users/habibaelkamary/Desktop/College(new)/DDIA/Labs/project/Weather-Stations-Monitoring-DDIA-Project/weather-station/src/main/java/com/weather/centralstation/Consumer.java. Using fallback presentation compiler.[0m
2026.05.22 15:38:38 INFO  no build target found for /Users/habibaelkamary/Desktop/College(new)/DDIA/Labs/project/Weather-Stations-Monitoring-DDIA-Project/weather-station/src/main/java/com/weather/centralstation/Consumer.java. Using fallback presentation compiler.[0m
2026.05.22 15:38:40 INFO  no build target found for /Users/habibaelkamary/Desktop/College(new)/DDIA/Labs/project/Weather-Stations-Monitoring-DDIA-Project/weather-station/src/main/java/com/weather/centralstation/Consumer.java. Using fallback presentation compiler.[0m
2026.05.22 15:38:42 INFO  no build target found for /Users/habibaelkamary/Desktop/College(new)/DDIA/Labs/project/Weather-Stations-Monitoring-DDIA-Project/weather-station/src/main/java/com/weather/centralstation/Consumer.java. Using fallback presentation compiler.[0m
2026.05.22 15:38:42 INFO  no build target found for /Users/habibaelkamary/Desktop/College(new)/DDIA/Labs/project/Weather-Stations-Monitoring-DDIA-Project/weather-station/src/main/java/com/weather/centralstation/Consumer.java. Using fallback presentation compiler.[0m
2026.05.22 15:38:42 INFO  no build target found for /Users/habibaelkamary/Desktop/College(new)/DDIA/Labs/project/Weather-Stations-Monitoring-DDIA-Project/weather-station/src/main/java/com/weather/centralstation/Consumer.java. Using fallback presentation compiler.[0m
2026.05.22 15:38:42 INFO  no build target found for /Users/habibaelkamary/Desktop/College(new)/DDIA/Labs/project/Weather-Stations-Monitoring-DDIA-Project/weather-station/src/main/java/com/weather/centralstation/Consumer.java. Using fallback presentation compiler.[0m
2026.05.22 15:38:42 INFO  no build target found for /Users/habibaelkamary/Desktop/College(new)/DDIA/Labs/project/Weather-Stations-Monitoring-DDIA-Project/weather-station/src/main/java/com/weather/centralstation/Consumer.java. Using fallback presentation compiler.[0m
2026.05.22 15:38:42 INFO  no build target found for /Users/habibaelkamary/Desktop/College(new)/DDIA/Labs/project/Weather-Stations-Monitoring-DDIA-Project/weather-station/src/main/java/com/weather/centralstation/Consumer.java. Using fallback presentation compiler.[0m
2026.05.22 15:38:42 INFO  no build target found for /Users/habibaelkamary/Desktop/College(new)/DDIA/Labs/project/Weather-Stations-Monitoring-DDIA-Project/weather-station/src/main/java/com/weather/centralstation/Consumer.java. Using fallback presentation compiler.[0m
2026.05.22 15:38:42 WARN  no build target for: /Users/habibaelkamary/Desktop/College(new)/DDIA/Labs/project/Weather-Stations-Monitoring-DDIA-Project/weather-station/src/main/java/com/weather/centralstation/Consumer.java[0m
2026.05.22 15:38:42 INFO  no build target found for /Users/habibaelkamary/Desktop/College(new)/DDIA/Labs/project/Weather-Stations-Monitoring-DDIA-Project/weather-station/src/main/java/com/weather/centralstation/Consumer.java. Using fallback presentation compiler.[0m
2026.05.22 15:38:43 INFO  no build target found for /Users/habibaelkamary/Desktop/College(new)/DDIA/Labs/project/Weather-Stations-Monitoring-DDIA-Project/weather-station/src/main/java/com/weather/centralstation/Consumer.java. Using fallback presentation compiler.[0m
2026.05.22 15:38:44 INFO  no build target found for /Users/habibaelkamary/Desktop/College(new)/DDIA/Labs/project/Weather-Stations-Monitoring-DDIA-Project/weather-station/src/main/java/com/weather/centralstation/Consumer.java. Using fallback presentation compiler.[0m
2026.05.22 15:38:44 INFO  no build target found for /Users/habibaelkamary/Desktop/College(new)/DDIA/Labs/project/Weather-Stations-Monitoring-DDIA-Project/weather-station/src/main/java/com/weather/centralstation/Consumer.java. Using fallback presentation compiler.[0m
2026.05.22 15:38:44 INFO  no build target found for /Users/habibaelkamary/Desktop/College(new)/DDIA/Labs/project/Weather-Stations-Monitoring-DDIA-Project/weather-station/src/main/java/com/weather/centralstation/Consumer.java. Using fallback presentation compiler.[0m
2026.05.22 15:38:44 INFO  no build target found for /Users/habibaelkamary/Desktop/College(new)/DDIA/Labs/project/Weather-Stations-Monitoring-DDIA-Project/weather-station/src/main/java/com/weather/centralstation/Consumer.java. Using fallback presentation compiler.[0m
2026.05.22 15:38:45 INFO  no build target found for /Users/habibaelkamary/Desktop/College(new)/DDIA/Labs/project/Weather-Stations-Monitoring-DDIA-Project/weather-station/src/main/java/com/weather/centralstation/Consumer.java. Using fallback presentation compiler.[0m
2026.05.22 15:38:47 INFO  no build target found for /Users/habibaelkamary/Desktop/College(new)/DDIA/Labs/project/Weather-Stations-Monitoring-DDIA-Project/weather-station/src/main/java/com/weather/centralstation/Consumer.java. Using fallback presentation compiler.[0m
2026.05.22 15:38:47 INFO  no build target found for /Users/habibaelkamary/Desktop/College(new)/DDIA/Labs/project/Weather-Stations-Monitoring-DDIA-Project/weather-station/src/main/java/com/weather/centralstation/Consumer.java. Using fallback presentation compiler.[0m
2026.05.22 15:38:47 INFO  no build target found for /Users/habibaelkamary/Desktop/College(new)/DDIA/Labs/project/Weather-Stations-Monitoring-DDIA-Project/weather-station/src/main/java/com/weather/centralstation/Consumer.java. Using fallback presentation compiler.[0m
2026.05.22 15:38:47 INFO  no build target found for /Users/habibaelkamary/Desktop/College(new)/DDIA/Labs/project/Weather-Stations-Monitoring-DDIA-Project/weather-station/src/main/java/com/weather/centralstation/Consumer.java. Using fallback presentation compiler.[0m
2026.05.22 15:38:49 INFO  no build target found for /Users/habibaelkamary/Desktop/College(new)/DDIA/Labs/project/Weather-Stations-Monitoring-DDIA-Project/weather-station/src/main/java/com/weather/centralstation/Consumer.java. Using fallback presentation compiler.[0m
2026.05.22 15:38:49 INFO  no build target found for /Users/habibaelkamary/Desktop/College(new)/DDIA/Labs/project/Weather-Stations-Monitoring-DDIA-Project/weather-station/src/main/java/com/weather/centralstation/Consumer.java. Using fallback presentation compiler.[0m
2026.05.22 15:38:50 INFO  no build target found for /Users/habibaelkamary/Desktop/College(new)/DDIA/Labs/project/Weather-Stations-Monitoring-DDIA-Project/weather-station/src/main/java/com/weather/centralstation/Consumer.java. Using fallback presentation compiler.[0m
2026.05.22 15:38:50 INFO  no build target found for /Users/habibaelkamary/Desktop/College(new)/DDIA/Labs/project/Weather-Stations-Monitoring-DDIA-Project/weather-station/src/main/java/com/weather/centralstation/Consumer.java. Using fallback presentation compiler.[0m
2026.05.22 15:38:52 INFO  no build target found for /Users/habibaelkamary/Desktop/College(new)/DDIA/Labs/project/Weather-Stations-Monitoring-DDIA-Project/weather-station/src/main/java/com/weather/centralstation/Consumer.java. Using fallback presentation compiler.[0m
2026.05.22 15:38:52 INFO  no build target found for /Users/habibaelkamary/Desktop/College(new)/DDIA/Labs/project/Weather-Stations-Monitoring-DDIA-Project/weather-station/src/main/java/com/weather/centralstation/Consumer.java. Using fallback presentation compiler.[0m
2026.05.22 15:38:53 INFO  no build target found for /Users/habibaelkamary/Desktop/College(new)/DDIA/Labs/project/Weather-Stations-Monitoring-DDIA-Project/weather-station/src/main/java/com/weather/centralstation/Consumer.java. Using fallback presentation compiler.[0m
2026.05.22 15:38:53 INFO  no build target found for /Users/habibaelkamary/Desktop/College(new)/DDIA/Labs/project/Weather-Stations-Monitoring-DDIA-Project/weather-station/src/main/java/com/weather/centralstation/Consumer.java. Using fallback presentation compiler.[0m
2026.05.22 15:38:53 INFO  no build target found for /Users/habibaelkamary/Desktop/College(new)/DDIA/Labs/project/Weather-Stations-Monitoring-DDIA-Project/weather-station/src/main/java/com/weather/centralstation/Consumer.java. Using fallback presentation compiler.[0m
2026.05.22 15:38:53 INFO  no build target found for /Users/habibaelkamary/Desktop/College(new)/DDIA/Labs/project/Weather-Stations-Monitoring-DDIA-Project/weather-station/src/main/java/com/weather/centralstation/Consumer.java. Using fallback presentation compiler.[0m
2026.05.22 15:38:53 INFO  no build target found for /Users/habibaelkamary/Desktop/College(new)/DDIA/Labs/project/Weather-Stations-Monitoring-DDIA-Project/weather-station/src/main/java/com/weather/centralstation/Consumer.java. Using fallback presentation compiler.[0m
2026.05.22 15:38:54 INFO  no build target found for /Users/habibaelkamary/Desktop/College(new)/DDIA/Labs/project/Weather-Stations-Monitoring-DDIA-Project/weather-station/src/main/java/com/weather/centralstation/Consumer.java. Using fallback presentation compiler.[0m
2026.05.22 15:38:54 INFO  no build target found for /Users/habibaelkamary/Desktop/College(new)/DDIA/Labs/project/Weather-Stations-Monitoring-DDIA-Project/weather-station/src/main/java/com/weather/centralstation/Consumer.java. Using fallback presentation compiler.[0m
2026.05.22 15:38:55 INFO  no build target found for /Users/habibaelkamary/Desktop/College(new)/DDIA/Labs/project/Weather-Stations-Monitoring-DDIA-Project/weather-station/src/main/java/com/weather/centralstation/Consumer.java. Using fallback presentation compiler.[0m
2026.05.22 15:38:55 WARN  no build target for: /Users/habibaelkamary/Desktop/College(new)/DDIA/Labs/project/Weather-Stations-Monitoring-DDIA-Project/weather-station/src/main/java/com/weather/centralstation/Consumer.java[0m
2026.05.22 15:38:55 INFO  no build target found for /Users/habibaelkamary/Desktop/College(new)/DDIA/Labs/project/Weather-Stations-Monitoring-DDIA-Project/weather-station/src/main/java/com/weather/centralstation/Consumer.java. Using fallback presentation compiler.[0m
2026.05.22 15:38:54 INFO  no build target found for /Users/habibaelkamary/Desktop/College(new)/DDIA/Labs/project/Weather-Stations-Monitoring-DDIA-Project/weather-station/src/main/java/com/weather/centralstation/Consumer.java. Using fallback presentation compiler.[0m
2026.05.22 15:38:57 INFO  no build target found for /Users/habibaelkamary/Desktop/College(new)/DDIA/Labs/project/Weather-Stations-Monitoring-DDIA-Project/weather-station/src/main/java/com/weather/centralstation/Consumer.java. Using fallback presentation compiler.[0m
2026.05.22 15:39:23 INFO  no build target found for /Users/habibaelkamary/Desktop/College(new)/DDIA/Labs/project/Weather-Stations-Monitoring-DDIA-Project/weather-station/src/main/java/com/weather/centralstation/Consumer.java. Using fallback presentation compiler.[0m
2026.05.22 15:39:30 INFO  no build target found for /Users/habibaelkamary/Desktop/College(new)/DDIA/Labs/project/Weather-Stations-Monitoring-DDIA-Project/weather-station/src/main/java/com/weather/centralstation/Consumer.java. Using fallback presentation compiler.[0m
2026.05.22 15:39:30 INFO  no build target found for /Users/habibaelkamary/Desktop/College(new)/DDIA/Labs/project/Weather-Stations-Monitoring-DDIA-Project/weather-station/src/main/java/com/weather/centralstation/Centeral.java. Using fallback presentation compiler.[0m
2026.05.22 15:39:31 WARN  no build target for: /Users/habibaelkamary/Desktop/College(new)/DDIA/Labs/project/Weather-Stations-Monitoring-DDIA-Project/weather-station/src/main/java/com/weather/centralstation/Centeral.java[0m
2026.05.22 15:39:31 INFO  no build target found for /Users/habibaelkamary/Desktop/College(new)/DDIA/Labs/project/Weather-Stations-Monitoring-DDIA-Project/weather-station/src/main/java/com/weather/centralstation/Centeral.java. Using fallback presentation compiler.[0m
May 22, 2026 3:39:31 PM org.eclipse.lsp4j.jsonrpc.RemoteEndpoint handleCancellation
WARNING: Unmatched cancel notification for request id 280
2026.05.22 15:39:30 INFO  no build target found for /Users/habibaelkamary/Desktop/College(new)/DDIA/Labs/project/Weather-Stations-Monitoring-DDIA-Project/weather-station/src/main/java/com/weather/centralstation/Centeral.java. Using fallback presentation compiler.[0m
2026.05.22 15:39:30 INFO  no build target found for /Users/habibaelkamary/Desktop/College(new)/DDIA/Labs/project/Weather-Stations-Monitoring-DDIA-Project/weather-station/src/main/java/com/weather/centralstation/Centeral.java. Using fallback presentation compiler.[0m
2026.05.22 15:39:30 INFO  no build target found for /Users/habibaelkamary/Desktop/College(new)/DDIA/Labs/project/Weather-Stations-Monitoring-DDIA-Project/weather-station/src/main/java/com/weather/centralstation/Centeral.java. Using fallback presentation compiler.[0m
2026.05.22 15:39:31 INFO  no build target found for /Users/habibaelkamary/Desktop/College(new)/DDIA/Labs/project/Weather-Stations-Monitoring-DDIA-Project/weather-station/src/main/java/com/weather/centralstation/Centeral.java. Using fallback presentation compiler.[0m
2026.05.22 15:39:32 INFO  no build target found for /Users/habibaelkamary/Desktop/College(new)/DDIA/Labs/project/Weather-Stations-Monitoring-DDIA-Project/weather-station/src/main/java/com/weather/centralstation/Centeral.java. Using fallback presentation compiler.[0m
2026.05.22 15:39:44 INFO  no build target found for /Users/habibaelkamary/Desktop/College(new)/DDIA/Labs/project/Weather-Stations-Monitoring-DDIA-Project/weather-station/src/main/java/com/weather/centralstation/Centeral.java. Using fallback presentation compiler.[0m
2026.05.22 15:39:44 INFO  no build target found for /Users/habibaelkamary/Desktop/College(new)/DDIA/Labs/project/Weather-Stations-Monitoring-DDIA-Project/weather-station/src/main/java/com/weather/centralstation/CentralStation.java. Using fallback presentation compiler.[0m
2026.05.22 15:39:44 WARN  no build target for: /Users/habibaelkamary/Desktop/College(new)/DDIA/Labs/project/Weather-Stations-Monitoring-DDIA-Project/weather-station/src/main/java/com/weather/centralstation/CentralStation.java[0m
2026.05.22 15:39:44 INFO  no build target found for /Users/habibaelkamary/Desktop/College(new)/DDIA/Labs/project/Weather-Stations-Monitoring-DDIA-Project/weather-station/src/main/java/com/weather/centralstation/CentralStation.java. Using fallback presentation compiler.[0m
May 22, 2026 3:39:44 PM org.eclipse.lsp4j.jsonrpc.RemoteEndpoint handleCancellation
WARNING: Unmatched cancel notification for request id 294
2026.05.22 15:39:44 INFO  no build target found for /Users/habibaelkamary/Desktop/College(new)/DDIA/Labs/project/Weather-Stations-Monitoring-DDIA-Project/weather-station/src/main/java/com/weather/centralstation/CentralStation.java. Using fallback presentation compiler.[0m
2026.05.22 15:39:44 INFO  no build target found for /Users/habibaelkamary/Desktop/College(new)/DDIA/Labs/project/Weather-Stations-Monitoring-DDIA-Project/weather-station/src/main/java/com/weather/centralstation/CentralStation.java. Using fallback presentation compiler.[0m
May 22, 2026 3:39:44 PM org.eclipse.lsp4j.jsonrpc.RemoteEndpoint handleCancellation
WARNING: Unmatched cancel notification for request id 297
2026.05.22 15:39:44 INFO  no build target found for /Users/habibaelkamary/Desktop/College(new)/DDIA/Labs/project/Weather-Stations-Monitoring-DDIA-Project/weather-station/src/main/java/com/weather/centralstation/CentralStation.java. Using fallback presentation compiler.[0m
2026.05.22 15:39:45 INFO  no build target found for /Users/habibaelkamary/Desktop/College(new)/DDIA/Labs/project/Weather-Stations-Monitoring-DDIA-Project/weather-station/src/main/java/com/weather/centralstation/CentralStation.java. Using fallback presentation compiler.[0m
2026.05.22 15:39:45 INFO  no build target found for /Users/habibaelkamary/Desktop/College(new)/DDIA/Labs/project/Weather-Stations-Monitoring-DDIA-Project/weather-station/src/main/java/com/weather/centralstation/CentralStation.java. Using fallback presentation compiler.[0m
2026.05.22 15:39:45 INFO  no build target found for /Users/habibaelkamary/Desktop/College(new)/DDIA/Labs/project/Weather-Stations-Monitoring-DDIA-Project/weather-station/src/main/java/com/weather/centralstation/CentralStation.java. Using fallback presentation compiler.[0m
2026.05.22 15:39:45 INFO  no build target found for /Users/habibaelkamary/Desktop/College(new)/DDIA/Labs/project/Weather-Stations-Monitoring-DDIA-Project/weather-station/src/main/java/com/weather/centralstation/CentralStation.java. Using fallback presentation compiler.[0m
2026.05.22 15:39:50 INFO  no build target found for /Users/habibaelkamary/Desktop/College(new)/DDIA/Labs/project/Weather-Stations-Monitoring-DDIA-Project/weather-station/src/main/java/com/weather/centralstation/CentralStation.java. Using fallback presentation compiler.[0m
2026.05.22 15:39:50 INFO  no build target found for /Users/habibaelkamary/Desktop/College(new)/DDIA/Labs/project/Weather-Stations-Monitoring-DDIA-Project/weather-station/src/main/java/com/weather/centralstation/CentralStation.java. Using fallback presentation compiler.[0m
2026.05.22 15:39:50 INFO  no build target found for /Users/habibaelkamary/Desktop/College(new)/DDIA/Labs/project/Weather-Stations-Monitoring-DDIA-Project/weather-station/src/main/java/com/weather/centralstation/CentralStation.java. Using fallback presentation compiler.[0m
2026.05.22 15:39:50 INFO  no build target found for /Users/habibaelkamary/Desktop/College(new)/DDIA/Labs/project/Weather-Stations-Monitoring-DDIA-Project/weather-station/src/main/java/com/weather/centralstation/CentralStation.java. Using fallback presentation compiler.[0m
2026.05.22 15:39:50 INFO  no build target found for /Users/habibaelkamary/Desktop/College(new)/DDIA/Labs/project/Weather-Stations-Monitoring-DDIA-Project/weather-station/src/main/java/com/weather/centralstation/CentralStation.java. Using fallback presentation compiler.[0m
2026.05.22 15:39:50 INFO  no build target found for /Users/habibaelkamary/Desktop/College(new)/DDIA/Labs/project/Weather-Stations-Monitoring-DDIA-Project/weather-station/src/main/java/com/weather/centralstation/CentralStation.java. Using fallback presentation compiler.[0m
2026.05.22 15:39:51 INFO  no build target found for /Users/habibaelkamary/Desktop/College(new)/DDIA/Labs/project/Weather-Stations-Monitoring-DDIA-Project/weather-station/src/main/java/com/weather/centralstation/CentralStation.java. Using fallback presentation compiler.[0m
2026.05.22 15:39:51 INFO  no build target found for /Users/habibaelkamary/Desktop/College(new)/DDIA/Labs/project/Weather-Stations-Monitoring-DDIA-Project/weather-station/src/main/java/com/weather/centralstation/CentralStation.java. Using fallback presentation compiler.[0m
2026.05.22 15:39:51 WARN  no build target for: /Users/habibaelkamary/Desktop/College(new)/DDIA/Labs/project/Weather-Stations-Monitoring-DDIA-Project/weather-station/src/main/java/com/weather/centralstation/CentralStation.java[0m
2026.05.22 15:39:51 INFO  no build target found for /Users/habibaelkamary/Desktop/College(new)/DDIA/Labs/project/Weather-Stations-Monitoring-DDIA-Project/weather-station/src/main/java/com/weather/centralstation/CentralStation.java. Using fallback presentation compiler.[0m
2026.05.22 15:39:52 INFO  no build target found for /Users/habibaelkamary/Desktop/College(new)/DDIA/Labs/project/Weather-Stations-Monitoring-DDIA-Project/weather-station/src/main/java/com/weather/centralstation/CentralStation.java. Using fallback presentation compiler.[0m
2026.05.22 15:40:02 INFO  no build target found for /Users/habibaelkamary/Desktop/College(new)/DDIA/Labs/project/Weather-Stations-Monitoring-DDIA-Project/weather-station/src/main/java/com/weather/centralstation/CentralStation.java. Using fallback presentation compiler.[0m
May 22, 2026 3:40:03 PM org.eclipse.lsp4j.jsonrpc.RemoteEndpoint handleCancellation
WARNING: Unmatched cancel notification for request id 326
2026.05.22 15:40:02 INFO  no build target found for /Users/habibaelkamary/Desktop/College(new)/DDIA/Labs/project/Weather-Stations-Monitoring-DDIA-Project/weather-station/src/main/java/com/weather/centralstation/CentralStation.java. Using fallback presentation compiler.[0m
2026.05.22 15:40:02 INFO  no build target found for /Users/habibaelkamary/Desktop/College(new)/DDIA/Labs/project/Weather-Stations-Monitoring-DDIA-Project/weather-station/src/main/java/com/weather/centralstation/CentralStation.java. Using fallback presentation compiler.[0m
2026.05.22 15:40:02 INFO  no build target found for /Users/habibaelkamary/Desktop/College(new)/DDIA/Labs/project/Weather-Stations-Monitoring-DDIA-Project/weather-station/src/main/java/com/weather/centralstation/CentralStation.java. Using fallback presentation compiler.[0m
2026.05.22 15:41:36 INFO  no build target found for /Users/habibaelkamary/Desktop/College(new)/DDIA/Labs/project/Weather-Stations-Monitoring-DDIA-Project/weather-station/src/main/java/com/weather/centralstation/CentralStation.java. Using fallback presentation compiler.[0m
May 22, 2026 3:41:36 PM org.eclipse.lsp4j.jsonrpc.RemoteEndpoint handleCancellation
WARNING: Unmatched cancel notification for request id 333
2026.05.22 15:41:36 INFO  no build target found for /Users/habibaelkamary/Desktop/College(new)/DDIA/Labs/project/Weather-Stations-Monitoring-DDIA-Project/weather-station/src/main/java/com/weather/centralstation/CentralStation.java. Using fallback presentation compiler.[0m
2026.05.22 15:41:54 INFO  no build target found for /Users/habibaelkamary/Desktop/College(new)/DDIA/Labs/project/Weather-Stations-Monitoring-DDIA-Project/weather-station/src/main/java/com/weather/centralstation/CentralStation.java. Using fallback presentation compiler.[0m
2026.05.22 15:41:54 INFO  no build target found for /Users/habibaelkamary/Desktop/College(new)/DDIA/Labs/project/Weather-Stations-Monitoring-DDIA-Project/weather-station/src/main/java/com/weather/centralstation/CentralStation.java. Using fallback presentation compiler.[0m
May 22, 2026 3:41:54 PM org.eclipse.lsp4j.jsonrpc.RemoteEndpoint handleCancellation
WARNING: Unmatched cancel notification for request id 338
2026.05.22 15:41:54 INFO  no build target found for /Users/habibaelkamary/Desktop/College(new)/DDIA/Labs/project/Weather-Stations-Monitoring-DDIA-Project/weather-station/src/main/java/com/weather/centralstation/CentralStation.java. Using fallback presentation compiler.[0m
2026.05.22 15:41:54 INFO  no build target found for /Users/habibaelkamary/Desktop/College(new)/DDIA/Labs/project/Weather-Stations-Monitoring-DDIA-Project/weather-station/src/main/java/com/weather/centralstation/CentralStation.java. Using fallback presentation compiler.[0m
2026.05.22 15:41:54 INFO  no build target found for /Users/habibaelkamary/Desktop/College(new)/DDIA/Labs/project/Weather-Stations-Monitoring-DDIA-Project/weather-station/src/main/java/com/weather/centralstation/CentralStation.java. Using fallback presentation compiler.[0m
2026.05.22 15:41:55 INFO  no build target found for /Users/habibaelkamary/Desktop/College(new)/DDIA/Labs/project/Weather-Stations-Monitoring-DDIA-Project/weather-station/src/main/java/com/weather/centralstation/CentralStation.java. Using fallback presentation compiler.[0m
2026.05.22 15:41:55 INFO  no build target found for /Users/habibaelkamary/Desktop/College(new)/DDIA/Labs/project/Weather-Stations-Monitoring-DDIA-Project/weather-station/src/main/java/com/weather/centralstation/CentralStation.java. Using fallback presentation compiler.[0m
2026.05.22 15:41:55 INFO  no build target found for /Users/habibaelkamary/Desktop/College(new)/DDIA/Labs/project/Weather-Stations-Monitoring-DDIA-Project/weather-station/src/main/java/com/weather/centralstation/CentralStation.java. Using fallback presentation compiler.[0m
2026.05.22 15:41:56 WARN  no build target for: /Users/habibaelkamary/Desktop/College(new)/DDIA/Labs/project/Weather-Stations-Monitoring-DDIA-Project/weather-station/src/main/java/com/weather/centralstation/CentralStation.java[0m
2026.05.22 15:41:55 INFO  no build target found for /Users/habibaelkamary/Desktop/College(new)/DDIA/Labs/project/Weather-Stations-Monitoring-DDIA-Project/weather-station/src/main/java/com/weather/centralstation/CentralStation.java. Using fallback presentation compiler.[0m
2026.05.22 15:41:56 INFO  time: code lens generation in 1.27s[0m
2026.05.22 15:41:56 INFO  no build target found for /Users/habibaelkamary/Desktop/College(new)/DDIA/Labs/project/Weather-Stations-Monitoring-DDIA-Project/weather-station/src/main/java/com/weather/centralstation/CentralStation.java. Using fallback presentation compiler.[0m
2026.05.22 15:41:55 INFO  no build target found for /Users/habibaelkamary/Desktop/College(new)/DDIA/Labs/project/Weather-Stations-Monitoring-DDIA-Project/weather-station/src/main/java/com/weather/centralstation/CentralStation.java. Using fallback presentation compiler.[0m
2026.05.22 15:41:57 INFO  no build target found for /Users/habibaelkamary/Desktop/College(new)/DDIA/Labs/project/Weather-Stations-Monitoring-DDIA-Project/weather-station/src/main/java/com/weather/centralstation/CentralStation.java. Using fallback presentation compiler.[0m
2026.05.22 15:41:57 INFO  time: code lens generation in 1.05s[0m
2026.05.22 15:42:02 INFO  no build target found for /Users/habibaelkamary/Desktop/College(new)/DDIA/Labs/project/Weather-Stations-Monitoring-DDIA-Project/weather-station/src/main/java/com/weather/centralstation/CentralStation.java. Using fallback presentation compiler.[0m
2026.05.22 15:42:02 INFO  no build target found for /Users/habibaelkamary/Desktop/College(new)/DDIA/Labs/project/Weather-Stations-Monitoring-DDIA-Project/weather-station/src/main/java/com/weather/centralstation/CentralStation.java. Using fallback presentation compiler.[0m
2026.05.22 15:42:10 INFO  no build target found for /Users/habibaelkamary/Desktop/College(new)/DDIA/Labs/project/Weather-Stations-Monitoring-DDIA-Project/weather-station/src/main/java/com/weather/centralstation/CentralStation.java. Using fallback presentation compiler.[0m
2026.05.22 15:42:34 INFO  no build target found for /Users/habibaelkamary/Desktop/College(new)/DDIA/Labs/project/Weather-Stations-Monitoring-DDIA-Project/weather-station/src/main/java/com/weather/centralstation/CentralStation.java. Using fallback presentation compiler.[0m
2026.05.22 15:43:01 INFO  no build target found for /Users/habibaelkamary/Desktop/College(new)/DDIA/Labs/project/Weather-Stations-Monitoring-DDIA-Project/weather-station/src/main/java/com/weather/centralstation/storage/KeyDirEntry.java. Using fallback presentation compiler.[0m
2026.05.22 15:43:01 INFO  no build target found for /Users/habibaelkamary/Desktop/College(new)/DDIA/Labs/project/Weather-Stations-Monitoring-DDIA-Project/weather-station/src/main/java/com/weather/centralstation/storage/KeyDirEntry.java. Using fallback presentation compiler.[0m
2026.05.22 15:43:01 WARN  no build target for: /Users/habibaelkamary/Desktop/College(new)/DDIA/Labs/project/Weather-Stations-Monitoring-DDIA-Project/weather-station/src/main/java/com/weather/centralstation/storage/KeyDirEntry.java[0m
2026.05.22 15:43:01 WARN  no build target for: /Users/habibaelkamary/Desktop/College(new)/DDIA/Labs/project/Weather-Stations-Monitoring-DDIA-Project/weather-station/src/main/java/com/weather/centralstation/storage/KeyDirEntry.java[0m
2026.05.22 15:43:01 INFO  no build target found for /Users/habibaelkamary/Desktop/College(new)/DDIA/Labs/project/Weather-Stations-Monitoring-DDIA-Project/weather-station/src/main/java/com/weather/centralstation/storage/KeyDirEntry.java. Using fallback presentation compiler.[0m
2026.05.22 15:43:02 INFO  no build target found for /Users/habibaelkamary/Desktop/College(new)/DDIA/Labs/project/Weather-Stations-Monitoring-DDIA-Project/weather-station/src/main/java/com/weather/centralstation/storage/KeyDirEntry.java. Using fallback presentation compiler.[0m
2026.05.22 15:43:03 INFO  no build target found for /Users/habibaelkamary/Desktop/College(new)/DDIA/Labs/project/Weather-Stations-Monitoring-DDIA-Project/weather-station/src/main/java/com/weather/centralstation/storage/KeyDirEntry.java. Using fallback presentation compiler.[0m
2026.05.22 15:43:03 INFO  no build target found for /Users/habibaelkamary/Desktop/College(new)/DDIA/Labs/project/Weather-Stations-Monitoring-DDIA-Project/weather-station/src/main/java/com/weather/centralstation/storage/KeyDirEntry.java. Using fallback presentation compiler.[0m
2026.05.22 15:43:03 INFO  no build target found for /Users/habibaelkamary/Desktop/College(new)/DDIA/Labs/project/Weather-Stations-Monitoring-DDIA-Project/weather-station/src/main/java/com/weather/centralstation/storage/KeyDirEntry.java. Using fallback presentation compiler.[0m
2026.05.22 15:43:03 INFO  no build target found for /Users/habibaelkamary/Desktop/College(new)/DDIA/Labs/project/Weather-Stations-Monitoring-DDIA-Project/weather-station/src/main/java/com/weather/centralstation/storage/KeyDirEntry.java. Using fallback presentation compiler.[0m
2026.05.22 15:43:03 INFO  no build target found for /Users/habibaelkamary/Desktop/College(new)/DDIA/Labs/project/Weather-Stations-Monitoring-DDIA-Project/weather-station/src/main/java/com/weather/centralstation/storage/KeyDirEntry.java. Using fallback presentation compiler.[0m
2026.05.22 15:43:04 INFO  no build target found for /Users/habibaelkamary/Desktop/College(new)/DDIA/Labs/project/Weather-Stations-Monitoring-DDIA-Project/weather-station/src/main/java/com/weather/centralstation/storage/KeyDirEntry.java. Using fallback presentation compiler.[0m
2026.05.22 15:43:05 INFO  no build target found for /Users/habibaelkamary/Desktop/College(new)/DDIA/Labs/project/Weather-Stations-Monitoring-DDIA-Project/weather-station/src/main/java/com/weather/centralstation/storage/KeyDirEntry.java. Using fallback presentation compiler.[0m
2026.05.22 15:43:05 INFO  no build target found for /Users/habibaelkamary/Desktop/College(new)/DDIA/Labs/project/Weather-Stations-Monitoring-DDIA-Project/weather-station/src/main/java/com/weather/centralstation/storage/KeyDirEntry.java. Using fallback presentation compiler.[0m
2026.05.22 15:43:06 INFO  no build target found for /Users/habibaelkamary/Desktop/College(new)/DDIA/Labs/project/Weather-Stations-Monitoring-DDIA-Project/weather-station/src/main/java/com/weather/centralstation/storage/KeyDirEntry.java. Using fallback presentation compiler.[0m
2026.05.22 15:43:06 INFO  no build target found for /Users/habibaelkamary/Desktop/College(new)/DDIA/Labs/project/Weather-Stations-Monitoring-DDIA-Project/weather-station/src/main/java/com/weather/centralstation/storage/KeyDirEntry.java. Using fallback presentation compiler.[0m
2026.05.22 15:43:06 WARN  no build target for: /Users/habibaelkamary/Desktop/College(new)/DDIA/Labs/project/Weather-Stations-Monitoring-DDIA-Project/weather-station/src/main/java/com/weather/centralstation/storage/KeyDirEntry.java[0m
2026.05.22 15:43:06 INFO  no build target found for /Users/habibaelkamary/Desktop/College(new)/DDIA/Labs/project/Weather-Stations-Monitoring-DDIA-Project/weather-station/src/main/java/com/weather/centralstation/storage/KeyDirEntry.java. Using fallback presentation compiler.[0m
2026.05.22 15:43:43 INFO  no build target found for /Users/habibaelkamary/Desktop/College(new)/DDIA/Labs/project/Weather-Stations-Monitoring-DDIA-Project/weather-station/src/main/java/com/weather/centralstation/storage/SegmentManager.java. Using fallback presentation compiler.[0m
2026.05.22 15:43:43 INFO  no build target found for /Users/habibaelkamary/Desktop/College(new)/DDIA/Labs/project/Weather-Stations-Monitoring-DDIA-Project/weather-station/src/main/java/com/weather/centralstation/storage/SegmentManager.java. Using fallback presentation compiler.[0m
May 22, 2026 3:43:43 PM org.eclipse.lsp4j.jsonrpc.RemoteEndpoint handleCancellation
WARNING: Unmatched cancel notification for request id 400
2026.05.22 15:43:43 WARN  no build target for: /Users/habibaelkamary/Desktop/College(new)/DDIA/Labs/project/Weather-Stations-Monitoring-DDIA-Project/weather-station/src/main/java/com/weather/centralstation/storage/SegmentManager.java[0m
2026.05.22 15:43:43 WARN  no build target for: /Users/habibaelkamary/Desktop/College(new)/DDIA/Labs/project/Weather-Stations-Monitoring-DDIA-Project/weather-station/src/main/java/com/weather/centralstation/storage/SegmentManager.java[0m
2026.05.22 15:43:43 INFO  no build target found for /Users/habibaelkamary/Desktop/College(new)/DDIA/Labs/project/Weather-Stations-Monitoring-DDIA-Project/weather-station/src/main/java/com/weather/centralstation/storage/SegmentManager.java. Using fallback presentation compiler.[0m
2026.05.22 15:43:43 INFO  no build target found for /Users/habibaelkamary/Desktop/College(new)/DDIA/Labs/project/Weather-Stations-Monitoring-DDIA-Project/weather-station/src/main/java/com/weather/centralstation/storage/SegmentManager.java. Using fallback presentation compiler.[0m
2026.05.22 15:43:44 INFO  no build target found for /Users/habibaelkamary/Desktop/College(new)/DDIA/Labs/project/Weather-Stations-Monitoring-DDIA-Project/weather-station/src/main/java/com/weather/centralstation/storage/SegmentManager.java. Using fallback presentation compiler.[0m
2026.05.22 15:43:44 INFO  no build target found for /Users/habibaelkamary/Desktop/College(new)/DDIA/Labs/project/Weather-Stations-Monitoring-DDIA-Project/weather-station/src/main/java/com/weather/centralstation/storage/SegmentManager.java. Using fallback presentation compiler.[0m
2026.05.22 15:43:44 INFO  no build target found for /Users/habibaelkamary/Desktop/College(new)/DDIA/Labs/project/Weather-Stations-Monitoring-DDIA-Project/weather-station/src/main/java/com/weather/centralstation/storage/SegmentManager.java. Using fallback presentation compiler.[0m
2026.05.22 15:43:44 INFO  no build target found for /Users/habibaelkamary/Desktop/College(new)/DDIA/Labs/project/Weather-Stations-Monitoring-DDIA-Project/weather-station/src/main/java/com/weather/centralstation/storage/SegmentManager.java. Using fallback presentation compiler.[0m
2026.05.22 15:43:44 INFO  no build target found for /Users/habibaelkamary/Desktop/College(new)/DDIA/Labs/project/Weather-Stations-Monitoring-DDIA-Project/weather-station/src/main/java/com/weather/centralstation/storage/SegmentManager.java. Using fallback presentation compiler.[0m
May 22, 2026 3:43:45 PM org.eclipse.lsp4j.jsonrpc.RemoteEndpoint handleCancellation
WARNING: Unmatched cancel notification for request id 410
2026.05.22 15:43:45 INFO  no build target found for /Users/habibaelkamary/Desktop/College(new)/DDIA/Labs/project/Weather-Stations-Monitoring-DDIA-Project/weather-station/src/main/java/com/weather/centralstation/storage/SegmentManager.java. Using fallback presentation compiler.[0m
2026.05.22 15:43:45 INFO  no build target found for /Users/habibaelkamary/Desktop/College(new)/DDIA/Labs/project/Weather-Stations-Monitoring-DDIA-Project/weather-station/src/main/java/com/weather/centralstation/storage/SegmentManager.java. Using fallback presentation compiler.[0m
2026.05.22 15:43:45 INFO  no build target found for /Users/habibaelkamary/Desktop/College(new)/DDIA/Labs/project/Weather-Stations-Monitoring-DDIA-Project/weather-station/src/main/java/com/weather/centralstation/storage/SegmentManager.java. Using fallback presentation compiler.[0m
2026.05.22 15:43:45 INFO  no build target found for /Users/habibaelkamary/Desktop/College(new)/DDIA/Labs/project/Weather-Stations-Monitoring-DDIA-Project/weather-station/src/main/java/com/weather/centralstation/storage/SegmentManager.java. Using fallback presentation compiler.[0m
2026.05.22 15:43:45 INFO  no build target found for /Users/habibaelkamary/Desktop/College(new)/DDIA/Labs/project/Weather-Stations-Monitoring-DDIA-Project/weather-station/src/main/java/com/weather/centralstation/storage/SegmentManager.java. Using fallback presentation compiler.[0m
2026.05.22 15:43:46 INFO  no build target found for /Users/habibaelkamary/Desktop/College(new)/DDIA/Labs/project/Weather-Stations-Monitoring-DDIA-Project/weather-station/src/main/java/com/weather/centralstation/storage/SegmentManager.java. Using fallback presentation compiler.[0m
2026.05.22 15:43:46 WARN  no build target for: /Users/habibaelkamary/Desktop/College(new)/DDIA/Labs/project/Weather-Stations-Monitoring-DDIA-Project/weather-station/src/main/java/com/weather/centralstation/storage/SegmentManager.java[0m
2026.05.22 15:43:46 INFO  no build target found for /Users/habibaelkamary/Desktop/College(new)/DDIA/Labs/project/Weather-Stations-Monitoring-DDIA-Project/weather-station/src/main/java/com/weather/centralstation/storage/SegmentManager.java. Using fallback presentation compiler.[0m
2026.05.22 15:44:24 INFO  no build target found for /Users/habibaelkamary/Desktop/College(new)/DDIA/Labs/project/Weather-Stations-Monitoring-DDIA-Project/weather-station/src/main/java/com/weather/centralstation/storage/CompactionWorker.java. Using fallback presentation compiler.[0m
2026.05.22 15:44:24 INFO  no build target found for /Users/habibaelkamary/Desktop/College(new)/DDIA/Labs/project/Weather-Stations-Monitoring-DDIA-Project/weather-station/src/main/java/com/weather/centralstation/storage/CompactionWorker.java. Using fallback presentation compiler.[0m
2026.05.22 15:44:24 WARN  no build target for: /Users/habibaelkamary/Desktop/College(new)/DDIA/Labs/project/Weather-Stations-Monitoring-DDIA-Project/weather-station/src/main/java/com/weather/centralstation/storage/CompactionWorker.java[0m
2026.05.22 15:44:24 INFO  no build target found for /Users/habibaelkamary/Desktop/College(new)/DDIA/Labs/project/Weather-Stations-Monitoring-DDIA-Project/weather-station/src/main/java/com/weather/centralstation/storage/CompactionWorker.java. Using fallback presentation compiler.[0m
May 22, 2026 3:44:24 PM org.eclipse.lsp4j.jsonrpc.RemoteEndpoint handleCancellation
WARNING: Unmatched cancel notification for request id 430
2026.05.22 15:44:24 INFO  no build target found for /Users/habibaelkamary/Desktop/College(new)/DDIA/Labs/project/Weather-Stations-Monitoring-DDIA-Project/weather-station/src/main/java/com/weather/centralstation/storage/CompactionWorker.java. Using fallback presentation compiler.[0m
2026.05.22 15:44:24 WARN  no build target for: /Users/habibaelkamary/Desktop/College(new)/DDIA/Labs/project/Weather-Stations-Monitoring-DDIA-Project/weather-station/src/main/java/com/weather/centralstation/storage/CompactionWorker.java[0m
2026.05.22 15:44:24 INFO  no build target found for /Users/habibaelkamary/Desktop/College(new)/DDIA/Labs/project/Weather-Stations-Monitoring-DDIA-Project/weather-station/src/main/java/com/weather/centralstation/storage/CompactionWorker.java. Using fallback presentation compiler.[0m
2026.05.22 15:44:25 INFO  no build target found for /Users/habibaelkamary/Desktop/College(new)/DDIA/Labs/project/Weather-Stations-Monitoring-DDIA-Project/weather-station/src/main/java/com/weather/centralstation/storage/CompactionWorker.java. Using fallback presentation compiler.[0m
2026.05.22 15:44:26 INFO  no build target found for /Users/habibaelkamary/Desktop/College(new)/DDIA/Labs/project/Weather-Stations-Monitoring-DDIA-Project/weather-station/src/main/java/com/weather/centralstation/storage/CompactionWorker.java. Using fallback presentation compiler.[0m
2026.05.22 15:44:26 INFO  no build target found for /Users/habibaelkamary/Desktop/College(new)/DDIA/Labs/project/Weather-Stations-Monitoring-DDIA-Project/weather-station/src/main/java/com/weather/centralstation/storage/CompactionWorker.java. Using fallback presentation compiler.[0m
2026.05.22 15:44:27 INFO  no build target found for /Users/habibaelkamary/Desktop/College(new)/DDIA/Labs/project/Weather-Stations-Monitoring-DDIA-Project/weather-station/src/main/java/com/weather/centralstation/storage/CompactionWorker.java. Using fallback presentation compiler.[0m
2026.05.22 15:44:27 INFO  no build target found for /Users/habibaelkamary/Desktop/College(new)/DDIA/Labs/project/Weather-Stations-Monitoring-DDIA-Project/weather-station/src/main/java/com/weather/centralstation/storage/CompactionWorker.java. Using fallback presentation compiler.[0m
2026.05.22 15:44:27 INFO  no build target found for /Users/habibaelkamary/Desktop/College(new)/DDIA/Labs/project/Weather-Stations-Monitoring-DDIA-Project/weather-station/src/main/java/com/weather/centralstation/storage/CompactionWorker.java. Using fallback presentation compiler.[0m
2026.05.22 15:44:27 INFO  no build target found for /Users/habibaelkamary/Desktop/College(new)/DDIA/Labs/project/Weather-Stations-Monitoring-DDIA-Project/weather-station/src/main/java/com/weather/centralstation/storage/CompactionWorker.java. Using fallback presentation compiler.[0m
2026.05.22 15:44:27 INFO  no build target found for /Users/habibaelkamary/Desktop/College(new)/DDIA/Labs/project/Weather-Stations-Monitoring-DDIA-Project/weather-station/src/main/java/com/weather/centralstation/storage/CompactionWorker.java. Using fallback presentation compiler.[0m
2026.05.22 15:44:30 WARN  no build target for: /Users/habibaelkamary/Desktop/College(new)/DDIA/Labs/project/Weather-Stations-Monitoring-DDIA-Project/weather-station/src/main/java/com/weather/centralstation/storage/CompactionWorker.java[0m
2026.05.22 15:44:30 INFO  no build target found for /Users/habibaelkamary/Desktop/College(new)/DDIA/Labs/project/Weather-Stations-Monitoring-DDIA-Project/weather-station/src/main/java/com/weather/centralstation/storage/CompactionWorker.java. Using fallback presentation compiler.[0m
2026.05.22 15:44:31 INFO  no build target found for /Users/habibaelkamary/Desktop/College(new)/DDIA/Labs/project/Weather-Stations-Monitoring-DDIA-Project/weather-station/src/main/java/com/weather/centralstation/storage/CompactionWorker.java. Using fallback presentation compiler.[0m
2026.05.22 15:44:47 INFO  no build target found for /Users/habibaelkamary/Desktop/College(new)/DDIA/Labs/project/Weather-Stations-Monitoring-DDIA-Project/weather-station/src/main/java/com/weather/centralstation/storage/BitCaskStore.java. Using fallback presentation compiler.[0m
2026.05.22 15:44:47 INFO  no build target found for /Users/habibaelkamary/Desktop/College(new)/DDIA/Labs/project/Weather-Stations-Monitoring-DDIA-Project/weather-station/src/main/java/com/weather/centralstation/storage/BitCaskStore.java. Using fallback presentation compiler.[0m
2026.05.22 15:44:47 WARN  no build target for: /Users/habibaelkamary/Desktop/College(new)/DDIA/Labs/project/Weather-Stations-Monitoring-DDIA-Project/weather-station/src/main/java/com/weather/centralstation/storage/BitCaskStore.java[0m
2026.05.22 15:44:47 INFO  no build target found for /Users/habibaelkamary/Desktop/College(new)/DDIA/Labs/project/Weather-Stations-Monitoring-DDIA-Project/weather-station/src/main/java/com/weather/centralstation/storage/BitCaskStore.java. Using fallback presentation compiler.[0m
May 22, 2026 3:44:48 PM org.eclipse.lsp4j.jsonrpc.RemoteEndpoint handleCancellation
WARNING: Unmatched cancel notification for request id 457
2026.05.22 15:44:47 INFO  no build target found for /Users/habibaelkamary/Desktop/College(new)/DDIA/Labs/project/Weather-Stations-Monitoring-DDIA-Project/weather-station/src/main/java/com/weather/centralstation/storage/BitCaskStore.java. Using fallback presentation compiler.[0m
2026.05.22 15:44:48 WARN  no build target for: /Users/habibaelkamary/Desktop/College(new)/DDIA/Labs/project/Weather-Stations-Monitoring-DDIA-Project/weather-station/src/main/java/com/weather/centralstation/storage/BitCaskStore.java[0m
2026.05.22 15:44:48 INFO  no build target found for /Users/habibaelkamary/Desktop/College(new)/DDIA/Labs/project/Weather-Stations-Monitoring-DDIA-Project/weather-station/src/main/java/com/weather/centralstation/storage/BitCaskStore.java. Using fallback presentation compiler.[0m
2026.05.22 15:44:48 INFO  no build target found for /Users/habibaelkamary/Desktop/College(new)/DDIA/Labs/project/Weather-Stations-Monitoring-DDIA-Project/weather-station/src/main/java/com/weather/centralstation/storage/BitCaskStore.java. Using fallback presentation compiler.[0m
2026.05.22 15:45:05 INFO  no build target found for /Users/habibaelkamary/Desktop/College(new)/DDIA/Labs/project/Weather-Stations-Monitoring-DDIA-Project/weather-station/src/main/java/com/weather/centralstation/storage/BitCaskStore.java. Using fallback presentation compiler.[0m
2026.05.22 15:45:05 INFO  no build target found for /Users/habibaelkamary/Desktop/College(new)/DDIA/Labs/project/Weather-Stations-Monitoring-DDIA-Project/weather-station/src/main/java/com/weather/centralstation/storage/BitCaskStore.java. Using fallback presentation compiler.[0m
2026.05.22 15:45:05 INFO  no build target found for /Users/habibaelkamary/Desktop/College(new)/DDIA/Labs/project/Weather-Stations-Monitoring-DDIA-Project/weather-station/src/main/java/com/weather/centralstation/storage/BitCaskStore.java. Using fallback presentation compiler.[0m
2026.05.22 15:45:05 INFO  no build target found for /Users/habibaelkamary/Desktop/College(new)/DDIA/Labs/project/Weather-Stations-Monitoring-DDIA-Project/weather-station/src/main/java/com/weather/centralstation/storage/BitCaskStore.java. Using fallback presentation compiler.[0m
May 22, 2026 3:45:06 PM org.eclipse.lsp4j.jsonrpc.RemoteEndpoint handleCancellation
WARNING: Unmatched cancel notification for request id 469
2026.05.22 15:45:06 INFO  no build target found for /Users/habibaelkamary/Desktop/College(new)/DDIA/Labs/project/Weather-Stations-Monitoring-DDIA-Project/weather-station/src/main/java/com/weather/centralstation/storage/BitCaskStore.java. Using fallback presentation compiler.[0m
2026.05.22 15:45:06 INFO  no build target found for /Users/habibaelkamary/Desktop/College(new)/DDIA/Labs/project/Weather-Stations-Monitoring-DDIA-Project/weather-station/src/main/java/com/weather/centralstation/storage/BitCaskStore.java. Using fallback presentation compiler.[0m
2026.05.22 15:45:06 INFO  no build target found for /Users/habibaelkamary/Desktop/College(new)/DDIA/Labs/project/Weather-Stations-Monitoring-DDIA-Project/weather-station/src/main/java/com/weather/centralstation/storage/BitCaskStore.java. Using fallback presentation compiler.[0m
2026.05.22 15:45:07 WARN  no build target for: /Users/habibaelkamary/Desktop/College(new)/DDIA/Labs/project/Weather-Stations-Monitoring-DDIA-Project/weather-station/src/main/java/com/weather/centralstation/storage/BitCaskStore.java[0m
2026.05.22 15:45:07 INFO  no build target found for /Users/habibaelkamary/Desktop/College(new)/DDIA/Labs/project/Weather-Stations-Monitoring-DDIA-Project/weather-station/src/main/java/com/weather/centralstation/storage/BitCaskStore.java. Using fallback presentation compiler.[0m
May 22, 2026 3:45:42 PM org.eclipse.lsp4j.jsonrpc.RemoteEndpoint handleCancellation
WARNING: Unmatched cancel notification for request id 487
2026.05.22 15:48:43 INFO  no build target found for /Users/habibaelkamary/Desktop/College(new)/DDIA/Labs/project/Weather-Stations-Monitoring-DDIA-Project/weather-station/src/main/java/com/weather/centralstation/storage/SegmentManager.java. Using fallback presentation compiler.[0m
May 22, 2026 3:48:43 PM org.eclipse.lsp4j.jsonrpc.RemoteEndpoint handleCancellation
WARNING: Unmatched cancel notification for request id 492
2026.05.22 15:48:43 INFO  no build target found for /Users/habibaelkamary/Desktop/College(new)/DDIA/Labs/project/Weather-Stations-Monitoring-DDIA-Project/weather-station/src/main/java/com/weather/centralstation/storage/SegmentManager.java. Using fallback presentation compiler.[0m
2026.05.22 15:48:43 INFO  no build target found for /Users/habibaelkamary/Desktop/College(new)/DDIA/Labs/project/Weather-Stations-Monitoring-DDIA-Project/weather-station/src/main/java/com/weather/centralstation/storage/SegmentManager.java. Using fallback presentation compiler.[0m
May 22, 2026 3:48:43 PM org.eclipse.lsp4j.jsonrpc.RemoteEndpoint handleCancellation
WARNING: Unmatched cancel notification for request id 494
2026.05.22 15:48:43 INFO  no build target found for /Users/habibaelkamary/Desktop/College(new)/DDIA/Labs/project/Weather-Stations-Monitoring-DDIA-Project/weather-station/src/main/java/com/weather/centralstation/storage/SegmentManager.java. Using fallback presentation compiler.[0m
2026.05.22 15:48:43 WARN  no build target for: /Users/habibaelkamary/Desktop/College(new)/DDIA/Labs/project/Weather-Stations-Monitoring-DDIA-Project/weather-station/src/main/java/com/weather/centralstation/storage/SegmentManager.java[0m
2026.05.22 15:48:43 INFO  no build target found for /Users/habibaelkamary/Desktop/College(new)/DDIA/Labs/project/Weather-Stations-Monitoring-DDIA-Project/weather-station/src/main/java/com/weather/centralstation/storage/SegmentManager.java. Using fallback presentation compiler.[0m
2026.05.22 15:48:52 INFO  no build target found for /Users/habibaelkamary/Desktop/College(new)/DDIA/Labs/project/Weather-Stations-Monitoring-DDIA-Project/weather-station/src/main/java/com/weather/centralstation/storage/SegmentManager.java. Using fallback presentation compiler.[0m
2026.05.22 15:48:52 INFO  no build target found for /Users/habibaelkamary/Desktop/College(new)/DDIA/Labs/project/Weather-Stations-Monitoring-DDIA-Project/weather-station/src/main/java/com/weather/centralstation/storage/SegmentManager.java. Using fallback presentation compiler.[0m
2026.05.22 15:48:52 INFO  no build target found for /Users/habibaelkamary/Desktop/College(new)/DDIA/Labs/project/Weather-Stations-Monitoring-DDIA-Project/weather-station/src/main/java/com/weather/centralstation/storage/SegmentManager.java. Using fallback presentation compiler.[0m
2026.05.22 15:48:53 INFO  no build target found for /Users/habibaelkamary/Desktop/College(new)/DDIA/Labs/project/Weather-Stations-Monitoring-DDIA-Project/weather-station/src/main/java/com/weather/centralstation/storage/SegmentManager.java. Using fallback presentation compiler.[0m
2026.05.22 15:48:53 INFO  no build target found for /Users/habibaelkamary/Desktop/College(new)/DDIA/Labs/project/Weather-Stations-Monitoring-DDIA-Project/weather-station/src/main/java/com/weather/centralstation/storage/SegmentManager.java. Using fallback presentation compiler.[0m
2026.05.22 15:48:58 INFO  no build target found for /Users/habibaelkamary/Desktop/College(new)/DDIA/Labs/project/Weather-Stations-Monitoring-DDIA-Project/weather-station/src/main/java/com/weather/centralstation/storage/SegmentManager.java. Using fallback presentation compiler.[0m
2026.05.22 15:48:58 INFO  no build target found for /Users/habibaelkamary/Desktop/College(new)/DDIA/Labs/project/Weather-Stations-Monitoring-DDIA-Project/weather-station/src/main/java/com/weather/centralstation/storage/SegmentManager.java. Using fallback presentation compiler.[0m
2026.05.22 15:48:58 INFO  no build target found for /Users/habibaelkamary/Desktop/College(new)/DDIA/Labs/project/Weather-Stations-Monitoring-DDIA-Project/weather-station/src/main/java/com/weather/centralstation/storage/SegmentManager.java. Using fallback presentation compiler.[0m
2026.05.22 15:49:16 INFO  no build target found for /Users/habibaelkamary/Desktop/College(new)/DDIA/Labs/project/Weather-Stations-Monitoring-DDIA-Project/weather-station/src/main/java/com/weather/centralstation/storage/SegmentManager.java. Using fallback presentation compiler.[0m
2026.05.22 15:49:16 INFO  no build target found for /Users/habibaelkamary/Desktop/College(new)/DDIA/Labs/project/Weather-Stations-Monitoring-DDIA-Project/weather-station/src/main/java/com/weather/centralstation/storage/SegmentManager.java. Using fallback presentation compiler.[0m
2026.05.22 15:49:18 INFO  no build target found for /Users/habibaelkamary/Desktop/College(new)/DDIA/Labs/project/Weather-Stations-Monitoring-DDIA-Project/weather-station/src/main/java/com/weather/centralstation/storage/SegmentManager.java. Using fallback presentation compiler.[0m
2026.05.22 15:49:18 INFO  no build target found for /Users/habibaelkamary/Desktop/College(new)/DDIA/Labs/project/Weather-Stations-Monitoring-DDIA-Project/weather-station/src/main/java/com/weather/centralstation/storage/SegmentManager.java. Using fallback presentation compiler.[0m
2026.05.22 15:54:18 INFO  no build target found for /Users/habibaelkamary/Desktop/College(new)/DDIA/Labs/project/Weather-Stations-Monitoring-DDIA-Project/weather-station/src/main/java/com/weather/centralstation/storage/SegmentManager.java. Using fallback presentation compiler.[0m
2026.05.22 15:54:18 INFO  no build target found for /Users/habibaelkamary/Desktop/College(new)/DDIA/Labs/project/Weather-Stations-Monitoring-DDIA-Project/weather-station/src/main/java/com/weather/centralstation/storage/SegmentManager.java. Using fallback presentation compiler.[0m
2026.05.22 15:54:18 WARN  no build target for: /Users/habibaelkamary/Desktop/College(new)/DDIA/Labs/project/Weather-Stations-Monitoring-DDIA-Project/weather-station/src/main/java/com/weather/centralstation/storage/SegmentManager.java[0m
2026.05.22 15:54:18 INFO  no build target found for /Users/habibaelkamary/Desktop/College(new)/DDIA/Labs/project/Weather-Stations-Monitoring-DDIA-Project/weather-station/src/main/java/com/weather/centralstation/storage/SegmentManager.java. Using fallback presentation compiler.[0m
2026.05.22 15:54:19 INFO  no build target found for /Users/habibaelkamary/Desktop/College(new)/DDIA/Labs/project/Weather-Stations-Monitoring-DDIA-Project/weather-station/src/main/java/com/weather/centralstation/storage/SegmentManager.java. Using fallback presentation compiler.[0m
2026.05.22 16:01:55 INFO  no build target found for /Users/habibaelkamary/Desktop/College(new)/DDIA/Labs/project/Weather-Stations-Monitoring-DDIA-Project/weather-station/src/main/java/com/weather/centralstation/storage/SegmentManager.java. Using fallback presentation compiler.[0m
2026.05.22 16:01:56 INFO  no build target found for /Users/habibaelkamary/Desktop/College(new)/DDIA/Labs/project/Weather-Stations-Monitoring-DDIA-Project/weather-station/src/main/java/com/weather/centralstation/storage/SegmentManager.java. Using fallback presentation compiler.[0m
2026.05.22 16:02:58 INFO  no build target found for /Users/habibaelkamary/Desktop/College(new)/DDIA/Labs/project/Weather-Stations-Monitoring-DDIA-Project/weather-station/src/main/java/com/weather/centralstation/storage/SegmentManager.java. Using fallback presentation compiler.[0m
2026.05.22 16:03:05 INFO  no build target found for /Users/habibaelkamary/Desktop/College(new)/DDIA/Labs/project/Weather-Stations-Monitoring-DDIA-Project/weather-station/src/main/java/com/weather/centralstation/storage/CompactionWorker.java. Using fallback presentation compiler.[0m
May 22, 2026 4:03:05 PM org.eclipse.lsp4j.jsonrpc.RemoteEndpoint handleCancellation
WARNING: Unmatched cancel notification for request id 552
2026.05.22 16:03:05 INFO  no build target found for /Users/habibaelkamary/Desktop/College(new)/DDIA/Labs/project/Weather-Stations-Monitoring-DDIA-Project/weather-station/src/main/java/com/weather/centralstation/storage/CompactionWorker.java. Using fallback presentation compiler.[0m
2026.05.22 16:03:05 INFO  no build target found for /Users/habibaelkamary/Desktop/College(new)/DDIA/Labs/project/Weather-Stations-Monitoring-DDIA-Project/weather-station/src/main/java/com/weather/centralstation/storage/CompactionWorker.java. Using fallback presentation compiler.[0m
2026.05.22 16:03:05 INFO  no build target found for /Users/habibaelkamary/Desktop/College(new)/DDIA/Labs/project/Weather-Stations-Monitoring-DDIA-Project/weather-station/src/main/java/com/weather/centralstation/storage/CompactionWorker.java. Using fallback presentation compiler.[0m
2026.05.22 16:03:05 WARN  no build target for: /Users/habibaelkamary/Desktop/College(new)/DDIA/Labs/project/Weather-Stations-Monitoring-DDIA-Project/weather-station/src/main/java/com/weather/centralstation/storage/CompactionWorker.java[0m
2026.05.22 16:03:05 INFO  no build target found for /Users/habibaelkamary/Desktop/College(new)/DDIA/Labs/project/Weather-Stations-Monitoring-DDIA-Project/weather-station/src/main/java/com/weather/centralstation/storage/CompactionWorker.java. Using fallback presentation compiler.[0m
2026.05.22 16:03:05 INFO  no build target found for /Users/habibaelkamary/Desktop/College(new)/DDIA/Labs/project/Weather-Stations-Monitoring-DDIA-Project/weather-station/src/main/java/com/weather/centralstation/storage/CompactionWorker.java. Using fallback presentation compiler.[0m
2026.05.22 16:03:05 INFO  no build target found for /Users/habibaelkamary/Desktop/College(new)/DDIA/Labs/project/Weather-Stations-Monitoring-DDIA-Project/weather-station/src/main/java/com/weather/centralstation/storage/CompactionWorker.java. Using fallback presentation compiler.[0m
2026.05.22 16:03:09 INFO  no build target found for /Users/habibaelkamary/Desktop/College(new)/DDIA/Labs/project/Weather-Stations-Monitoring-DDIA-Project/weather-station/src/main/java/com/weather/centralstation/storage/CompactionWorker.java. Using fallback presentation compiler.[0m
2026.05.22 16:03:09 INFO  no build target found for /Users/habibaelkamary/Desktop/College(new)/DDIA/Labs/project/Weather-Stations-Monitoring-DDIA-Project/weather-station/src/main/java/com/weather/centralstation/storage/SegmentManager.java. Using fallback presentation compiler.[0m
2026.05.22 16:03:09 INFO  no build target found for /Users/habibaelkamary/Desktop/College(new)/DDIA/Labs/project/Weather-Stations-Monitoring-DDIA-Project/weather-station/src/main/java/com/weather/centralstation/storage/SegmentManager.java. Using fallback presentation compiler.[0m
May 22, 2026 4:03:09 PM org.eclipse.lsp4j.jsonrpc.RemoteEndpoint handleCancellation
WARNING: Unmatched cancel notification for request id 563
2026.05.22 16:03:09 INFO  no build target found for /Users/habibaelkamary/Desktop/College(new)/DDIA/Labs/project/Weather-Stations-Monitoring-DDIA-Project/weather-station/src/main/java/com/weather/centralstation/storage/SegmentManager.java. Using fallback presentation compiler.[0m
May 22, 2026 4:03:09 PM org.eclipse.lsp4j.jsonrpc.RemoteEndpoint handleCancellation
WARNING: Unmatched cancel notification for request id 565
2026.05.22 16:03:09 INFO  no build target found for /Users/habibaelkamary/Desktop/College(new)/DDIA/Labs/project/Weather-Stations-Monitoring-DDIA-Project/weather-station/src/main/java/com/weather/centralstation/storage/SegmentManager.java. Using fallback presentation compiler.[0m
2026.05.22 16:03:09 WARN  no build target for: /Users/habibaelkamary/Desktop/College(new)/DDIA/Labs/project/Weather-Stations-Monitoring-DDIA-Project/weather-station/src/main/java/com/weather/centralstation/storage/SegmentManager.java[0m
2026.05.22 16:03:09 INFO  no build target found for /Users/habibaelkamary/Desktop/College(new)/DDIA/Labs/project/Weather-Stations-Monitoring-DDIA-Project/weather-station/src/main/java/com/weather/centralstation/storage/SegmentManager.java. Using fallback presentation compiler.[0m
2026.05.22 16:03:09 INFO  no build target found for /Users/habibaelkamary/Desktop/College(new)/DDIA/Labs/project/Weather-Stations-Monitoring-DDIA-Project/weather-station/src/main/java/com/weather/centralstation/storage/BitCaskStore.java. Using fallback presentation compiler.[0m
2026.05.22 16:03:09 WARN  no build target for: /Users/habibaelkamary/Desktop/College(new)/DDIA/Labs/project/Weather-Stations-Monitoring-DDIA-Project/weather-station/src/main/java/com/weather/centralstation/storage/BitCaskStore.java[0m
2026.05.22 16:03:09 INFO  no build target found for /Users/habibaelkamary/Desktop/College(new)/DDIA/Labs/project/Weather-Stations-Monitoring-DDIA-Project/weather-station/src/main/java/com/weather/centralstation/storage/BitCaskStore.java. Using fallback presentation compiler.[0m
2026.05.22 16:03:09 INFO  no build target found for /Users/habibaelkamary/Desktop/College(new)/DDIA/Labs/project/Weather-Stations-Monitoring-DDIA-Project/weather-station/src/main/java/com/weather/centralstation/storage/BitCaskStore.java. Using fallback presentation compiler.[0m
2026.05.22 16:03:09 INFO  no build target found for /Users/habibaelkamary/Desktop/College(new)/DDIA/Labs/project/Weather-Stations-Monitoring-DDIA-Project/weather-station/src/main/java/com/weather/centralstation/storage/BitCaskStore.java. Using fallback presentation compiler.[0m
2026.05.22 16:03:15 INFO  no build target found for /Users/habibaelkamary/Desktop/College(new)/DDIA/Labs/project/Weather-Stations-Monitoring-DDIA-Project/weather-station/src/main/java/com/weather/centralstation/storage/SegmentManager.java. Using fallback presentation compiler.[0m
May 22, 2026 4:03:15 PM org.eclipse.lsp4j.jsonrpc.RemoteEndpoint handleCancellation
WARNING: Unmatched cancel notification for request id 600
2026.05.22 16:03:15 INFO  no build target found for /Users/habibaelkamary/Desktop/College(new)/DDIA/Labs/project/Weather-Stations-Monitoring-DDIA-Project/weather-station/src/main/java/com/weather/centralstation/storage/SegmentManager.java. Using fallback presentation compiler.[0m
2026.05.22 16:03:15 INFO  no build target found for /Users/habibaelkamary/Desktop/College(new)/DDIA/Labs/project/Weather-Stations-Monitoring-DDIA-Project/weather-station/src/main/java/com/weather/centralstation/storage/SegmentManager.java. Using fallback presentation compiler.[0m
May 22, 2026 4:03:15 PM org.eclipse.lsp4j.jsonrpc.RemoteEndpoint handleCancellation
WARNING: Unmatched cancel notification for request id 602
2026.05.22 16:03:15 INFO  no build target found for /Users/habibaelkamary/Desktop/College(new)/DDIA/Labs/project/Weather-Stations-Monitoring-DDIA-Project/weather-station/src/main/java/com/weather/centralstation/storage/SegmentManager.java. Using fallback presentation compiler.[0m
2026.05.22 16:03:15 WARN  no build target for: /Users/habibaelkamary/Desktop/College(new)/DDIA/Labs/project/Weather-Stations-Monitoring-DDIA-Project/weather-station/src/main/java/com/weather/centralstation/storage/SegmentManager.java[0m
2026.05.22 16:03:15 INFO  no build target found for /Users/habibaelkamary/Desktop/College(new)/DDIA/Labs/project/Weather-Stations-Monitoring-DDIA-Project/weather-station/src/main/java/com/weather/centralstation/storage/SegmentManager.java. Using fallback presentation compiler.[0m
2026.05.22 16:03:15 INFO  no build target found for /Users/habibaelkamary/Desktop/College(new)/DDIA/Labs/project/Weather-Stations-Monitoring-DDIA-Project/weather-station/src/main/java/com/weather/centralstation/storage/KeyDirEntry.java. Using fallback presentation compiler.[0m
2026.05.22 16:03:15 INFO  no build target found for /Users/habibaelkamary/Desktop/College(new)/DDIA/Labs/project/Weather-Stations-Monitoring-DDIA-Project/weather-station/src/main/java/com/weather/centralstation/storage/KeyDirEntry.java. Using fallback presentation compiler.[0m
2026.05.22 16:03:15 WARN  no build target for: /Users/habibaelkamary/Desktop/College(new)/DDIA/Labs/project/Weather-Stations-Monitoring-DDIA-Project/weather-station/src/main/java/com/weather/centralstation/storage/KeyDirEntry.java[0m
2026.05.22 16:03:15 INFO  no build target found for /Users/habibaelkamary/Desktop/College(new)/DDIA/Labs/project/Weather-Stations-Monitoring-DDIA-Project/weather-station/src/main/java/com/weather/centralstation/storage/KeyDirEntry.java. Using fallback presentation compiler.[0m
2026.05.22 16:03:15 INFO  no build target found for /Users/habibaelkamary/Desktop/College(new)/DDIA/Labs/project/Weather-Stations-Monitoring-DDIA-Project/weather-station/src/main/java/com/weather/centralstation/storage/KeyDirEntry.java. Using fallback presentation compiler.[0m
2026.05.22 16:03:23 INFO  no build target found for /Users/habibaelkamary/Desktop/College(new)/DDIA/Labs/project/Weather-Stations-Monitoring-DDIA-Project/weather-station/src/main/java/com/weather/centralstation/storage/KeyDirEntry.java. Using fallback presentation compiler.[0m
2026.05.22 16:03:24 INFO  no build target found for /Users/habibaelkamary/Desktop/College(new)/DDIA/Labs/project/Weather-Stations-Monitoring-DDIA-Project/weather-station/src/main/java/com/weather/centralstation/storage/KeyDirEntry.java. Using fallback presentation compiler.[0m
2026.05.22 16:03:24 INFO  no build target found for /Users/habibaelkamary/Desktop/College(new)/DDIA/Labs/project/Weather-Stations-Monitoring-DDIA-Project/weather-station/src/main/java/com/weather/centralstation/storage/KeyDirEntry.java. Using fallback presentation compiler.[0m
2026.05.22 16:03:24 INFO  no build target found for /Users/habibaelkamary/Desktop/College(new)/DDIA/Labs/project/Weather-Stations-Monitoring-DDIA-Project/weather-station/src/main/java/com/weather/centralstation/storage/KeyDirEntry.java. Using fallback presentation compiler.[0m
2026.05.22 16:03:26 INFO  no build target found for /Users/habibaelkamary/Desktop/College(new)/DDIA/Labs/project/Weather-Stations-Monitoring-DDIA-Project/weather-station/src/main/java/com/weather/centralstation/storage/KeyDirEntry.java. Using fallback presentation compiler.[0m
2026.05.22 16:03:27 INFO  no build target found for /Users/habibaelkamary/Desktop/College(new)/DDIA/Labs/project/Weather-Stations-Monitoring-DDIA-Project/weather-station/src/main/java/com/weather/centralstation/storage/KeyDirEntry.java. Using fallback presentation compiler.[0m
2026.05.22 16:03:29 INFO  no build target found for /Users/habibaelkamary/Desktop/College(new)/DDIA/Labs/project/Weather-Stations-Monitoring-DDIA-Project/weather-station/src/main/java/com/weather/centralstation/storage/KeyDirEntry.java. Using fallback presentation compiler.[0m
2026.05.22 16:04:00 INFO  no build target found for /Users/habibaelkamary/Desktop/College(new)/DDIA/Labs/project/Weather-Stations-Monitoring-DDIA-Project/weather-station/src/main/java/com/weather/centralstation/storage/KeyDirEntry.java. Using fallback presentation compiler.[0m
May 22, 2026 4:04:01 PM org.eclipse.lsp4j.jsonrpc.RemoteEndpoint handleCancellation
WARNING: Unmatched cancel notification for request id 630
2026.05.22 16:04:00 INFO  no build target found for /Users/habibaelkamary/Desktop/College(new)/DDIA/Labs/project/Weather-Stations-Monitoring-DDIA-Project/weather-station/src/main/java/com/weather/centralstation/storage/KeyDirEntry.java. Using fallback presentation compiler.[0m
May 22, 2026 4:04:01 PM org.eclipse.lsp4j.jsonrpc.RemoteEndpoint handleCancellation
WARNING: Unmatched cancel notification for request id 632
2026.05.22 16:04:00 INFO  no build target found for /Users/habibaelkamary/Desktop/College(new)/DDIA/Labs/project/Weather-Stations-Monitoring-DDIA-Project/weather-station/src/main/java/com/weather/centralstation/storage/KeyDirEntry.java. Using fallback presentation compiler.[0m
2026.05.22 16:04:01 INFO  no build target found for /Users/habibaelkamary/Desktop/College(new)/DDIA/Labs/project/Weather-Stations-Monitoring-DDIA-Project/weather-station/src/main/java/com/weather/centralstation/storage/KeyDirEntry.java. Using fallback presentation compiler.[0m
2026.05.22 16:04:01 WARN  no build target for: /Users/habibaelkamary/Desktop/College(new)/DDIA/Labs/project/Weather-Stations-Monitoring-DDIA-Project/weather-station/src/main/java/com/weather/centralstation/storage/KeyDirEntry.java[0m
2026.05.22 16:04:01 INFO  no build target found for /Users/habibaelkamary/Desktop/College(new)/DDIA/Labs/project/Weather-Stations-Monitoring-DDIA-Project/weather-station/src/main/java/com/weather/centralstation/storage/KeyDirEntry.java. Using fallback presentation compiler.[0m
2026.05.22 16:04:02 INFO  no build target found for /Users/habibaelkamary/Desktop/College(new)/DDIA/Labs/project/Weather-Stations-Monitoring-DDIA-Project/weather-station/src/main/java/com/weather/centralstation/CentralStation.java. Using fallback presentation compiler.[0m
2026.05.22 16:04:02 INFO  no build target found for /Users/habibaelkamary/Desktop/College(new)/DDIA/Labs/project/Weather-Stations-Monitoring-DDIA-Project/weather-station/src/main/java/com/weather/centralstation/CentralStation.java. Using fallback presentation compiler.[0m
2026.05.22 16:04:02 WARN  no build target for: /Users/habibaelkamary/Desktop/College(new)/DDIA/Labs/project/Weather-Stations-Monitoring-DDIA-Project/weather-station/src/main/java/com/weather/centralstation/CentralStation.java[0m
2026.05.22 16:04:02 INFO  no build target found for /Users/habibaelkamary/Desktop/College(new)/DDIA/Labs/project/Weather-Stations-Monitoring-DDIA-Project/weather-station/src/main/java/com/weather/centralstation/CentralStation.java. Using fallback presentation compiler.[0m
2026.05.22 16:04:02 INFO  no build target found for /Users/habibaelkamary/Desktop/College(new)/DDIA/Labs/project/Weather-Stations-Monitoring-DDIA-Project/weather-station/src/main/java/com/weather/centralstation/CentralStation.java. Using fallback presentation compiler.[0m
2026.05.22 16:04:02 INFO  no build target found for /Users/habibaelkamary/Desktop/College(new)/DDIA/Labs/project/Weather-Stations-Monitoring-DDIA-Project/weather-station/src/main/java/com/weather/centralstation/CentralStation.java. Using fallback presentation compiler.[0m
2026.05.22 16:04:17 INFO  no build target found for /Users/habibaelkamary/Desktop/College(new)/DDIA/Labs/project/Weather-Stations-Monitoring-DDIA-Project/weather-station/src/main/java/com/weather/centralstation/CentralStation.java. Using fallback presentation compiler.[0m
2026.05.22 16:04:20 INFO  no build target found for /Users/habibaelkamary/Desktop/College(new)/DDIA/Labs/project/Weather-Stations-Monitoring-DDIA-Project/weather-station/src/main/java/com/weather/centralstation/CentralStation.java. Using fallback presentation compiler.[0m
2026.05.22 16:04:20 INFO  no build target found for /Users/habibaelkamary/Desktop/College(new)/DDIA/Labs/project/Weather-Stations-Monitoring-DDIA-Project/weather-station/src/main/java/com/weather/centralstation/CentralStation.java. Using fallback presentation compiler.[0m
2026.05.22 16:04:20 INFO  no build target found for /Users/habibaelkamary/Desktop/College(new)/DDIA/Labs/project/Weather-Stations-Monitoring-DDIA-Project/weather-station/src/main/java/com/weather/centralstation/CentralStation.java. Using fallback presentation compiler.[0m
2026.05.22 16:04:20 INFO  no build target found for /Users/habibaelkamary/Desktop/College(new)/DDIA/Labs/project/Weather-Stations-Monitoring-DDIA-Project/weather-station/src/main/java/com/weather/centralstation/CentralStation.java. Using fallback presentation compiler.[0m
2026.05.22 16:04:20 INFO  no build target found for /Users/habibaelkamary/Desktop/College(new)/DDIA/Labs/project/Weather-Stations-Monitoring-DDIA-Project/weather-station/src/main/java/com/weather/centralstation/CentralStation.java. Using fallback presentation compiler.[0m
2026.05.22 16:04:22 INFO  no build target found for /Users/habibaelkamary/Desktop/College(new)/DDIA/Labs/project/Weather-Stations-Monitoring-DDIA-Project/weather-station/src/main/java/com/weather/centralstation/CentralStation.java. Using fallback presentation compiler.[0m
2026.05.22 16:04:22 INFO  no build target found for /Users/habibaelkamary/Desktop/College(new)/DDIA/Labs/project/Weather-Stations-Monitoring-DDIA-Project/weather-station/src/main/java/com/weather/centralstation/CentralStation.java. Using fallback presentation compiler.[0m
2026.05.22 16:04:22 INFO  no build target found for /Users/habibaelkamary/Desktop/College(new)/DDIA/Labs/project/Weather-Stations-Monitoring-DDIA-Project/weather-station/src/main/java/com/weather/centralstation/CentralStation.java. Using fallback presentation compiler.[0m
2026.05.22 16:04:22 INFO  no build target found for /Users/habibaelkamary/Desktop/College(new)/DDIA/Labs/project/Weather-Stations-Monitoring-DDIA-Project/weather-station/src/main/java/com/weather/centralstation/CentralStation.java. Using fallback presentation compiler.[0m
2026.05.22 16:04:24 INFO  no build target found for /Users/habibaelkamary/Desktop/College(new)/DDIA/Labs/project/Weather-Stations-Monitoring-DDIA-Project/weather-station/src/main/java/com/weather/centralstation/CentralStation.java. Using fallback presentation compiler.[0m
2026.05.22 16:04:24 INFO  no build target found for /Users/habibaelkamary/Desktop/College(new)/DDIA/Labs/project/Weather-Stations-Monitoring-DDIA-Project/weather-station/src/main/java/com/weather/centralstation/CentralStation.java. Using fallback presentation compiler.[0m
2026.05.22 16:04:24 INFO  no build target found for /Users/habibaelkamary/Desktop/College(new)/DDIA/Labs/project/Weather-Stations-Monitoring-DDIA-Project/weather-station/src/main/java/com/weather/centralstation/CentralStation.java. Using fallback presentation compiler.[0m
2026.05.22 16:04:25 INFO  no build target found for /Users/habibaelkamary/Desktop/College(new)/DDIA/Labs/project/Weather-Stations-Monitoring-DDIA-Project/weather-station/src/main/java/com/weather/centralstation/CentralStation.java. Using fallback presentation compiler.[0m
2026.05.22 16:04:25 INFO  no build target found for /Users/habibaelkamary/Desktop/College(new)/DDIA/Labs/project/Weather-Stations-Monitoring-DDIA-Project/weather-station/src/main/java/com/weather/centralstation/CentralStation.java. Using fallback presentation compiler.[0m
2026.05.22 16:04:25 INFO  no build target found for /Users/habibaelkamary/Desktop/College(new)/DDIA/Labs/project/Weather-Stations-Monitoring-DDIA-Project/weather-station/src/main/java/com/weather/centralstation/CentralStation.java. Using fallback presentation compiler.[0m
2026.05.22 16:04:25 INFO  no build target found for /Users/habibaelkamary/Desktop/College(new)/DDIA/Labs/project/Weather-Stations-Monitoring-DDIA-Project/weather-station/src/main/java/com/weather/centralstation/CentralStation.java. Using fallback presentation compiler.[0m
2026.05.22 16:04:27 INFO  no build target found for /Users/habibaelkamary/Desktop/College(new)/DDIA/Labs/project/Weather-Stations-Monitoring-DDIA-Project/weather-station/src/main/java/com/weather/centralstation/CentralStation.java. Using fallback presentation compiler.[0m
2026.05.22 16:04:27 INFO  no build target found for /Users/habibaelkamary/Desktop/College(new)/DDIA/Labs/project/Weather-Stations-Monitoring-DDIA-Project/weather-station/src/main/java/com/weather/centralstation/CentralStation.java. Using fallback presentation compiler.[0m
2026.05.22 16:07:36 INFO  no build target found for /Users/habibaelkamary/Desktop/College(new)/DDIA/Labs/project/Weather-Stations-Monitoring-DDIA-Project/weather-station/src/main/java/com/weather/centralstation/CentralStation.java. Using fallback presentation compiler.[0m
May 22, 2026 4:07:36 PM org.eclipse.lsp4j.jsonrpc.RemoteEndpoint handleCancellation
WARNING: Unmatched cancel notification for request id 716
2026.05.22 16:07:46 INFO  no build target found for /Users/habibaelkamary/Desktop/College(new)/DDIA/Labs/project/Weather-Stations-Monitoring-DDIA-Project/weather-station/src/main/java/com/weather/centralstation/storage/BitCaskStore.java. Using fallback presentation compiler.[0m
May 22, 2026 4:07:46 PM org.eclipse.lsp4j.jsonrpc.RemoteEndpoint handleCancellation
WARNING: Unmatched cancel notification for request id 747
2026.05.22 16:07:46 INFO  no build target found for /Users/habibaelkamary/Desktop/College(new)/DDIA/Labs/project/Weather-Stations-Monitoring-DDIA-Project/weather-station/src/main/java/com/weather/centralstation/storage/BitCaskStore.java. Using fallback presentation compiler.[0m
2026.05.22 16:07:46 INFO  no build target found for /Users/habibaelkamary/Desktop/College(new)/DDIA/Labs/project/Weather-Stations-Monitoring-DDIA-Project/weather-station/src/main/java/com/weather/centralstation/storage/BitCaskStore.java. Using fallback presentation compiler.[0m
May 22, 2026 4:07:46 PM org.eclipse.lsp4j.jsonrpc.RemoteEndpoint handleCancellation
WARNING: Unmatched cancel notification for request id 749
2026.05.22 16:07:46 INFO  no build target found for /Users/habibaelkamary/Desktop/College(new)/DDIA/Labs/project/Weather-Stations-Monitoring-DDIA-Project/weather-station/src/main/java/com/weather/centralstation/storage/BitCaskStore.java. Using fallback presentation compiler.[0m
2026.05.22 16:07:46 WARN  no build target for: /Users/habibaelkamary/Desktop/College(new)/DDIA/Labs/project/Weather-Stations-Monitoring-DDIA-Project/weather-station/src/main/java/com/weather/centralstation/storage/BitCaskStore.java[0m
2026.05.22 16:07:46 INFO  no build target found for /Users/habibaelkamary/Desktop/College(new)/DDIA/Labs/project/Weather-Stations-Monitoring-DDIA-Project/weather-station/src/main/java/com/weather/centralstation/storage/BitCaskStore.java. Using fallback presentation compiler.[0m
2026.05.22 16:07:48 INFO  no build target found for /Users/habibaelkamary/Desktop/College(new)/DDIA/Labs/project/Weather-Stations-Monitoring-DDIA-Project/weather-station/src/main/java/com/weather/centralstation/CentralStation.java. Using fallback presentation compiler.[0m
2026.05.22 16:07:48 INFO  no build target found for /Users/habibaelkamary/Desktop/College(new)/DDIA/Labs/project/Weather-Stations-Monitoring-DDIA-Project/weather-station/src/main/java/com/weather/centralstation/CentralStation.java. Using fallback presentation compiler.[0m
May 22, 2026 4:07:48 PM org.eclipse.lsp4j.jsonrpc.RemoteEndpoint handleCancellation
WARNING: Unmatched cancel notification for request id 756
2026.05.22 16:07:48 INFO  no build target found for /Users/habibaelkamary/Desktop/College(new)/DDIA/Labs/project/Weather-Stations-Monitoring-DDIA-Project/weather-station/src/main/java/com/weather/centralstation/CentralStation.java. Using fallback presentation compiler.[0m
May 22, 2026 4:07:48 PM org.eclipse.lsp4j.jsonrpc.RemoteEndpoint handleCancellation
WARNING: Unmatched cancel notification for request id 758
2026.05.22 16:07:48 INFO  no build target found for /Users/habibaelkamary/Desktop/College(new)/DDIA/Labs/project/Weather-Stations-Monitoring-DDIA-Project/weather-station/src/main/java/com/weather/centralstation/CentralStation.java. Using fallback presentation compiler.[0m
2026.05.22 16:07:48 WARN  no build target for: /Users/habibaelkamary/Desktop/College(new)/DDIA/Labs/project/Weather-Stations-Monitoring-DDIA-Project/weather-station/src/main/java/com/weather/centralstation/CentralStation.java[0m
2026.05.22 16:07:48 INFO  no build target found for /Users/habibaelkamary/Desktop/College(new)/DDIA/Labs/project/Weather-Stations-Monitoring-DDIA-Project/weather-station/src/main/java/com/weather/centralstation/CentralStation.java. Using fallback presentation compiler.[0m
2026.05.22 16:07:48 INFO  no build target found for /Users/habibaelkamary/Desktop/College(new)/DDIA/Labs/project/Weather-Stations-Monitoring-DDIA-Project/weather-station/src/main/java/com/weather/centralstation/CentralStation.java. Using fallback presentation compiler.[0m
2026.05.22 16:07:53 INFO  no build target found for /Users/habibaelkamary/Desktop/College(new)/DDIA/Labs/project/Weather-Stations-Monitoring-DDIA-Project/weather-station/src/main/java/com/weather/centralstation/CentralStation.java. Using fallback presentation compiler.[0m
2026.05.22 16:07:59 INFO  no build target found for /Users/habibaelkamary/Desktop/College(new)/DDIA/Labs/project/Weather-Stations-Monitoring-DDIA-Project/weather-station/src/main/java/com/weather/centralstation/CentralStation.java. Using fallback presentation compiler.[0m
2026.05.22 16:11:48 INFO  no build target found for /Users/habibaelkamary/Desktop/College(new)/DDIA/Labs/project/Weather-Stations-Monitoring-DDIA-Project/weather-station/src/main/java/com/weather/centralstation/CentralStation.java. Using fallback presentation compiler.[0m
2026.05.22 16:11:54 INFO  no build target found for /Users/habibaelkamary/Desktop/College(new)/DDIA/Labs/project/Weather-Stations-Monitoring-DDIA-Project/weather-station/src/main/java/com/weather/centralstation/CentralStation.java. Using fallback presentation compiler.[0m
2026.05.22 16:11:58 INFO  no build target found for /Users/habibaelkamary/Desktop/College(new)/DDIA/Labs/project/Weather-Stations-Monitoring-DDIA-Project/weather-station/src/main/java/com/weather/centralstation/storage/KeyDirEntry.java. Using fallback presentation compiler.[0m
2026.05.22 16:11:58 INFO  no build target found for /Users/habibaelkamary/Desktop/College(new)/DDIA/Labs/project/Weather-Stations-Monitoring-DDIA-Project/weather-station/src/main/java/com/weather/centralstation/storage/KeyDirEntry.java. Using fallback presentation compiler.[0m
May 22, 2026 4:11:58 PM org.eclipse.lsp4j.jsonrpc.RemoteEndpoint handleCancellation
WARNING: Unmatched cancel notification for request id 826
2026.05.22 16:11:58 INFO  no build target found for /Users/habibaelkamary/Desktop/College(new)/DDIA/Labs/project/Weather-Stations-Monitoring-DDIA-Project/weather-station/src/main/java/com/weather/centralstation/storage/KeyDirEntry.java. Using fallback presentation compiler.[0m
May 22, 2026 4:11:58 PM org.eclipse.lsp4j.jsonrpc.RemoteEndpoint handleCancellation
WARNING: Unmatched cancel notification for request id 828
2026.05.22 16:11:58 INFO  no build target found for /Users/habibaelkamary/Desktop/College(new)/DDIA/Labs/project/Weather-Stations-Monitoring-DDIA-Project/weather-station/src/main/java/com/weather/centralstation/storage/KeyDirEntry.java. Using fallback presentation compiler.[0m
2026.05.22 16:11:58 WARN  no build target for: /Users/habibaelkamary/Desktop/College(new)/DDIA/Labs/project/Weather-Stations-Monitoring-DDIA-Project/weather-station/src/main/java/com/weather/centralstation/storage/KeyDirEntry.java[0m
2026.05.22 16:11:58 INFO  no build target found for /Users/habibaelkamary/Desktop/College(new)/DDIA/Labs/project/Weather-Stations-Monitoring-DDIA-Project/weather-station/src/main/java/com/weather/centralstation/storage/KeyDirEntry.java. Using fallback presentation compiler.[0m
2026.05.22 16:11:59 INFO  no build target found for /Users/habibaelkamary/Desktop/College(new)/DDIA/Labs/project/Weather-Stations-Monitoring-DDIA-Project/weather-station/src/main/java/com/weather/centralstation/storage/KeyDirEntry.java. Using fallback presentation compiler.[0m
2026.05.22 16:11:59 INFO  no build target found for /Users/habibaelkamary/Desktop/College(new)/DDIA/Labs/project/Weather-Stations-Monitoring-DDIA-Project/weather-station/src/main/java/com/weather/centralstation/storage/KeyDirEntry.java. Using fallback presentation compiler.[0m
2026.05.22 16:12:04 INFO  no build target found for /Users/habibaelkamary/Desktop/College(new)/DDIA/Labs/project/Weather-Stations-Monitoring-DDIA-Project/weather-station/src/main/java/com/weather/centralstation/storage/KeyDirEntry.java. Using fallback presentation compiler.[0m
May 22, 2026 4:12:04 PM org.eclipse.lsp4j.jsonrpc.RemoteEndpoint handleCancellation
WARNING: Unmatched cancel notification for request id 842
2026.05.22 16:12:04 INFO  no build target found for /Users/habibaelkamary/Desktop/College(new)/DDIA/Labs/project/Weather-Stations-Monitoring-DDIA-Project/weather-station/src/main/java/com/weather/centralstation/storage/KeyDirEntry.java. Using fallback presentation compiler.[0m
2026.05.22 16:12:04 INFO  no build target found for /Users/habibaelkamary/Desktop/College(new)/DDIA/Labs/project/Weather-Stations-Monitoring-DDIA-Project/weather-station/src/main/java/com/weather/centralstation/storage/KeyDirEntry.java. Using fallback presentation compiler.[0m
2026.05.22 16:12:05 INFO  no build target found for /Users/habibaelkamary/Desktop/College(new)/DDIA/Labs/project/Weather-Stations-Monitoring-DDIA-Project/weather-station/src/main/java/com/weather/centralstation/storage/KeyDirEntry.java. Using fallback presentation compiler.[0m
2026.05.22 16:12:05 INFO  no build target found for /Users/habibaelkamary/Desktop/College(new)/DDIA/Labs/project/Weather-Stations-Monitoring-DDIA-Project/weather-station/src/main/java/com/weather/centralstation/storage/KeyDirEntry.java. Using fallback presentation compiler.[0m
2026.05.22 16:12:05 INFO  no build target found for /Users/habibaelkamary/Desktop/College(new)/DDIA/Labs/project/Weather-Stations-Monitoring-DDIA-Project/weather-station/src/main/java/com/weather/centralstation/storage/KeyDirEntry.java. Using fallback presentation compiler.[0m
2026.05.22 16:12:15 INFO  no build target found for /Users/habibaelkamary/Desktop/College(new)/DDIA/Labs/project/Weather-Stations-Monitoring-DDIA-Project/weather-station/src/main/java/com/weather/centralstation/CentralStation.java. Using fallback presentation compiler.[0m
May 22, 2026 4:12:15 PM org.eclipse.lsp4j.jsonrpc.RemoteEndpoint handleCancellation
WARNING: Unmatched cancel notification for request id 857
2026.05.22 16:12:15 INFO  no build target found for /Users/habibaelkamary/Desktop/College(new)/DDIA/Labs/project/Weather-Stations-Monitoring-DDIA-Project/weather-station/src/main/java/com/weather/centralstation/CentralStation.java. Using fallback presentation compiler.[0m
2026.05.22 16:12:15 INFO  no build target found for /Users/habibaelkamary/Desktop/College(new)/DDIA/Labs/project/Weather-Stations-Monitoring-DDIA-Project/weather-station/src/main/java/com/weather/centralstation/CentralStation.java. Using fallback presentation compiler.[0m
2026.05.22 16:12:15 INFO  no build target found for /Users/habibaelkamary/Desktop/College(new)/DDIA/Labs/project/Weather-Stations-Monitoring-DDIA-Project/weather-station/src/main/java/com/weather/centralstation/CentralStation.java. Using fallback presentation compiler.[0m
2026.05.22 16:12:15 WARN  no build target for: /Users/habibaelkamary/Desktop/College(new)/DDIA/Labs/project/Weather-Stations-Monitoring-DDIA-Project/weather-station/src/main/java/com/weather/centralstation/CentralStation.java[0m
2026.05.22 16:12:15 INFO  no build target found for /Users/habibaelkamary/Desktop/College(new)/DDIA/Labs/project/Weather-Stations-Monitoring-DDIA-Project/weather-station/src/main/java/com/weather/centralstation/CentralStation.java. Using fallback presentation compiler.[0m
2026.05.22 16:12:15 INFO  no build target found for /Users/habibaelkamary/Desktop/College(new)/DDIA/Labs/project/Weather-Stations-Monitoring-DDIA-Project/weather-station/src/main/java/com/weather/centralstation/CentralStation.java. Using fallback presentation compiler.[0m
2026.05.22 16:12:22 INFO  no build target found for /Users/habibaelkamary/Desktop/College(new)/DDIA/Labs/project/Weather-Stations-Monitoring-DDIA-Project/weather-station/src/main/java/com/weather/centralstation/CentralStation.java. Using fallback presentation compiler.[0m
2026.05.22 16:12:22 INFO  no build target found for /Users/habibaelkamary/Desktop/College(new)/DDIA/Labs/project/Weather-Stations-Monitoring-DDIA-Project/weather-station/src/main/java/com/weather/centralstation/CentralStation.java. Using fallback presentation compiler.[0m
2026.05.22 16:12:22 INFO  no build target found for /Users/habibaelkamary/Desktop/College(new)/DDIA/Labs/project/Weather-Stations-Monitoring-DDIA-Project/weather-station/src/main/java/com/weather/centralstation/CentralStation.java. Using fallback presentation compiler.[0m
2026.05.22 16:12:22 INFO  no build target found for /Users/habibaelkamary/Desktop/College(new)/DDIA/Labs/project/Weather-Stations-Monitoring-DDIA-Project/weather-station/src/main/java/com/weather/centralstation/CentralStation.java. Using fallback presentation compiler.[0m
2026.05.22 16:12:26 INFO  no build target found for /Users/habibaelkamary/Desktop/College(new)/DDIA/Labs/project/Weather-Stations-Monitoring-DDIA-Project/weather-station/src/main/java/com/weather/centralstation/CentralStation.java. Using fallback presentation compiler.[0m
2026.05.22 16:12:30 INFO  no build target found for /Users/habibaelkamary/Desktop/College(new)/DDIA/Labs/project/Weather-Stations-Monitoring-DDIA-Project/weather-station/src/main/java/com/weather/centralstation/CentralStation.java. Using fallback presentation compiler.[0m
2026.05.22 16:12:30 INFO  no build target found for /Users/habibaelkamary/Desktop/College(new)/DDIA/Labs/project/Weather-Stations-Monitoring-DDIA-Project/weather-station/src/main/java/com/weather/centralstation/CentralStation.java. Using fallback presentation compiler.[0m
2026.05.22 16:12:30 INFO  no build target found for /Users/habibaelkamary/Desktop/College(new)/DDIA/Labs/project/Weather-Stations-Monitoring-DDIA-Project/weather-station/src/main/java/com/weather/centralstation/CentralStation.java. Using fallback presentation compiler.[0m
2026.05.22 16:12:31 INFO  no build target found for /Users/habibaelkamary/Desktop/College(new)/DDIA/Labs/project/Weather-Stations-Monitoring-DDIA-Project/weather-station/src/main/java/com/weather/centralstation/CentralStation.java. Using fallback presentation compiler.[0m
2026.05.22 16:12:32 INFO  no build target found for /Users/habibaelkamary/Desktop/College(new)/DDIA/Labs/project/Weather-Stations-Monitoring-DDIA-Project/weather-station/src/main/java/com/weather/centralstation/CentralStation.java. Using fallback presentation compiler.[0m
2026.05.22 16:12:32 INFO  no build target found for /Users/habibaelkamary/Desktop/College(new)/DDIA/Labs/project/Weather-Stations-Monitoring-DDIA-Project/weather-station/src/main/java/com/weather/centralstation/CentralStation.java. Using fallback presentation compiler.[0m
2026.05.22 16:12:36 INFO  no build target found for /Users/habibaelkamary/Desktop/College(new)/DDIA/Labs/project/Weather-Stations-Monitoring-DDIA-Project/weather-station/src/main/java/com/weather/centralstation/storage/KeyDirEntry.java. Using fallback presentation compiler.[0m
2026.05.22 16:12:36 INFO  no build target found for /Users/habibaelkamary/Desktop/College(new)/DDIA/Labs/project/Weather-Stations-Monitoring-DDIA-Project/weather-station/src/main/java/com/weather/centralstation/storage/KeyDirEntry.java. Using fallback presentation compiler.[0m
May 22, 2026 4:12:36 PM org.eclipse.lsp4j.jsonrpc.RemoteEndpoint handleCancellation
WARNING: Unmatched cancel notification for request id 916
2026.05.22 16:12:36 INFO  no build target found for /Users/habibaelkamary/Desktop/College(new)/DDIA/Labs/project/Weather-Stations-Monitoring-DDIA-Project/weather-station/src/main/java/com/weather/centralstation/storage/KeyDirEntry.java. Using fallback presentation compiler.[0m
2026.05.22 16:12:37 INFO  no build target found for /Users/habibaelkamary/Desktop/College(new)/DDIA/Labs/project/Weather-Stations-Monitoring-DDIA-Project/weather-station/src/main/java/com/weather/centralstation/storage/KeyDirEntry.java. Using fallback presentation compiler.[0m
2026.05.22 16:12:37 WARN  no build target for: /Users/habibaelkamary/Desktop/College(new)/DDIA/Labs/project/Weather-Stations-Monitoring-DDIA-Project/weather-station/src/main/java/com/weather/centralstation/storage/KeyDirEntry.java[0m
2026.05.22 16:12:37 INFO  no build target found for /Users/habibaelkamary/Desktop/College(new)/DDIA/Labs/project/Weather-Stations-Monitoring-DDIA-Project/weather-station/src/main/java/com/weather/centralstation/storage/KeyDirEntry.java. Using fallback presentation compiler.[0m
2026.05.22 16:12:36 INFO  no build target found for /Users/habibaelkamary/Desktop/College(new)/DDIA/Labs/project/Weather-Stations-Monitoring-DDIA-Project/weather-station/src/main/java/com/weather/centralstation/CentralStation.java. Using fallback presentation compiler.[0m
May 22, 2026 4:12:37 PM org.eclipse.lsp4j.jsonrpc.RemoteEndpoint handleCancellation
WARNING: Unmatched cancel notification for request id 925
2026.05.22 16:12:36 INFO  no build target found for /Users/habibaelkamary/Desktop/College(new)/DDIA/Labs/project/Weather-Stations-Monitoring-DDIA-Project/weather-station/src/main/java/com/weather/centralstation/CentralStation.java. Using fallback presentation compiler.[0m
2026.05.22 16:12:37 WARN  no build target for: /Users/habibaelkamary/Desktop/College(new)/DDIA/Labs/project/Weather-Stations-Monitoring-DDIA-Project/weather-station/src/main/java/com/weather/centralstation/CentralStation.java[0m
2026.05.22 16:12:37 INFO  no build target found for /Users/habibaelkamary/Desktop/College(new)/DDIA/Labs/project/Weather-Stations-Monitoring-DDIA-Project/weather-station/src/main/java/com/weather/centralstation/CentralStation.java. Using fallback presentation compiler.[0m
2026.05.22 16:12:37 INFO  no build target found for /Users/habibaelkamary/Desktop/College(new)/DDIA/Labs/project/Weather-Stations-Monitoring-DDIA-Project/weather-station/src/main/java/com/weather/centralstation/CentralStation.java. Using fallback presentation compiler.[0m
2026.05.22 16:12:37 INFO  no build target found for /Users/habibaelkamary/Desktop/College(new)/DDIA/Labs/project/Weather-Stations-Monitoring-DDIA-Project/weather-station/src/main/java/com/weather/centralstation/CentralStation.java. Using fallback presentation compiler.[0m
2026.05.22 16:12:37 INFO  no build target found for /Users/habibaelkamary/Desktop/College(new)/DDIA/Labs/project/Weather-Stations-Monitoring-DDIA-Project/weather-station/src/main/java/com/weather/centralstation/storage/SegmentManager.java. Using fallback presentation compiler.[0m
2026.05.22 16:12:38 INFO  no build target found for /Users/habibaelkamary/Desktop/College(new)/DDIA/Labs/project/Weather-Stations-Monitoring-DDIA-Project/weather-station/src/main/java/com/weather/centralstation/storage/SegmentManager.java. Using fallback presentation compiler.[0m
2026.05.22 16:12:38 WARN  no build target for: /Users/habibaelkamary/Desktop/College(new)/DDIA/Labs/project/Weather-Stations-Monitoring-DDIA-Project/weather-station/src/main/java/com/weather/centralstation/storage/SegmentManager.java[0m
2026.05.22 16:12:38 INFO  no build target found for /Users/habibaelkamary/Desktop/College(new)/DDIA/Labs/project/Weather-Stations-Monitoring-DDIA-Project/weather-station/src/main/java/com/weather/centralstation/storage/SegmentManager.java. Using fallback presentation compiler.[0m
2026.05.22 16:12:38 INFO  no build target found for /Users/habibaelkamary/Desktop/College(new)/DDIA/Labs/project/Weather-Stations-Monitoring-DDIA-Project/weather-station/src/main/java/com/weather/centralstation/storage/SegmentManager.java. Using fallback presentation compiler.[0m
2026.05.22 16:12:54 INFO  no build target found for /Users/habibaelkamary/Desktop/College(new)/DDIA/Labs/project/Weather-Stations-Monitoring-DDIA-Project/weather-station/src/main/java/com/weather/centralstation/storage/SegmentManager.java. Using fallback presentation compiler.[0m
2026.05.22 16:12:54 INFO  no build target found for /Users/habibaelkamary/Desktop/College(new)/DDIA/Labs/project/Weather-Stations-Monitoring-DDIA-Project/weather-station/src/main/java/com/weather/centralstation/storage/SegmentManager.java. Using fallback presentation compiler.[0m
2026.05.22 16:12:54 INFO  no build target found for /Users/habibaelkamary/Desktop/College(new)/DDIA/Labs/project/Weather-Stations-Monitoring-DDIA-Project/weather-station/src/main/java/com/weather/centralstation/storage/SegmentManager.java. Using fallback presentation compiler.[0m
2026.05.22 16:12:54 INFO  no build target found for /Users/habibaelkamary/Desktop/College(new)/DDIA/Labs/project/Weather-Stations-Monitoring-DDIA-Project/weather-station/src/main/java/com/weather/centralstation/storage/SegmentManager.java. Using fallback presentation compiler.[0m
2026.05.22 16:12:54 INFO  no build target found for /Users/habibaelkamary/Desktop/College(new)/DDIA/Labs/project/Weather-Stations-Monitoring-DDIA-Project/weather-station/src/main/java/com/weather/centralstation/storage/SegmentManager.java. Using fallback presentation compiler.[0m
May 22, 2026 4:12:55 PM org.eclipse.lsp4j.jsonrpc.RemoteEndpoint handleCancellation
WARNING: Unmatched cancel notification for request id 954
2026.05.22 16:12:55 INFO  no build target found for /Users/habibaelkamary/Desktop/College(new)/DDIA/Labs/project/Weather-Stations-Monitoring-DDIA-Project/weather-station/src/main/java/com/weather/centralstation/storage/SegmentManager.java. Using fallback presentation compiler.[0m
2026.05.22 16:12:55 INFO  no build target found for /Users/habibaelkamary/Desktop/College(new)/DDIA/Labs/project/Weather-Stations-Monitoring-DDIA-Project/weather-station/src/main/java/com/weather/centralstation/storage/SegmentManager.java. Using fallback presentation compiler.[0m
2026.05.22 16:12:57 INFO  no build target found for /Users/habibaelkamary/Desktop/College(new)/DDIA/Labs/project/Weather-Stations-Monitoring-DDIA-Project/weather-station/src/main/java/com/weather/centralstation/storage/SegmentManager.java. Using fallback presentation compiler.[0m
2026.05.22 16:13:18 INFO  no build target found for /Users/habibaelkamary/Desktop/College(new)/DDIA/Labs/project/Weather-Stations-Monitoring-DDIA-Project/weather-station/src/main/java/com/weather/centralstation/storage/SegmentManager.java. Using fallback presentation compiler.[0m
May 22, 2026 4:13:18 PM org.eclipse.lsp4j.jsonrpc.RemoteEndpoint handleCancellation
WARNING: Unmatched cancel notification for request id 961
2026.05.22 16:13:37 INFO  no build target found for /Users/habibaelkamary/Desktop/College(new)/DDIA/Labs/project/Weather-Stations-Monitoring-DDIA-Project/weather-station/src/main/java/com/weather/centralstation/storage/SegmentManager.java. Using fallback presentation compiler.[0m
2026.05.22 16:13:37 INFO  no build target found for /Users/habibaelkamary/Desktop/College(new)/DDIA/Labs/project/Weather-Stations-Monitoring-DDIA-Project/weather-station/src/main/java/com/weather/centralstation/storage/SegmentManager.java. Using fallback presentation compiler.[0m
2026.05.22 16:13:37 INFO  no build target found for /Users/habibaelkamary/Desktop/College(new)/DDIA/Labs/project/Weather-Stations-Monitoring-DDIA-Project/weather-station/src/main/java/com/weather/centralstation/storage/SegmentManager.java. Using fallback presentation compiler.[0m
2026.05.22 16:13:37 INFO  no build target found for /Users/habibaelkamary/Desktop/College(new)/DDIA/Labs/project/Weather-Stations-Monitoring-DDIA-Project/weather-station/src/main/java/com/weather/centralstation/storage/SegmentManager.java. Using fallback presentation compiler.[0m
2026.05.22 16:13:38 INFO  no build target found for /Users/habibaelkamary/Desktop/College(new)/DDIA/Labs/project/Weather-Stations-Monitoring-DDIA-Project/weather-station/src/main/java/com/weather/centralstation/storage/SegmentManager.java. Using fallback presentation compiler.[0m
May 22, 2026 4:13:40 PM org.eclipse.lsp4j.jsonrpc.RemoteEndpoint handleCancellation
WARNING: Unmatched cancel notification for request id 993
2026.05.22 16:13:46 INFO  no build target found for /Users/habibaelkamary/Desktop/College(new)/DDIA/Labs/project/Weather-Stations-Monitoring-DDIA-Project/weather-station/src/main/java/com/weather/centralstation/storage/SegmentManager.java. Using fallback presentation compiler.[0m
2026.05.22 16:13:49 INFO  no build target found for /Users/habibaelkamary/Desktop/College(new)/DDIA/Labs/project/Weather-Stations-Monitoring-DDIA-Project/weather-station/src/main/java/com/weather/centralstation/storage/SegmentManager.java. Using fallback presentation compiler.[0m
2026.05.22 16:13:49 INFO  no build target found for /Users/habibaelkamary/Desktop/College(new)/DDIA/Labs/project/Weather-Stations-Monitoring-DDIA-Project/weather-station/src/main/java/com/weather/centralstation/storage/SegmentManager.java. Using fallback presentation compiler.[0m
2026.05.22 16:19:31 INFO  no build target found for /Users/habibaelkamary/Desktop/College(new)/DDIA/Labs/project/Weather-Stations-Monitoring-DDIA-Project/weather-station/src/main/java/com/weather/centralstation/storage/SegmentManager.java. Using fallback presentation compiler.[0m
2026.05.22 16:21:02 INFO  no build target found for /Users/habibaelkamary/Desktop/College(new)/DDIA/Labs/project/Weather-Stations-Monitoring-DDIA-Project/weather-station/src/main/java/com/weather/centralstation/storage/SegmentManager.java. Using fallback presentation compiler.[0m
2026.05.22 16:21:02 INFO  no build target found for /Users/habibaelkamary/Desktop/College(new)/DDIA/Labs/project/Weather-Stations-Monitoring-DDIA-Project/weather-station/src/main/java/com/weather/centralstation/storage/SegmentManager.java. Using fallback presentation compiler.[0m
2026.05.22 16:21:03 INFO  no build target found for /Users/habibaelkamary/Desktop/College(new)/DDIA/Labs/project/Weather-Stations-Monitoring-DDIA-Project/weather-station/src/main/java/com/weather/centralstation/storage/SegmentManager.java. Using fallback presentation compiler.[0m
2026.05.22 16:21:03 INFO  no build target found for /Users/habibaelkamary/Desktop/College(new)/DDIA/Labs/project/Weather-Stations-Monitoring-DDIA-Project/weather-station/src/main/java/com/weather/centralstation/storage/SegmentManager.java. Using fallback presentation compiler.[0m
2026.05.22 16:21:05 INFO  no build target found for /Users/habibaelkamary/Desktop/College(new)/DDIA/Labs/project/Weather-Stations-Monitoring-DDIA-Project/weather-station/src/main/java/com/weather/centralstation/storage/SegmentManager.java. Using fallback presentation compiler.[0m
2026.05.22 16:21:05 INFO  no build target found for /Users/habibaelkamary/Desktop/College(new)/DDIA/Labs/project/Weather-Stations-Monitoring-DDIA-Project/weather-station/src/main/java/com/weather/centralstation/storage/SegmentManager.java. Using fallback presentation compiler.[0m
2026.05.22 16:21:42 INFO  no build target found for /Users/habibaelkamary/Desktop/College(new)/DDIA/Labs/project/Weather-Stations-Monitoring-DDIA-Project/weather-station/src/main/java/com/weather/centralstation/storage/SegmentManager.java. Using fallback presentation compiler.[0m
May 22, 2026 4:21:42 PM org.eclipse.lsp4j.jsonrpc.RemoteEndpoint handleCancellation
WARNING: Unmatched cancel notification for request id 1135
2026.05.22 16:21:42 INFO  no build target found for /Users/habibaelkamary/Desktop/College(new)/DDIA/Labs/project/Weather-Stations-Monitoring-DDIA-Project/weather-station/src/main/java/com/weather/centralstation/storage/SegmentManager.java. Using fallback presentation compiler.[0m
2026.05.22 16:21:45 INFO  no build target found for /Users/habibaelkamary/Desktop/College(new)/DDIA/Labs/project/Weather-Stations-Monitoring-DDIA-Project/weather-station/src/main/java/com/weather/centralstation/storage/KeyDirEntry.java. Using fallback presentation compiler.[0m
May 22, 2026 4:21:45 PM org.eclipse.lsp4j.jsonrpc.RemoteEndpoint handleCancellation
WARNING: Unmatched cancel notification for request id 1140
2026.05.22 16:21:45 INFO  no build target found for /Users/habibaelkamary/Desktop/College(new)/DDIA/Labs/project/Weather-Stations-Monitoring-DDIA-Project/weather-station/src/main/java/com/weather/centralstation/storage/KeyDirEntry.java. Using fallback presentation compiler.[0m
2026.05.22 16:21:46 WARN  no build target for: /Users/habibaelkamary/Desktop/College(new)/DDIA/Labs/project/Weather-Stations-Monitoring-DDIA-Project/weather-station/src/main/java/com/weather/centralstation/storage/KeyDirEntry.java[0m
2026.05.22 16:21:45 INFO  no build target found for /Users/habibaelkamary/Desktop/College(new)/DDIA/Labs/project/Weather-Stations-Monitoring-DDIA-Project/weather-station/src/main/java/com/weather/centralstation/storage/KeyDirEntry.java. Using fallback presentation compiler.[0m
2026.05.22 16:21:46 INFO  no build target found for /Users/habibaelkamary/Desktop/College(new)/DDIA/Labs/project/Weather-Stations-Monitoring-DDIA-Project/weather-station/src/main/java/com/weather/centralstation/storage/KeyDirEntry.java. Using fallback presentation compiler.[0m
2026.05.22 16:21:46 INFO  no build target found for /Users/habibaelkamary/Desktop/College(new)/DDIA/Labs/project/Weather-Stations-Monitoring-DDIA-Project/weather-station/src/main/java/com/weather/centralstation/storage/KeyDirEntry.java. Using fallback presentation compiler.[0m
2026.05.22 16:21:51 INFO  no build target found for /Users/habibaelkamary/Desktop/College(new)/DDIA/Labs/project/Weather-Stations-Monitoring-DDIA-Project/weather-station/src/main/java/com/weather/centralstation/storage/SegmentManager.java. Using fallback presentation compiler.[0m
May 22, 2026 4:21:51 PM org.eclipse.lsp4j.jsonrpc.RemoteEndpoint handleCancellation
WARNING: Unmatched cancel notification for request id 1149
2026.05.22 16:21:51 INFO  no build target found for /Users/habibaelkamary/Desktop/College(new)/DDIA/Labs/project/Weather-Stations-Monitoring-DDIA-Project/weather-station/src/main/java/com/weather/centralstation/storage/SegmentManager.java. Using fallback presentation compiler.[0m
2026.05.22 16:21:51 INFO  no build target found for /Users/habibaelkamary/Desktop/College(new)/DDIA/Labs/project/Weather-Stations-Monitoring-DDIA-Project/weather-station/src/main/java/com/weather/centralstation/storage/SegmentManager.java. Using fallback presentation compiler.[0m
2026.05.22 16:21:51 INFO  no build target found for /Users/habibaelkamary/Desktop/College(new)/DDIA/Labs/project/Weather-Stations-Monitoring-DDIA-Project/weather-station/src/main/java/com/weather/centralstation/storage/SegmentManager.java. Using fallback presentation compiler.[0m
2026.05.22 16:21:51 WARN  no build target for: /Users/habibaelkamary/Desktop/College(new)/DDIA/Labs/project/Weather-Stations-Monitoring-DDIA-Project/weather-station/src/main/java/com/weather/centralstation/storage/SegmentManager.java[0m
2026.05.22 16:21:51 INFO  no build target found for /Users/habibaelkamary/Desktop/College(new)/DDIA/Labs/project/Weather-Stations-Monitoring-DDIA-Project/weather-station/src/main/java/com/weather/centralstation/storage/SegmentManager.java. Using fallback presentation compiler.[0m
2026.05.22 16:22:41 INFO  no build target found for /Users/habibaelkamary/Desktop/College(new)/DDIA/Labs/project/Weather-Stations-Monitoring-DDIA-Project/weather-station/src/main/java/com/weather/centralstation/storage/BitCaskStore.java. Using fallback presentation compiler.[0m
May 22, 2026 4:22:41 PM org.eclipse.lsp4j.jsonrpc.RemoteEndpoint handleCancellation
WARNING: Unmatched cancel notification for request id 1224
2026.05.22 16:22:41 INFO  no build target found for /Users/habibaelkamary/Desktop/College(new)/DDIA/Labs/project/Weather-Stations-Monitoring-DDIA-Project/weather-station/src/main/java/com/weather/centralstation/storage/BitCaskStore.java. Using fallback presentation compiler.[0m
2026.05.22 16:22:41 INFO  no build target found for /Users/habibaelkamary/Desktop/College(new)/DDIA/Labs/project/Weather-Stations-Monitoring-DDIA-Project/weather-station/src/main/java/com/weather/centralstation/storage/BitCaskStore.java. Using fallback presentation compiler.[0m
May 22, 2026 4:22:41 PM org.eclipse.lsp4j.jsonrpc.RemoteEndpoint handleCancellation
WARNING: Unmatched cancel notification for request id 1226
2026.05.22 16:22:41 INFO  no build target found for /Users/habibaelkamary/Desktop/College(new)/DDIA/Labs/project/Weather-Stations-Monitoring-DDIA-Project/weather-station/src/main/java/com/weather/centralstation/storage/BitCaskStore.java. Using fallback presentation compiler.[0m
2026.05.22 16:22:41 WARN  no build target for: /Users/habibaelkamary/Desktop/College(new)/DDIA/Labs/project/Weather-Stations-Monitoring-DDIA-Project/weather-station/src/main/java/com/weather/centralstation/storage/BitCaskStore.java[0m
2026.05.22 16:22:41 INFO  no build target found for /Users/habibaelkamary/Desktop/College(new)/DDIA/Labs/project/Weather-Stations-Monitoring-DDIA-Project/weather-station/src/main/java/com/weather/centralstation/storage/BitCaskStore.java. Using fallback presentation compiler.[0m
2026.05.22 16:22:41 INFO  no build target found for /Users/habibaelkamary/Desktop/College(new)/DDIA/Labs/project/Weather-Stations-Monitoring-DDIA-Project/weather-station/src/main/java/com/weather/centralstation/storage/BitCaskStore.java. Using fallback presentation compiler.[0m
2026.05.22 16:22:54 INFO  no build target found for /Users/habibaelkamary/Desktop/College(new)/DDIA/Labs/project/Weather-Stations-Monitoring-DDIA-Project/weather-station/src/main/java/com/weather/centralstation/storage/SegmentManager.java. Using fallback presentation compiler.[0m
May 22, 2026 4:22:54 PM org.eclipse.lsp4j.jsonrpc.RemoteEndpoint handleCancellation
WARNING: Unmatched cancel notification for request id 1237
2026.05.22 16:22:54 INFO  no build target found for /Users/habibaelkamary/Desktop/College(new)/DDIA/Labs/project/Weather-Stations-Monitoring-DDIA-Project/weather-station/src/main/java/com/weather/centralstation/storage/SegmentManager.java. Using fallback presentation compiler.[0m
2026.05.22 16:22:54 INFO  no build target found for /Users/habibaelkamary/Desktop/College(new)/DDIA/Labs/project/Weather-Stations-Monitoring-DDIA-Project/weather-station/src/main/java/com/weather/centralstation/storage/SegmentManager.java. Using fallback presentation compiler.[0m
May 22, 2026 4:22:54 PM org.eclipse.lsp4j.jsonrpc.RemoteEndpoint handleCancellation
WARNING: Unmatched cancel notification for request id 1239
2026.05.22 16:22:54 INFO  no build target found for /Users/habibaelkamary/Desktop/College(new)/DDIA/Labs/project/Weather-Stations-Monitoring-DDIA-Project/weather-station/src/main/java/com/weather/centralstation/storage/SegmentManager.java. Using fallback presentation compiler.[0m
2026.05.22 16:22:55 WARN  no build target for: /Users/habibaelkamary/Desktop/College(new)/DDIA/Labs/project/Weather-Stations-Monitoring-DDIA-Project/weather-station/src/main/java/com/weather/centralstation/storage/SegmentManager.java[0m
2026.05.22 16:22:55 INFO  no build target found for /Users/habibaelkamary/Desktop/College(new)/DDIA/Labs/project/Weather-Stations-Monitoring-DDIA-Project/weather-station/src/main/java/com/weather/centralstation/storage/SegmentManager.java. Using fallback presentation compiler.[0m
2026.05.22 16:22:54 INFO  no build target found for /Users/habibaelkamary/Desktop/College(new)/DDIA/Labs/project/Weather-Stations-Monitoring-DDIA-Project/weather-station/src/main/java/com/weather/centralstation/storage/SegmentManager.java. Using fallback presentation compiler.[0m
2026.05.22 16:23:10 INFO  no build target found for /Users/habibaelkamary/Desktop/College(new)/DDIA/Labs/project/Weather-Stations-Monitoring-DDIA-Project/weather-station/src/main/java/com/weather/centralstation/storage/SegmentManager.java. Using fallback presentation compiler.[0m
2026.05.22 16:23:10 INFO  no build target found for /Users/habibaelkamary/Desktop/College(new)/DDIA/Labs/project/Weather-Stations-Monitoring-DDIA-Project/weather-station/src/main/java/com/weather/centralstation/storage/SegmentManager.java. Using fallback presentation compiler.[0m
2026.05.22 16:23:12 INFO  no build target found for /Users/habibaelkamary/Desktop/College(new)/DDIA/Labs/project/Weather-Stations-Monitoring-DDIA-Project/weather-station/src/main/java/com/weather/centralstation/storage/SegmentManager.java. Using fallback presentation compiler.[0m
2026.05.22 16:23:12 INFO  no build target found for /Users/habibaelkamary/Desktop/College(new)/DDIA/Labs/project/Weather-Stations-Monitoring-DDIA-Project/weather-station/src/main/java/com/weather/centralstation/storage/SegmentManager.java. Using fallback presentation compiler.[0m
2026.05.22 16:23:12 INFO  no build target found for /Users/habibaelkamary/Desktop/College(new)/DDIA/Labs/project/Weather-Stations-Monitoring-DDIA-Project/weather-station/src/main/java/com/weather/centralstation/storage/SegmentManager.java. Using fallback presentation compiler.[0m
2026.05.22 16:23:13 INFO  no build target found for /Users/habibaelkamary/Desktop/College(new)/DDIA/Labs/project/Weather-Stations-Monitoring-DDIA-Project/weather-station/src/main/java/com/weather/centralstation/storage/SegmentManager.java. Using fallback presentation compiler.[0m
2026.05.22 16:23:14 INFO  no build target found for /Users/habibaelkamary/Desktop/College(new)/DDIA/Labs/project/Weather-Stations-Monitoring-DDIA-Project/weather-station/src/main/java/com/weather/centralstation/storage/SegmentManager.java. Using fallback presentation compiler.[0m
2026.05.22 16:23:14 INFO  no build target found for /Users/habibaelkamary/Desktop/College(new)/DDIA/Labs/project/Weather-Stations-Monitoring-DDIA-Project/weather-station/src/main/java/com/weather/centralstation/storage/SegmentManager.java. Using fallback presentation compiler.[0m
2026.05.22 16:23:14 INFO  no build target found for /Users/habibaelkamary/Desktop/College(new)/DDIA/Labs/project/Weather-Stations-Monitoring-DDIA-Project/weather-station/src/main/java/com/weather/centralstation/storage/SegmentManager.java. Using fallback presentation compiler.[0m
2026.05.22 16:23:14 INFO  no build target found for /Users/habibaelkamary/Desktop/College(new)/DDIA/Labs/project/Weather-Stations-Monitoring-DDIA-Project/weather-station/src/main/java/com/weather/centralstation/storage/SegmentManager.java. Using fallback presentation compiler.[0m
2026.05.22 16:23:14 INFO  no build target found for /Users/habibaelkamary/Desktop/College(new)/DDIA/Labs/project/Weather-Stations-Monitoring-DDIA-Project/weather-station/src/main/java/com/weather/centralstation/storage/SegmentManager.java. Using fallback presentation compiler.[0m
2026.05.22 16:23:13 INFO  no build target found for /Users/habibaelkamary/Desktop/College(new)/DDIA/Labs/project/Weather-Stations-Monitoring-DDIA-Project/weather-station/src/main/java/com/weather/centralstation/storage/SegmentManager.java. Using fallback presentation compiler.[0m
2026.05.22 16:23:14 INFO  no build target found for /Users/habibaelkamary/Desktop/College(new)/DDIA/Labs/project/Weather-Stations-Monitoring-DDIA-Project/weather-station/src/main/java/com/weather/centralstation/storage/SegmentManager.java. Using fallback presentation compiler.[0m
2026.05.22 16:23:15 INFO  no build target found for /Users/habibaelkamary/Desktop/College(new)/DDIA/Labs/project/Weather-Stations-Monitoring-DDIA-Project/weather-station/src/main/java/com/weather/centralstation/storage/SegmentManager.java. Using fallback presentation compiler.[0m
2026.05.22 16:23:15 INFO  no build target found for /Users/habibaelkamary/Desktop/College(new)/DDIA/Labs/project/Weather-Stations-Monitoring-DDIA-Project/weather-station/src/main/java/com/weather/centralstation/storage/SegmentManager.java. Using fallback presentation compiler.[0m
2026.05.22 16:23:15 INFO  no build target found for /Users/habibaelkamary/Desktop/College(new)/DDIA/Labs/project/Weather-Stations-Monitoring-DDIA-Project/weather-station/src/main/java/com/weather/centralstation/storage/SegmentManager.java. Using fallback presentation compiler.[0m
2026.05.22 16:23:15 INFO  no build target found for /Users/habibaelkamary/Desktop/College(new)/DDIA/Labs/project/Weather-Stations-Monitoring-DDIA-Project/weather-station/src/main/java/com/weather/centralstation/storage/SegmentManager.java. Using fallback presentation compiler.[0m
2026.05.22 16:23:15 INFO  no build target found for /Users/habibaelkamary/Desktop/College(new)/DDIA/Labs/project/Weather-Stations-Monitoring-DDIA-Project/weather-station/src/main/java/com/weather/centralstation/storage/SegmentManager.java. Using fallback presentation compiler.[0m
2026.05.22 16:23:15 INFO  no build target found for /Users/habibaelkamary/Desktop/College(new)/DDIA/Labs/project/Weather-Stations-Monitoring-DDIA-Project/weather-station/src/main/java/com/weather/centralstation/storage/SegmentManager.java. Using fallback presentation compiler.[0m
2026.05.22 16:23:15 INFO  no build target found for /Users/habibaelkamary/Desktop/College(new)/DDIA/Labs/project/Weather-Stations-Monitoring-DDIA-Project/weather-station/src/main/java/com/weather/centralstation/storage/SegmentManager.java. Using fallback presentation compiler.[0m
2026.05.22 16:23:15 INFO  no build target found for /Users/habibaelkamary/Desktop/College(new)/DDIA/Labs/project/Weather-Stations-Monitoring-DDIA-Project/weather-station/src/main/java/com/weather/centralstation/storage/SegmentManager.java. Using fallback presentation compiler.[0m
2026.05.22 16:23:16 INFO  no build target found for /Users/habibaelkamary/Desktop/College(new)/DDIA/Labs/project/Weather-Stations-Monitoring-DDIA-Project/weather-station/src/main/java/com/weather/centralstation/storage/SegmentManager.java. Using fallback presentation compiler.[0m
2026.05.22 16:23:16 INFO  no build target found for /Users/habibaelkamary/Desktop/College(new)/DDIA/Labs/project/Weather-Stations-Monitoring-DDIA-Project/weather-station/src/main/java/com/weather/centralstation/storage/SegmentManager.java. Using fallback presentation compiler.[0m
2026.05.22 16:23:16 INFO  no build target found for /Users/habibaelkamary/Desktop/College(new)/DDIA/Labs/project/Weather-Stations-Monitoring-DDIA-Project/weather-station/src/main/java/com/weather/centralstation/storage/SegmentManager.java. Using fallback presentation compiler.[0m
2026.05.22 16:23:16 INFO  no build target found for /Users/habibaelkamary/Desktop/College(new)/DDIA/Labs/project/Weather-Stations-Monitoring-DDIA-Project/weather-station/src/main/java/com/weather/centralstation/storage/SegmentManager.java. Using fallback presentation compiler.[0m
2026.05.22 16:23:16 INFO  no build target found for /Users/habibaelkamary/Desktop/College(new)/DDIA/Labs/project/Weather-Stations-Monitoring-DDIA-Project/weather-station/src/main/java/com/weather/centralstation/storage/SegmentManager.java. Using fallback presentation compiler.[0m
2026.05.22 16:23:16 INFO  no build target found for /Users/habibaelkamary/Desktop/College(new)/DDIA/Labs/project/Weather-Stations-Monitoring-DDIA-Project/weather-station/src/main/java/com/weather/centralstation/storage/SegmentManager.java. Using fallback presentation compiler.[0m
2026.05.22 16:23:16 INFO  no build target found for /Users/habibaelkamary/Desktop/College(new)/DDIA/Labs/project/Weather-Stations-Monitoring-DDIA-Project/weather-station/src/main/java/com/weather/centralstation/storage/SegmentManager.java. Using fallback presentation compiler.[0m
2026.05.22 16:23:16 INFO  no build target found for /Users/habibaelkamary/Desktop/College(new)/DDIA/Labs/project/Weather-Stations-Monitoring-DDIA-Project/weather-station/src/main/java/com/weather/centralstation/storage/SegmentManager.java. Using fallback presentation compiler.[0m
2026.05.22 16:23:16 INFO  no build target found for /Users/habibaelkamary/Desktop/College(new)/DDIA/Labs/project/Weather-Stations-Monitoring-DDIA-Project/weather-station/src/main/java/com/weather/centralstation/storage/SegmentManager.java. Using fallback presentation compiler.[0m
2026.05.22 16:23:17 INFO  no build target found for /Users/habibaelkamary/Desktop/College(new)/DDIA/Labs/project/Weather-Stations-Monitoring-DDIA-Project/weather-station/src/main/java/com/weather/centralstation/storage/SegmentManager.java. Using fallback presentation compiler.[0m
2026.05.22 16:23:17 INFO  no build target found for /Users/habibaelkamary/Desktop/College(new)/DDIA/Labs/project/Weather-Stations-Monitoring-DDIA-Project/weather-station/src/main/java/com/weather/centralstation/storage/SegmentManager.java. Using fallback presentation compiler.[0m
2026.05.22 16:23:17 INFO  no build target found for /Users/habibaelkamary/Desktop/College(new)/DDIA/Labs/project/Weather-Stations-Monitoring-DDIA-Project/weather-station/src/main/java/com/weather/centralstation/storage/SegmentManager.java. Using fallback presentation compiler.[0m
2026.05.22 16:23:17 INFO  no build target found for /Users/habibaelkamary/Desktop/College(new)/DDIA/Labs/project/Weather-Stations-Monitoring-DDIA-Project/weather-station/src/main/java/com/weather/centralstation/storage/SegmentManager.java. Using fallback presentation compiler.[0m
2026.05.22 16:23:17 INFO  no build target found for /Users/habibaelkamary/Desktop/College(new)/DDIA/Labs/project/Weather-Stations-Monitoring-DDIA-Project/weather-station/src/main/java/com/weather/centralstation/storage/SegmentManager.java. Using fallback presentation compiler.[0m
2026.05.22 16:23:17 INFO  no build target found for /Users/habibaelkamary/Desktop/College(new)/DDIA/Labs/project/Weather-Stations-Monitoring-DDIA-Project/weather-station/src/main/java/com/weather/centralstation/storage/SegmentManager.java. Using fallback presentation compiler.[0m
2026.05.22 16:23:17 INFO  no build target found for /Users/habibaelkamary/Desktop/College(new)/DDIA/Labs/project/Weather-Stations-Monitoring-DDIA-Project/weather-station/src/main/java/com/weather/centralstation/storage/SegmentManager.java. Using fallback presentation compiler.[0m
2026.05.22 16:23:17 INFO  no build target found for /Users/habibaelkamary/Desktop/College(new)/DDIA/Labs/project/Weather-Stations-Monitoring-DDIA-Project/weather-station/src/main/java/com/weather/centralstation/storage/SegmentManager.java. Using fallback presentation compiler.[0m
2026.05.22 16:23:17 INFO  no build target found for /Users/habibaelkamary/Desktop/College(new)/DDIA/Labs/project/Weather-Stations-Monitoring-DDIA-Project/weather-station/src/main/java/com/weather/centralstation/storage/SegmentManager.java. Using fallback presentation compiler.[0m
2026.05.22 16:23:18 INFO  no build target found for /Users/habibaelkamary/Desktop/College(new)/DDIA/Labs/project/Weather-Stations-Monitoring-DDIA-Project/weather-station/src/main/java/com/weather/centralstation/storage/SegmentManager.java. Using fallback presentation compiler.[0m
2026.05.22 16:23:18 INFO  no build target found for /Users/habibaelkamary/Desktop/College(new)/DDIA/Labs/project/Weather-Stations-Monitoring-DDIA-Project/weather-station/src/main/java/com/weather/centralstation/storage/SegmentManager.java. Using fallback presentation compiler.[0m
2026.05.22 16:23:18 INFO  no build target found for /Users/habibaelkamary/Desktop/College(new)/DDIA/Labs/project/Weather-Stations-Monitoring-DDIA-Project/weather-station/src/main/java/com/weather/centralstation/storage/SegmentManager.java. Using fallback presentation compiler.[0m
2026.05.22 16:23:18 INFO  no build target found for /Users/habibaelkamary/Desktop/College(new)/DDIA/Labs/project/Weather-Stations-Monitoring-DDIA-Project/weather-station/src/main/java/com/weather/centralstation/storage/SegmentManager.java. Using fallback presentation compiler.[0m
2026.05.22 16:23:18 INFO  no build target found for /Users/habibaelkamary/Desktop/College(new)/DDIA/Labs/project/Weather-Stations-Monitoring-DDIA-Project/weather-station/src/main/java/com/weather/centralstation/storage/SegmentManager.java. Using fallback presentation compiler.[0m
2026.05.22 16:23:19 INFO  no build target found for /Users/habibaelkamary/Desktop/College(new)/DDIA/Labs/project/Weather-Stations-Monitoring-DDIA-Project/weather-station/src/main/java/com/weather/centralstation/storage/SegmentManager.java. Using fallback presentation compiler.[0m
2026.05.22 16:23:18 INFO  no build target found for /Users/habibaelkamary/Desktop/College(new)/DDIA/Labs/project/Weather-Stations-Monitoring-DDIA-Project/weather-station/src/main/java/com/weather/centralstation/storage/SegmentManager.java. Using fallback presentation compiler.[0m
2026.05.22 16:23:18 INFO  no build target found for /Users/habibaelkamary/Desktop/College(new)/DDIA/Labs/project/Weather-Stations-Monitoring-DDIA-Project/weather-station/src/main/java/com/weather/centralstation/storage/SegmentManager.java. Using fallback presentation compiler.[0m
2026.05.22 16:23:19 INFO  no build target found for /Users/habibaelkamary/Desktop/College(new)/DDIA/Labs/project/Weather-Stations-Monitoring-DDIA-Project/weather-station/src/main/java/com/weather/centralstation/storage/SegmentManager.java. Using fallback presentation compiler.[0m
2026.05.22 16:23:18 INFO  no build target found for /Users/habibaelkamary/Desktop/College(new)/DDIA/Labs/project/Weather-Stations-Monitoring-DDIA-Project/weather-station/src/main/java/com/weather/centralstation/storage/SegmentManager.java. Using fallback presentation compiler.[0m
2026.05.22 16:23:19 INFO  no build target found for /Users/habibaelkamary/Desktop/College(new)/DDIA/Labs/project/Weather-Stations-Monitoring-DDIA-Project/weather-station/src/main/java/com/weather/centralstation/storage/SegmentManager.java. Using fallback presentation compiler.[0m
2026.05.22 16:23:19 INFO  no build target found for /Users/habibaelkamary/Desktop/College(new)/DDIA/Labs/project/Weather-Stations-Monitoring-DDIA-Project/weather-station/src/main/java/com/weather/centralstation/storage/SegmentManager.java. Using fallback presentation compiler.[0m
2026.05.22 16:23:19 INFO  no build target found for /Users/habibaelkamary/Desktop/College(new)/DDIA/Labs/project/Weather-Stations-Monitoring-DDIA-Project/weather-station/src/main/java/com/weather/centralstation/storage/SegmentManager.java. Using fallback presentation compiler.[0m
2026.05.22 16:23:19 INFO  no build target found for /Users/habibaelkamary/Desktop/College(new)/DDIA/Labs/project/Weather-Stations-Monitoring-DDIA-Project/weather-station/src/main/java/com/weather/centralstation/storage/SegmentManager.java. Using fallback presentation compiler.[0m
2026.05.22 16:23:19 INFO  no build target found for /Users/habibaelkamary/Desktop/College(new)/DDIA/Labs/project/Weather-Stations-Monitoring-DDIA-Project/weather-station/src/main/java/com/weather/centralstation/storage/SegmentManager.java. Using fallback presentation compiler.[0m
2026.05.22 16:23:19 INFO  no build target found for /Users/habibaelkamary/Desktop/College(new)/DDIA/Labs/project/Weather-Stations-Monitoring-DDIA-Project/weather-station/src/main/java/com/weather/centralstation/storage/SegmentManager.java. Using fallback presentation compiler.[0m
2026.05.22 16:23:19 INFO  no build target found for /Users/habibaelkamary/Desktop/College(new)/DDIA/Labs/project/Weather-Stations-Monitoring-DDIA-Project/weather-station/src/main/java/com/weather/centralstation/storage/SegmentManager.java. Using fallback presentation compiler.[0m
2026.05.22 16:23:19 INFO  no build target found for /Users/habibaelkamary/Desktop/College(new)/DDIA/Labs/project/Weather-Stations-Monitoring-DDIA-Project/weather-station/src/main/java/com/weather/centralstation/storage/SegmentManager.java. Using fallback presentation compiler.[0m
2026.05.22 16:23:20 INFO  no build target found for /Users/habibaelkamary/Desktop/College(new)/DDIA/Labs/project/Weather-Stations-Monitoring-DDIA-Project/weather-station/src/main/java/com/weather/centralstation/storage/SegmentManager.java. Using fallback presentation compiler.[0m
2026.05.22 16:23:21 INFO  no build target found for /Users/habibaelkamary/Desktop/College(new)/DDIA/Labs/project/Weather-Stations-Monitoring-DDIA-Project/weather-station/src/main/java/com/weather/centralstation/storage/SegmentManager.java. Using fallback presentation compiler.[0m
2026.05.22 16:23:21 INFO  no build target found for /Users/habibaelkamary/Desktop/College(new)/DDIA/Labs/project/Weather-Stations-Monitoring-DDIA-Project/weather-station/src/main/java/com/weather/centralstation/storage/SegmentManager.java. Using fallback presentation compiler.[0m
2026.05.22 16:23:21 INFO  no build target found for /Users/habibaelkamary/Desktop/College(new)/DDIA/Labs/project/Weather-Stations-Monitoring-DDIA-Project/weather-station/src/main/java/com/weather/centralstation/storage/SegmentManager.java. Using fallback presentation compiler.[0m
2026.05.22 16:23:22 INFO  no build target found for /Users/habibaelkamary/Desktop/College(new)/DDIA/Labs/project/Weather-Stations-Monitoring-DDIA-Project/weather-station/src/main/java/com/weather/centralstation/storage/SegmentManager.java. Using fallback presentation compiler.[0m
2026.05.22 16:23:21 INFO  no build target found for /Users/habibaelkamary/Desktop/College(new)/DDIA/Labs/project/Weather-Stations-Monitoring-DDIA-Project/weather-station/src/main/java/com/weather/centralstation/storage/SegmentManager.java. Using fallback presentation compiler.[0m
2026.05.22 16:23:21 INFO  no build target found for /Users/habibaelkamary/Desktop/College(new)/DDIA/Labs/project/Weather-Stations-Monitoring-DDIA-Project/weather-station/src/main/java/com/weather/centralstation/storage/SegmentManager.java. Using fallback presentation compiler.[0m
2026.05.22 16:23:22 INFO  no build target found for /Users/habibaelkamary/Desktop/College(new)/DDIA/Labs/project/Weather-Stations-Monitoring-DDIA-Project/weather-station/src/main/java/com/weather/centralstation/storage/SegmentManager.java. Using fallback presentation compiler.[0m
2026.05.22 16:23:21 INFO  no build target found for /Users/habibaelkamary/Desktop/College(new)/DDIA/Labs/project/Weather-Stations-Monitoring-DDIA-Project/weather-station/src/main/java/com/weather/centralstation/storage/SegmentManager.java. Using fallback presentation compiler.[0m
2026.05.22 16:23:22 INFO  no build target found for /Users/habibaelkamary/Desktop/College(new)/DDIA/Labs/project/Weather-Stations-Monitoring-DDIA-Project/weather-station/src/main/java/com/weather/centralstation/storage/SegmentManager.java. Using fallback presentation compiler.[0m
2026.05.22 16:23:22 INFO  no build target found for /Users/habibaelkamary/Desktop/College(new)/DDIA/Labs/project/Weather-Stations-Monitoring-DDIA-Project/weather-station/src/main/java/com/weather/centralstation/storage/SegmentManager.java. Using fallback presentation compiler.[0m
2026.05.22 16:23:22 INFO  no build target found for /Users/habibaelkamary/Desktop/College(new)/DDIA/Labs/project/Weather-Stations-Monitoring-DDIA-Project/weather-station/src/main/java/com/weather/centralstation/storage/SegmentManager.java. Using fallback presentation compiler.[0m
2026.05.22 16:23:22 INFO  no build target found for /Users/habibaelkamary/Desktop/College(new)/DDIA/Labs/project/Weather-Stations-Monitoring-DDIA-Project/weather-station/src/main/java/com/weather/centralstation/storage/SegmentManager.java. Using fallback presentation compiler.[0m
2026.05.22 16:23:23 INFO  no build target found for /Users/habibaelkamary/Desktop/College(new)/DDIA/Labs/project/Weather-Stations-Monitoring-DDIA-Project/weather-station/src/main/java/com/weather/centralstation/storage/SegmentManager.java. Using fallback presentation compiler.[0m
2026.05.22 16:23:22 INFO  no build target found for /Users/habibaelkamary/Desktop/College(new)/DDIA/Labs/project/Weather-Stations-Monitoring-DDIA-Project/weather-station/src/main/java/com/weather/centralstation/storage/SegmentManager.java. Using fallback presentation compiler.[0m
2026.05.22 16:23:22 INFO  no build target found for /Users/habibaelkamary/Desktop/College(new)/DDIA/Labs/project/Weather-Stations-Monitoring-DDIA-Project/weather-station/src/main/java/com/weather/centralstation/storage/SegmentManager.java. Using fallback presentation compiler.[0m
2026.05.22 16:23:22 INFO  no build target found for /Users/habibaelkamary/Desktop/College(new)/DDIA/Labs/project/Weather-Stations-Monitoring-DDIA-Project/weather-station/src/main/java/com/weather/centralstation/storage/SegmentManager.java. Using fallback presentation compiler.[0m
2026.05.22 16:23:22 INFO  no build target found for /Users/habibaelkamary/Desktop/College(new)/DDIA/Labs/project/Weather-Stations-Monitoring-DDIA-Project/weather-station/src/main/java/com/weather/centralstation/storage/SegmentManager.java. Using fallback presentation compiler.[0m
2026.05.22 16:23:23 INFO  no build target found for /Users/habibaelkamary/Desktop/College(new)/DDIA/Labs/project/Weather-Stations-Monitoring-DDIA-Project/weather-station/src/main/java/com/weather/centralstation/storage/SegmentManager.java. Using fallback presentation compiler.[0m
2026.05.22 16:23:25 INFO  no build target found for /Users/habibaelkamary/Desktop/College(new)/DDIA/Labs/project/Weather-Stations-Monitoring-DDIA-Project/weather-station/src/main/java/com/weather/centralstation/storage/SegmentManager.java. Using fallback presentation compiler.[0m
2026.05.22 16:23:25 INFO  no build target found for /Users/habibaelkamary/Desktop/College(new)/DDIA/Labs/project/Weather-Stations-Monitoring-DDIA-Project/weather-station/src/main/java/com/weather/centralstation/storage/SegmentManager.java. Using fallback presentation compiler.[0m
2026.05.22 16:23:25 INFO  no build target found for /Users/habibaelkamary/Desktop/College(new)/DDIA/Labs/project/Weather-Stations-Monitoring-DDIA-Project/weather-station/src/main/java/com/weather/centralstation/storage/SegmentManager.java. Using fallback presentation compiler.[0m
2026.05.22 16:23:25 INFO  no build target found for /Users/habibaelkamary/Desktop/College(new)/DDIA/Labs/project/Weather-Stations-Monitoring-DDIA-Project/weather-station/src/main/java/com/weather/centralstation/storage/SegmentManager.java. Using fallback presentation compiler.[0m
2026.05.22 16:23:25 INFO  no build target found for /Users/habibaelkamary/Desktop/College(new)/DDIA/Labs/project/Weather-Stations-Monitoring-DDIA-Project/weather-station/src/main/java/com/weather/centralstation/storage/SegmentManager.java. Using fallback presentation compiler.[0m
2026.05.22 16:23:25 INFO  no build target found for /Users/habibaelkamary/Desktop/College(new)/DDIA/Labs/project/Weather-Stations-Monitoring-DDIA-Project/weather-station/src/main/java/com/weather/centralstation/storage/SegmentManager.java. Using fallback presentation compiler.[0m
2026.05.22 16:23:25 INFO  no build target found for /Users/habibaelkamary/Desktop/College(new)/DDIA/Labs/project/Weather-Stations-Monitoring-DDIA-Project/weather-station/src/main/java/com/weather/centralstation/storage/SegmentManager.java. Using fallback presentation compiler.[0m
2026.05.22 16:23:25 INFO  no build target found for /Users/habibaelkamary/Desktop/College(new)/DDIA/Labs/project/Weather-Stations-Monitoring-DDIA-Project/weather-station/src/main/java/com/weather/centralstation/storage/SegmentManager.java. Using fallback presentation compiler.[0m
May 22, 2026 4:23:26 PM org.eclipse.lsp4j.jsonrpc.RemoteEndpoint handleCancellation
WARNING: Unmatched cancel notification for request id 1383
2026.05.22 16:23:26 INFO  no build target found for /Users/habibaelkamary/Desktop/College(new)/DDIA/Labs/project/Weather-Stations-Monitoring-DDIA-Project/weather-station/src/main/java/com/weather/centralstation/storage/SegmentManager.java. Using fallback presentation compiler.[0m
2026.05.22 16:23:26 INFO  no build target found for /Users/habibaelkamary/Desktop/College(new)/DDIA/Labs/project/Weather-Stations-Monitoring-DDIA-Project/weather-station/src/main/java/com/weather/centralstation/storage/SegmentManager.java. Using fallback presentation compiler.[0m
2026.05.22 16:23:26 INFO  no build target found for /Users/habibaelkamary/Desktop/College(new)/DDIA/Labs/project/Weather-Stations-Monitoring-DDIA-Project/weather-station/src/main/java/com/weather/centralstation/storage/SegmentManager.java. Using fallback presentation compiler.[0m
2026.05.22 16:23:26 INFO  no build target found for /Users/habibaelkamary/Desktop/College(new)/DDIA/Labs/project/Weather-Stations-Monitoring-DDIA-Project/weather-station/src/main/java/com/weather/centralstation/storage/SegmentManager.java. Using fallback presentation compiler.[0m
2026.05.22 16:23:27 INFO  no build target found for /Users/habibaelkamary/Desktop/College(new)/DDIA/Labs/project/Weather-Stations-Monitoring-DDIA-Project/weather-station/src/main/java/com/weather/centralstation/storage/SegmentManager.java. Using fallback presentation compiler.[0m
2026.05.22 16:23:26 INFO  no build target found for /Users/habibaelkamary/Desktop/College(new)/DDIA/Labs/project/Weather-Stations-Monitoring-DDIA-Project/weather-station/src/main/java/com/weather/centralstation/storage/SegmentManager.java. Using fallback presentation compiler.[0m
2026.05.22 16:23:27 INFO  no build target found for /Users/habibaelkamary/Desktop/College(new)/DDIA/Labs/project/Weather-Stations-Monitoring-DDIA-Project/weather-station/src/main/java/com/weather/centralstation/storage/SegmentManager.java. Using fallback presentation compiler.[0m
2026.05.22 16:23:27 INFO  no build target found for /Users/habibaelkamary/Desktop/College(new)/DDIA/Labs/project/Weather-Stations-Monitoring-DDIA-Project/weather-station/src/main/java/com/weather/centralstation/storage/SegmentManager.java. Using fallback presentation compiler.[0m
2026.05.22 16:23:27 INFO  no build target found for /Users/habibaelkamary/Desktop/College(new)/DDIA/Labs/project/Weather-Stations-Monitoring-DDIA-Project/weather-station/src/main/java/com/weather/centralstation/storage/SegmentManager.java. Using fallback presentation compiler.[0m
2026.05.22 16:23:27 INFO  no build target found for /Users/habibaelkamary/Desktop/College(new)/DDIA/Labs/project/Weather-Stations-Monitoring-DDIA-Project/weather-station/src/main/java/com/weather/centralstation/storage/SegmentManager.java. Using fallback presentation compiler.[0m
2026.05.22 16:23:27 INFO  no build target found for /Users/habibaelkamary/Desktop/College(new)/DDIA/Labs/project/Weather-Stations-Monitoring-DDIA-Project/weather-station/src/main/java/com/weather/centralstation/storage/SegmentManager.java. Using fallback presentation compiler.[0m
2026.05.22 16:23:27 INFO  no build target found for /Users/habibaelkamary/Desktop/College(new)/DDIA/Labs/project/Weather-Stations-Monitoring-DDIA-Project/weather-station/src/main/java/com/weather/centralstation/storage/SegmentManager.java. Using fallback presentation compiler.[0m
2026.05.22 16:23:27 INFO  no build target found for /Users/habibaelkamary/Desktop/College(new)/DDIA/Labs/project/Weather-Stations-Monitoring-DDIA-Project/weather-station/src/main/java/com/weather/centralstation/storage/SegmentManager.java. Using fallback presentation compiler.[0m
2026.05.22 16:23:27 INFO  no build target found for /Users/habibaelkamary/Desktop/College(new)/DDIA/Labs/project/Weather-Stations-Monitoring-DDIA-Project/weather-station/src/main/java/com/weather/centralstation/storage/SegmentManager.java. Using fallback presentation compiler.[0m
May 22, 2026 4:23:28 PM org.eclipse.lsp4j.jsonrpc.RemoteEndpoint handleCancellation
WARNING: Unmatched cancel notification for request id 1406
2026.05.22 16:23:27 INFO  no build target found for /Users/habibaelkamary/Desktop/College(new)/DDIA/Labs/project/Weather-Stations-Monitoring-DDIA-Project/weather-station/src/main/java/com/weather/centralstation/storage/SegmentManager.java. Using fallback presentation compiler.[0m
2026.05.22 16:23:28 INFO  no build target found for /Users/habibaelkamary/Desktop/College(new)/DDIA/Labs/project/Weather-Stations-Monitoring-DDIA-Project/weather-station/src/main/java/com/weather/centralstation/storage/SegmentManager.java. Using fallback presentation compiler.[0m
2026.05.22 16:23:27 INFO  no build target found for /Users/habibaelkamary/Desktop/College(new)/DDIA/Labs/project/Weather-Stations-Monitoring-DDIA-Project/weather-station/src/main/java/com/weather/centralstation/storage/SegmentManager.java. Using fallback presentation compiler.[0m
2026.05.22 16:23:28 INFO  no build target found for /Users/habibaelkamary/Desktop/College(new)/DDIA/Labs/project/Weather-Stations-Monitoring-DDIA-Project/weather-station/src/main/java/com/weather/centralstation/storage/SegmentManager.java. Using fallback presentation compiler.[0m
2026.05.22 16:23:28 INFO  no build target found for /Users/habibaelkamary/Desktop/College(new)/DDIA/Labs/project/Weather-Stations-Monitoring-DDIA-Project/weather-station/src/main/java/com/weather/centralstation/storage/SegmentManager.java. Using fallback presentation compiler.[0m
2026.05.22 16:23:28 INFO  no build target found for /Users/habibaelkamary/Desktop/College(new)/DDIA/Labs/project/Weather-Stations-Monitoring-DDIA-Project/weather-station/src/main/java/com/weather/centralstation/storage/SegmentManager.java. Using fallback presentation compiler.[0m
2026.05.22 16:23:28 INFO  no build target found for /Users/habibaelkamary/Desktop/College(new)/DDIA/Labs/project/Weather-Stations-Monitoring-DDIA-Project/weather-station/src/main/java/com/weather/centralstation/storage/SegmentManager.java. Using fallback presentation compiler.[0m
2026.05.22 16:23:28 INFO  no build target found for /Users/habibaelkamary/Desktop/College(new)/DDIA/Labs/project/Weather-Stations-Monitoring-DDIA-Project/weather-station/src/main/java/com/weather/centralstation/storage/SegmentManager.java. Using fallback presentation compiler.[0m
2026.05.22 16:23:29 INFO  no build target found for /Users/habibaelkamary/Desktop/College(new)/DDIA/Labs/project/Weather-Stations-Monitoring-DDIA-Project/weather-station/src/main/java/com/weather/centralstation/storage/SegmentManager.java. Using fallback presentation compiler.[0m
2026.05.22 16:23:28 INFO  no build target found for /Users/habibaelkamary/Desktop/College(new)/DDIA/Labs/project/Weather-Stations-Monitoring-DDIA-Project/weather-station/src/main/java/com/weather/centralstation/storage/SegmentManager.java. Using fallback presentation compiler.[0m
2026.05.22 16:23:28 INFO  no build target found for /Users/habibaelkamary/Desktop/College(new)/DDIA/Labs/project/Weather-Stations-Monitoring-DDIA-Project/weather-station/src/main/java/com/weather/centralstation/storage/SegmentManager.java. Using fallback presentation compiler.[0m
2026.05.22 16:23:29 INFO  no build target found for /Users/habibaelkamary/Desktop/College(new)/DDIA/Labs/project/Weather-Stations-Monitoring-DDIA-Project/weather-station/src/main/java/com/weather/centralstation/storage/SegmentManager.java. Using fallback presentation compiler.[0m
2026.05.22 16:23:29 INFO  no build target found for /Users/habibaelkamary/Desktop/College(new)/DDIA/Labs/project/Weather-Stations-Monitoring-DDIA-Project/weather-station/src/main/java/com/weather/centralstation/storage/SegmentManager.java. Using fallback presentation compiler.[0m
May 22, 2026 4:23:30 PM org.eclipse.lsp4j.jsonrpc.RemoteEndpoint handleCancellation
WARNING: Unmatched cancel notification for request id 1426
2026.05.22 16:23:29 INFO  no build target found for /Users/habibaelkamary/Desktop/College(new)/DDIA/Labs/project/Weather-Stations-Monitoring-DDIA-Project/weather-station/src/main/java/com/weather/centralstation/storage/SegmentManager.java. Using fallback presentation compiler.[0m
2026.05.22 16:23:30 INFO  no build target found for /Users/habibaelkamary/Desktop/College(new)/DDIA/Labs/project/Weather-Stations-Monitoring-DDIA-Project/weather-station/src/main/java/com/weather/centralstation/storage/SegmentManager.java. Using fallback presentation compiler.[0m
2026.05.22 16:23:29 INFO  no build target found for /Users/habibaelkamary/Desktop/College(new)/DDIA/Labs/project/Weather-Stations-Monitoring-DDIA-Project/weather-station/src/main/java/com/weather/centralstation/storage/SegmentManager.java. Using fallback presentation compiler.[0m
2026.05.22 16:23:29 INFO  no build target found for /Users/habibaelkamary/Desktop/College(new)/DDIA/Labs/project/Weather-Stations-Monitoring-DDIA-Project/weather-station/src/main/java/com/weather/centralstation/storage/SegmentManager.java. Using fallback presentation compiler.[0m
2026.05.22 16:23:29 INFO  no build target found for /Users/habibaelkamary/Desktop/College(new)/DDIA/Labs/project/Weather-Stations-Monitoring-DDIA-Project/weather-station/src/main/java/com/weather/centralstation/storage/SegmentManager.java. Using fallback presentation compiler.[0m
2026.05.22 16:23:29 INFO  no build target found for /Users/habibaelkamary/Desktop/College(new)/DDIA/Labs/project/Weather-Stations-Monitoring-DDIA-Project/weather-station/src/main/java/com/weather/centralstation/storage/SegmentManager.java. Using fallback presentation compiler.[0m
2026.05.22 16:23:29 INFO  no build target found for /Users/habibaelkamary/Desktop/College(new)/DDIA/Labs/project/Weather-Stations-Monitoring-DDIA-Project/weather-station/src/main/java/com/weather/centralstation/storage/SegmentManager.java. Using fallback presentation compiler.[0m
2026.05.22 16:23:29 INFO  no build target found for /Users/habibaelkamary/Desktop/College(new)/DDIA/Labs/project/Weather-Stations-Monitoring-DDIA-Project/weather-station/src/main/java/com/weather/centralstation/storage/SegmentManager.java. Using fallback presentation compiler.[0m
2026.05.22 16:23:30 INFO  no build target found for /Users/habibaelkamary/Desktop/College(new)/DDIA/Labs/project/Weather-Stations-Monitoring-DDIA-Project/weather-station/src/main/java/com/weather/centralstation/storage/SegmentManager.java. Using fallback presentation compiler.[0m
2026.05.22 16:23:29 INFO  no build target found for /Users/habibaelkamary/Desktop/College(new)/DDIA/Labs/project/Weather-Stations-Monitoring-DDIA-Project/weather-station/src/main/java/com/weather/centralstation/storage/SegmentManager.java. Using fallback presentation compiler.[0m
2026.05.22 16:23:31 INFO  no build target found for /Users/habibaelkamary/Desktop/College(new)/DDIA/Labs/project/Weather-Stations-Monitoring-DDIA-Project/weather-station/src/main/java/com/weather/centralstation/storage/SegmentManager.java. Using fallback presentation compiler.[0m
2026.05.22 16:23:31 INFO  no build target found for /Users/habibaelkamary/Desktop/College(new)/DDIA/Labs/project/Weather-Stations-Monitoring-DDIA-Project/weather-station/src/main/java/com/weather/centralstation/storage/SegmentManager.java. Using fallback presentation compiler.[0m
2026.05.22 16:24:20 INFO  no build target found for /Users/habibaelkamary/Desktop/College(new)/DDIA/Labs/project/Weather-Stations-Monitoring-DDIA-Project/weather-station/src/main/java/com/weather/centralstation/storage/SegmentManager.java. Using fallback presentation compiler.[0m
2026.05.22 16:24:22 INFO  no build target found for /Users/habibaelkamary/Desktop/College(new)/DDIA/Labs/project/Weather-Stations-Monitoring-DDIA-Project/weather-station/src/main/java/com/weather/centralstation/storage/SegmentManager.java. Using fallback presentation compiler.[0m
2026.05.22 16:24:22 INFO  no build target found for /Users/habibaelkamary/Desktop/College(new)/DDIA/Labs/project/Weather-Stations-Monitoring-DDIA-Project/weather-station/src/main/java/com/weather/centralstation/storage/SegmentManager.java. Using fallback presentation compiler.[0m
2026.05.22 16:24:22 INFO  no build target found for /Users/habibaelkamary/Desktop/College(new)/DDIA/Labs/project/Weather-Stations-Monitoring-DDIA-Project/weather-station/src/main/java/com/weather/centralstation/storage/SegmentManager.java. Using fallback presentation compiler.[0m
2026.05.22 16:24:23 INFO  no build target found for /Users/habibaelkamary/Desktop/College(new)/DDIA/Labs/project/Weather-Stations-Monitoring-DDIA-Project/weather-station/src/main/java/com/weather/centralstation/storage/SegmentManager.java. Using fallback presentation compiler.[0m
2026.05.22 16:25:10 INFO  no build target found for /Users/habibaelkamary/Desktop/College(new)/DDIA/Labs/project/Weather-Stations-Monitoring-DDIA-Project/weather-station/src/main/java/com/weather/centralstation/storage/SegmentManager.java. Using fallback presentation compiler.[0m
May 22, 2026 4:25:12 PM org.eclipse.lsp4j.jsonrpc.RemoteEndpoint handleCancellation
WARNING: Unmatched cancel notification for request id 1453
2026.05.22 16:25:29 WARN  no build target for: /Users/habibaelkamary/Desktop/College(new)/DDIA/Labs/project/Weather-Stations-Monitoring-DDIA-Project/weather-station/src/main/java/com/weather/centralstation/storage/SegmentManager.java[0m
2026.05.22 16:25:29 INFO  no build target found for /Users/habibaelkamary/Desktop/College(new)/DDIA/Labs/project/Weather-Stations-Monitoring-DDIA-Project/weather-station/src/main/java/com/weather/centralstation/storage/SegmentManager.java. Using fallback presentation compiler.[0m
2026.05.22 16:27:19 INFO  no build target found for /Users/habibaelkamary/Desktop/College(new)/DDIA/Labs/project/Weather-Stations-Monitoring-DDIA-Project/weather-station/src/main/java/com/weather/centralstation/storage/SegmentManager.java. Using fallback presentation compiler.[0m
May 22, 2026 4:27:20 PM org.eclipse.lsp4j.jsonrpc.RemoteEndpoint handleCancellation
WARNING: Unmatched cancel notification for request id 1498
2026.05.22 16:28:11 INFO  no build target found for /Users/habibaelkamary/Desktop/College(new)/DDIA/Labs/project/Weather-Stations-Monitoring-DDIA-Project/weather-station/src/main/java/com/weather/centralstation/CentralStation.java. Using fallback presentation compiler.[0m
May 22, 2026 4:28:11 PM org.eclipse.lsp4j.jsonrpc.RemoteEndpoint handleCancellation
WARNING: Unmatched cancel notification for request id 1502
2026.05.22 16:28:11 INFO  no build target found for /Users/habibaelkamary/Desktop/College(new)/DDIA/Labs/project/Weather-Stations-Monitoring-DDIA-Project/weather-station/src/main/java/com/weather/centralstation/CentralStation.java. Using fallback presentation compiler.[0m
2026.05.22 16:28:11 INFO  no build target found for /Users/habibaelkamary/Desktop/College(new)/DDIA/Labs/project/Weather-Stations-Monitoring-DDIA-Project/weather-station/src/main/java/com/weather/centralstation/CentralStation.java. Using fallback presentation compiler.[0m
2026.05.22 16:28:11 INFO  no build target found for /Users/habibaelkamary/Desktop/College(new)/DDIA/Labs/project/Weather-Stations-Monitoring-DDIA-Project/weather-station/src/main/java/com/weather/centralstation/CentralStation.java. Using fallback presentation compiler.[0m
2026.05.22 16:28:11 WARN  no build target for: /Users/habibaelkamary/Desktop/College(new)/DDIA/Labs/project/Weather-Stations-Monitoring-DDIA-Project/weather-station/src/main/java/com/weather/centralstation/CentralStation.java[0m
2026.05.22 16:28:11 INFO  no build target found for /Users/habibaelkamary/Desktop/College(new)/DDIA/Labs/project/Weather-Stations-Monitoring-DDIA-Project/weather-station/src/main/java/com/weather/centralstation/CentralStation.java. Using fallback presentation compiler.[0m
2026.05.22 16:28:11 INFO  no build target found for /Users/habibaelkamary/Desktop/College(new)/DDIA/Labs/project/Weather-Stations-Monitoring-DDIA-Project/weather-station/src/main/java/com/weather/centralstation/CentralStation.java. Using fallback presentation compiler.[0m
May 22, 2026 4:28:21 PM org.eclipse.lsp4j.jsonrpc.RemoteEndpoint handleCancellation
WARNING: Unmatched cancel notification for request id 1520
2026.05.22 16:29:03 INFO  no build target found for /Users/habibaelkamary/Desktop/College(new)/DDIA/Labs/project/Weather-Stations-Monitoring-DDIA-Project/weather-station/src/main/java/com/weather/centralstation/CentralStation.java. Using fallback presentation compiler.[0m
2026.05.22 16:29:17 INFO  no build target found for /Users/habibaelkamary/Desktop/College(new)/DDIA/Labs/project/Weather-Stations-Monitoring-DDIA-Project/weather-station/src/main/java/com/weather/centralstation/CentralStation.java. Using fallback presentation compiler.[0m
2026.05.22 16:29:22 INFO  no build target found for /Users/habibaelkamary/Desktop/College(new)/DDIA/Labs/project/Weather-Stations-Monitoring-DDIA-Project/weather-station/src/main/java/com/weather/centralstation/CentralStation.java. Using fallback presentation compiler.[0m
2026.05.22 16:29:31 INFO  no build target found for /Users/habibaelkamary/Desktop/College(new)/DDIA/Labs/project/Weather-Stations-Monitoring-DDIA-Project/weather-station/src/main/java/com/weather/centralstation/CentralStation.java. Using fallback presentation compiler.[0m
2026.05.22 16:29:33 INFO  no build target found for /Users/habibaelkamary/Desktop/College(new)/DDIA/Labs/project/Weather-Stations-Monitoring-DDIA-Project/weather-station/src/main/java/com/weather/centralstation/CentralStation.java. Using fallback presentation compiler.[0m
2026.05.22 16:29:45 INFO  no build target found for /Users/habibaelkamary/Desktop/College(new)/DDIA/Labs/project/Weather-Stations-Monitoring-DDIA-Project/weather-station/src/main/java/com/weather/centralstation/CentralStation.java. Using fallback presentation compiler.[0m
2026.05.22 16:31:43 INFO  no build target found for /Users/habibaelkamary/Desktop/College(new)/DDIA/Labs/project/Weather-Stations-Monitoring-DDIA-Project/weather-station/src/main/java/com/weather/centralstation/CentralStation.java. Using fallback presentation compiler.[0m
2026.05.22 16:32:56 INFO  no build target found for /Users/habibaelkamary/Desktop/College(new)/DDIA/Labs/project/Weather-Stations-Monitoring-DDIA-Project/weather-station/src/main/java/com/weather/centralstation/CentralStation.java. Using fallback presentation compiler.[0m
2026.05.22 16:32:56 INFO  no build target found for /Users/habibaelkamary/Desktop/College(new)/DDIA/Labs/project/Weather-Stations-Monitoring-DDIA-Project/weather-station/src/main/java/com/weather/centralstation/CentralStation.java. Using fallback presentation compiler.[0m
2026.05.22 16:32:57 INFO  no build target found for /Users/habibaelkamary/Desktop/College(new)/DDIA/Labs/project/Weather-Stations-Monitoring-DDIA-Project/weather-station/src/main/java/com/weather/centralstation/CentralStation.java. Using fallback presentation compiler.[0m
2026.05.22 16:32:57 INFO  no build target found for /Users/habibaelkamary/Desktop/College(new)/DDIA/Labs/project/Weather-Stations-Monitoring-DDIA-Project/weather-station/src/main/java/com/weather/centralstation/CentralStation.java. Using fallback presentation compiler.[0m
2026.05.22 16:32:57 INFO  no build target found for /Users/habibaelkamary/Desktop/College(new)/DDIA/Labs/project/Weather-Stations-Monitoring-DDIA-Project/weather-station/src/main/java/com/weather/centralstation/CentralStation.java. Using fallback presentation compiler.[0m
2026.05.22 16:34:11 INFO  no build target found for /Users/habibaelkamary/Desktop/College(new)/DDIA/Labs/project/Weather-Stations-Monitoring-DDIA-Project/weather-station/src/main/java/com/weather/centralstation/CentralStation.java. Using fallback presentation compiler.[0m
2026.05.22 16:34:13 INFO  no build target found for /Users/habibaelkamary/Desktop/College(new)/DDIA/Labs/project/Weather-Stations-Monitoring-DDIA-Project/weather-station/src/main/java/com/weather/centralstation/CentralStation.java. Using fallback presentation compiler.[0m
2026.05.22 16:34:16 INFO  no build target found for /Users/habibaelkamary/Desktop/College(new)/DDIA/Labs/project/Weather-Stations-Monitoring-DDIA-Project/weather-station/src/main/java/com/weather/centralstation/CentralStation.java. Using fallback presentation compiler.[0m
May 22, 2026 4:34:16 PM org.eclipse.lsp4j.jsonrpc.RemoteEndpoint handleCancellation
WARNING: Unmatched cancel notification for request id 1597
2026.05.22 16:34:16 INFO  no build target found for /Users/habibaelkamary/Desktop/College(new)/DDIA/Labs/project/Weather-Stations-Monitoring-DDIA-Project/weather-station/src/main/java/com/weather/centralstation/CentralStation.java. Using fallback presentation compiler.[0m
2026.05.22 16:34:16 INFO  no build target found for /Users/habibaelkamary/Desktop/College(new)/DDIA/Labs/project/Weather-Stations-Monitoring-DDIA-Project/weather-station/src/main/java/com/weather/centralstation/CentralStation.java. Using fallback presentation compiler.[0m
2026.05.22 16:34:16 INFO  no build target found for /Users/habibaelkamary/Desktop/College(new)/DDIA/Labs/project/Weather-Stations-Monitoring-DDIA-Project/weather-station/src/main/java/com/weather/centralstation/CentralStation.java. Using fallback presentation compiler.[0m
May 22, 2026 4:34:16 PM org.eclipse.lsp4j.jsonrpc.RemoteEndpoint handleCancellation
WARNING: Unmatched cancel notification for request id 1600
2026.05.22 16:34:16 INFO  no build target found for /Users/habibaelkamary/Desktop/College(new)/DDIA/Labs/project/Weather-Stations-Monitoring-DDIA-Project/weather-station/src/main/java/com/weather/centralstation/CentralStation.java. Using fallback presentation compiler.[0m
2026.05.22 16:34:16 INFO  no build target found for /Users/habibaelkamary/Desktop/College(new)/DDIA/Labs/project/Weather-Stations-Monitoring-DDIA-Project/weather-station/src/main/java/com/weather/centralstation/CentralStation.java. Using fallback presentation compiler.[0m
2026.05.22 16:34:18 INFO  no build target found for /Users/habibaelkamary/Desktop/College(new)/DDIA/Labs/project/Weather-Stations-Monitoring-DDIA-Project/weather-station/src/main/java/com/weather/centralstation/CentralStation.java. Using fallback presentation compiler.[0m
2026.05.22 16:34:18 INFO  no build target found for /Users/habibaelkamary/Desktop/College(new)/DDIA/Labs/project/Weather-Stations-Monitoring-DDIA-Project/weather-station/src/main/java/com/weather/centralstation/CentralStation.java. Using fallback presentation compiler.[0m
2026.05.22 16:34:18 INFO  no build target found for /Users/habibaelkamary/Desktop/College(new)/DDIA/Labs/project/Weather-Stations-Monitoring-DDIA-Project/weather-station/src/main/java/com/weather/centralstation/CentralStation.java. Using fallback presentation compiler.[0m
2026.05.22 16:34:18 INFO  no build target found for /Users/habibaelkamary/Desktop/College(new)/DDIA/Labs/project/Weather-Stations-Monitoring-DDIA-Project/weather-station/src/main/java/com/weather/centralstation/CentralStation.java. Using fallback presentation compiler.[0m
2026.05.22 16:34:18 INFO  no build target found for /Users/habibaelkamary/Desktop/College(new)/DDIA/Labs/project/Weather-Stations-Monitoring-DDIA-Project/weather-station/src/main/java/com/weather/centralstation/CentralStation.java. Using fallback presentation compiler.[0m
2026.05.22 16:34:19 INFO  no build target found for /Users/habibaelkamary/Desktop/College(new)/DDIA/Labs/project/Weather-Stations-Monitoring-DDIA-Project/weather-station/src/main/java/com/weather/centralstation/CentralStation.java. Using fallback presentation compiler.[0m
2026.05.22 16:34:19 INFO  no build target found for /Users/habibaelkamary/Desktop/College(new)/DDIA/Labs/project/Weather-Stations-Monitoring-DDIA-Project/weather-station/src/main/java/com/weather/centralstation/CentralStation.java. Using fallback presentation compiler.[0m
2026.05.22 16:34:19 INFO  no build target found for /Users/habibaelkamary/Desktop/College(new)/DDIA/Labs/project/Weather-Stations-Monitoring-DDIA-Project/weather-station/src/main/java/com/weather/centralstation/CentralStation.java. Using fallback presentation compiler.[0m
2026.05.22 16:34:19 INFO  no build target found for /Users/habibaelkamary/Desktop/College(new)/DDIA/Labs/project/Weather-Stations-Monitoring-DDIA-Project/weather-station/src/main/java/com/weather/centralstation/CentralStation.java. Using fallback presentation compiler.[0m
2026.05.22 16:34:22 INFO  no build target found for /Users/habibaelkamary/Desktop/College(new)/DDIA/Labs/project/Weather-Stations-Monitoring-DDIA-Project/weather-station/src/main/java/com/weather/centralstation/CentralStation.java. Using fallback presentation compiler.[0m
2026.05.22 16:34:22 WARN  no build target for: /Users/habibaelkamary/Desktop/College(new)/DDIA/Labs/project/Weather-Stations-Monitoring-DDIA-Project/weather-station/src/main/java/com/weather/centralstation/CentralStation.java[0m
2026.05.22 16:34:22 INFO  no build target found for /Users/habibaelkamary/Desktop/College(new)/DDIA/Labs/project/Weather-Stations-Monitoring-DDIA-Project/weather-station/src/main/java/com/weather/centralstation/CentralStation.java. Using fallback presentation compiler.[0m
2026.05.22 16:34:22 INFO  no build target found for /Users/habibaelkamary/Desktop/College(new)/DDIA/Labs/project/Weather-Stations-Monitoring-DDIA-Project/weather-station/src/main/java/com/weather/centralstation/CentralStation.java. Using fallback presentation compiler.[0m
2026.05.22 16:34:24 INFO  no build target found for /Users/habibaelkamary/Desktop/College(new)/DDIA/Labs/project/Weather-Stations-Monitoring-DDIA-Project/weather-station/src/main/java/com/weather/centralstation/CentralStation.java. Using fallback presentation compiler.[0m
2026.05.22 16:34:24 INFO  no build target found for /Users/habibaelkamary/Desktop/College(new)/DDIA/Labs/project/Weather-Stations-Monitoring-DDIA-Project/weather-station/src/main/java/com/weather/centralstation/CentralStation.java. Using fallback presentation compiler.[0m
May 22, 2026 4:34:25 PM org.eclipse.lsp4j.jsonrpc.RemoteEndpoint handleCancellation
WARNING: Unmatched cancel notification for request id 1645
2026.05.22 16:34:25 INFO  no build target found for /Users/habibaelkamary/Desktop/College(new)/DDIA/Labs/project/Weather-Stations-Monitoring-DDIA-Project/weather-station/src/main/java/com/weather/centralstation/storage/SegmentManager.java. Using fallback presentation compiler.[0m
May 22, 2026 4:34:26 PM org.eclipse.lsp4j.jsonrpc.RemoteEndpoint handleCancellation
WARNING: Unmatched cancel notification for request id 1647
2026.05.22 16:34:25 INFO  no build target found for /Users/habibaelkamary/Desktop/College(new)/DDIA/Labs/project/Weather-Stations-Monitoring-DDIA-Project/weather-station/src/main/java/com/weather/centralstation/storage/SegmentManager.java. Using fallback presentation compiler.[0m
2026.05.22 16:34:25 INFO  no build target found for /Users/habibaelkamary/Desktop/College(new)/DDIA/Labs/project/Weather-Stations-Monitoring-DDIA-Project/weather-station/src/main/java/com/weather/centralstation/storage/SegmentManager.java. Using fallback presentation compiler.[0m
2026.05.22 16:34:25 INFO  no build target found for /Users/habibaelkamary/Desktop/College(new)/DDIA/Labs/project/Weather-Stations-Monitoring-DDIA-Project/weather-station/src/main/java/com/weather/centralstation/storage/SegmentManager.java. Using fallback presentation compiler.[0m
2026.05.22 16:34:26 WARN  no build target for: /Users/habibaelkamary/Desktop/College(new)/DDIA/Labs/project/Weather-Stations-Monitoring-DDIA-Project/weather-station/src/main/java/com/weather/centralstation/storage/SegmentManager.java[0m
2026.05.22 16:34:26 INFO  no build target found for /Users/habibaelkamary/Desktop/College(new)/DDIA/Labs/project/Weather-Stations-Monitoring-DDIA-Project/weather-station/src/main/java/com/weather/centralstation/storage/SegmentManager.java. Using fallback presentation compiler.[0m
2026.05.22 16:34:26 INFO  no build target found for /Users/habibaelkamary/Desktop/College(new)/DDIA/Labs/project/Weather-Stations-Monitoring-DDIA-Project/weather-station/src/main/java/com/weather/centralstation/storage/SegmentManager.java. Using fallback presentation compiler.[0m
2026.05.22 16:34:26 INFO  no build target found for /Users/habibaelkamary/Desktop/College(new)/DDIA/Labs/project/Weather-Stations-Monitoring-DDIA-Project/weather-station/src/main/java/com/weather/centralstation/storage/SegmentManager.java. Using fallback presentation compiler.[0m
2026.05.22 16:35:29 INFO  no build target found for /Users/habibaelkamary/Desktop/College(new)/DDIA/Labs/project/Weather-Stations-Monitoring-DDIA-Project/weather-station/src/main/java/com/weather/centralstation/storage/SegmentManager.java. Using fallback presentation compiler.[0m
2026.05.22 16:35:32 INFO  no build target found for /Users/habibaelkamary/Desktop/College(new)/DDIA/Labs/project/Weather-Stations-Monitoring-DDIA-Project/weather-station/src/main/java/com/weather/centralstation/storage/SegmentManager.java. Using fallback presentation compiler.[0m
2026.05.22 16:35:53 INFO  no build target found for /Users/habibaelkamary/Desktop/College(new)/DDIA/Labs/project/Weather-Stations-Monitoring-DDIA-Project/weather-station/src/main/java/com/weather/centralstation/storage/SegmentManager.java. Using fallback presentation compiler.[0m
2026.05.22 16:35:54 INFO  no build target found for /Users/habibaelkamary/Desktop/College(new)/DDIA/Labs/project/Weather-Stations-Monitoring-DDIA-Project/weather-station/src/main/java/com/weather/centralstation/storage/SegmentManager.java. Using fallback presentation compiler.[0m
2026.05.22 16:35:54 INFO  no build target found for /Users/habibaelkamary/Desktop/College(new)/DDIA/Labs/project/Weather-Stations-Monitoring-DDIA-Project/weather-station/src/main/java/com/weather/centralstation/storage/SegmentManager.java. Using fallback presentation compiler.[0m
2026.05.22 16:35:58 INFO  no build target found for /Users/habibaelkamary/Desktop/College(new)/DDIA/Labs/project/Weather-Stations-Monitoring-DDIA-Project/weather-station/src/main/java/com/weather/centralstation/storage/SegmentManager.java. Using fallback presentation compiler.[0m
2026.05.22 16:35:58 INFO  no build target found for /Users/habibaelkamary/Desktop/College(new)/DDIA/Labs/project/Weather-Stations-Monitoring-DDIA-Project/weather-station/src/main/java/com/weather/centralstation/storage/SegmentManager.java. Using fallback presentation compiler.[0m
May 22, 2026 4:36:01 PM org.eclipse.lsp4j.jsonrpc.RemoteEndpoint handleCancellation
WARNING: Unmatched cancel notification for request id 1708
2026.05.22 16:37:09 INFO  no build target found for /Users/habibaelkamary/Desktop/College(new)/DDIA/Labs/project/Weather-Stations-Monitoring-DDIA-Project/weather-station/src/main/java/com/weather/centralstation/storage/KeyDirEntry.java. Using fallback presentation compiler.[0m
May 22, 2026 4:37:10 PM org.eclipse.lsp4j.jsonrpc.RemoteEndpoint handleCancellation
WARNING: Unmatched cancel notification for request id 1720
2026.05.22 16:37:09 INFO  no build target found for /Users/habibaelkamary/Desktop/College(new)/DDIA/Labs/project/Weather-Stations-Monitoring-DDIA-Project/weather-station/src/main/java/com/weather/centralstation/storage/KeyDirEntry.java. Using fallback presentation compiler.[0m
2026.05.22 16:37:09 INFO  no build target found for /Users/habibaelkamary/Desktop/College(new)/DDIA/Labs/project/Weather-Stations-Monitoring-DDIA-Project/weather-station/src/main/java/com/weather/centralstation/storage/KeyDirEntry.java. Using fallback presentation compiler.[0m
May 22, 2026 4:37:10 PM org.eclipse.lsp4j.jsonrpc.RemoteEndpoint handleCancellation
WARNING: Unmatched cancel notification for request id 1722
2026.05.22 16:37:10 INFO  no build target found for /Users/habibaelkamary/Desktop/College(new)/DDIA/Labs/project/Weather-Stations-Monitoring-DDIA-Project/weather-station/src/main/java/com/weather/centralstation/storage/KeyDirEntry.java. Using fallback presentation compiler.[0m
2026.05.22 16:37:10 WARN  no build target for: /Users/habibaelkamary/Desktop/College(new)/DDIA/Labs/project/Weather-Stations-Monitoring-DDIA-Project/weather-station/src/main/java/com/weather/centralstation/storage/KeyDirEntry.java[0m
2026.05.22 16:37:10 INFO  no build target found for /Users/habibaelkamary/Desktop/College(new)/DDIA/Labs/project/Weather-Stations-Monitoring-DDIA-Project/weather-station/src/main/java/com/weather/centralstation/storage/KeyDirEntry.java. Using fallback presentation compiler.[0m
2026.05.22 16:38:38 INFO  no build target found for /Users/habibaelkamary/Desktop/College(new)/DDIA/Labs/project/Weather-Stations-Monitoring-DDIA-Project/weather-station/src/main/java/com/weather/centralstation/storage/SegmentManager.java. Using fallback presentation compiler.[0m
2026.05.22 16:38:38 INFO  no build target found for /Users/habibaelkamary/Desktop/College(new)/DDIA/Labs/project/Weather-Stations-Monitoring-DDIA-Project/weather-station/src/main/java/com/weather/centralstation/storage/SegmentManager.java. Using fallback presentation compiler.[0m
May 22, 2026 4:38:38 PM org.eclipse.lsp4j.jsonrpc.RemoteEndpoint handleCancellation
WARNING: Unmatched cancel notification for request id 1730
2026.05.22 16:38:38 INFO  no build target found for /Users/habibaelkamary/Desktop/College(new)/DDIA/Labs/project/Weather-Stations-Monitoring-DDIA-Project/weather-station/src/main/java/com/weather/centralstation/storage/SegmentManager.java. Using fallback presentation compiler.[0m
May 22, 2026 4:38:38 PM org.eclipse.lsp4j.jsonrpc.RemoteEndpoint handleCancellation
WARNING: Unmatched cancel notification for request id 1732
2026.05.22 16:38:38 INFO  no build target found for /Users/habibaelkamary/Desktop/College(new)/DDIA/Labs/project/Weather-Stations-Monitoring-DDIA-Project/weather-station/src/main/java/com/weather/centralstation/storage/SegmentManager.java. Using fallback presentation compiler.[0m
2026.05.22 16:38:39 WARN  no build target for: /Users/habibaelkamary/Desktop/College(new)/DDIA/Labs/project/Weather-Stations-Monitoring-DDIA-Project/weather-station/src/main/java/com/weather/centralstation/storage/SegmentManager.java[0m
2026.05.22 16:38:39 INFO  no build target found for /Users/habibaelkamary/Desktop/College(new)/DDIA/Labs/project/Weather-Stations-Monitoring-DDIA-Project/weather-station/src/main/java/com/weather/centralstation/storage/SegmentManager.java. Using fallback presentation compiler.[0m
2026.05.22 16:38:38 INFO  no build target found for /Users/habibaelkamary/Desktop/College(new)/DDIA/Labs/project/Weather-Stations-Monitoring-DDIA-Project/weather-station/src/main/java/com/weather/centralstation/storage/SegmentManager.java. Using fallback presentation compiler.[0m
May 22, 2026 4:38:40 PM org.eclipse.lsp4j.jsonrpc.RemoteEndpoint handleCancellation
WARNING: Unmatched cancel notification for request id 1739
2026.05.22 16:39:12 INFO  no build target found for /Users/habibaelkamary/Desktop/College(new)/DDIA/Labs/project/Weather-Stations-Monitoring-DDIA-Project/weather-station/src/main/java/com/weather/centralstation/storage/SegmentManager.java. Using fallback presentation compiler.[0m
2026.05.22 16:39:13 INFO  no build target found for /Users/habibaelkamary/Desktop/College(new)/DDIA/Labs/project/Weather-Stations-Monitoring-DDIA-Project/weather-station/src/main/java/com/weather/centralstation/storage/SegmentManager.java. Using fallback presentation compiler.[0m
2026.05.22 16:39:33 INFO  no build target found for /Users/habibaelkamary/Desktop/College(new)/DDIA/Labs/project/Weather-Stations-Monitoring-DDIA-Project/weather-station/src/main/java/com/weather/centralstation/storage/SegmentManager.java. Using fallback presentation compiler.[0m
2026.05.22 16:39:36 INFO  no build target found for /Users/habibaelkamary/Desktop/College(new)/DDIA/Labs/project/Weather-Stations-Monitoring-DDIA-Project/weather-station/src/main/java/com/weather/centralstation/storage/SegmentManager.java. Using fallback presentation compiler.[0m
2026.05.22 16:39:36 INFO  no build target found for /Users/habibaelkamary/Desktop/College(new)/DDIA/Labs/project/Weather-Stations-Monitoring-DDIA-Project/weather-station/src/main/java/com/weather/centralstation/storage/SegmentManager.java. Using fallback presentation compiler.[0m
2026.05.22 16:39:36 INFO  no build target found for /Users/habibaelkamary/Desktop/College(new)/DDIA/Labs/project/Weather-Stations-Monitoring-DDIA-Project/weather-station/src/main/java/com/weather/centralstation/storage/SegmentManager.java. Using fallback presentation compiler.[0m
2026.05.22 16:39:37 INFO  no build target found for /Users/habibaelkamary/Desktop/College(new)/DDIA/Labs/project/Weather-Stations-Monitoring-DDIA-Project/weather-station/src/main/java/com/weather/centralstation/storage/SegmentManager.java. Using fallback presentation compiler.[0m
2026.05.22 16:39:38 INFO  no build target found for /Users/habibaelkamary/Desktop/College(new)/DDIA/Labs/project/Weather-Stations-Monitoring-DDIA-Project/weather-station/src/main/java/com/weather/centralstation/storage/SegmentManager.java. Using fallback presentation compiler.[0m
2026.05.22 16:39:38 INFO  no build target found for /Users/habibaelkamary/Desktop/College(new)/DDIA/Labs/project/Weather-Stations-Monitoring-DDIA-Project/weather-station/src/main/java/com/weather/centralstation/storage/SegmentManager.java. Using fallback presentation compiler.[0m
2026.05.22 16:39:38 INFO  no build target found for /Users/habibaelkamary/Desktop/College(new)/DDIA/Labs/project/Weather-Stations-Monitoring-DDIA-Project/weather-station/src/main/java/com/weather/centralstation/storage/SegmentManager.java. Using fallback presentation compiler.[0m
2026.05.22 16:39:38 INFO  no build target found for /Users/habibaelkamary/Desktop/College(new)/DDIA/Labs/project/Weather-Stations-Monitoring-DDIA-Project/weather-station/src/main/java/com/weather/centralstation/storage/SegmentManager.java. Using fallback presentation compiler.[0m
2026.05.22 16:39:38 INFO  no build target found for /Users/habibaelkamary/Desktop/College(new)/DDIA/Labs/project/Weather-Stations-Monitoring-DDIA-Project/weather-station/src/main/java/com/weather/centralstation/storage/SegmentManager.java. Using fallback presentation compiler.[0m
2026.05.22 16:39:38 INFO  no build target found for /Users/habibaelkamary/Desktop/College(new)/DDIA/Labs/project/Weather-Stations-Monitoring-DDIA-Project/weather-station/src/main/java/com/weather/centralstation/storage/SegmentManager.java. Using fallback presentation compiler.[0m
2026.05.22 16:39:38 INFO  no build target found for /Users/habibaelkamary/Desktop/College(new)/DDIA/Labs/project/Weather-Stations-Monitoring-DDIA-Project/weather-station/src/main/java/com/weather/centralstation/storage/SegmentManager.java. Using fallback presentation compiler.[0m
2026.05.22 16:39:39 INFO  no build target found for /Users/habibaelkamary/Desktop/College(new)/DDIA/Labs/project/Weather-Stations-Monitoring-DDIA-Project/weather-station/src/main/java/com/weather/centralstation/storage/SegmentManager.java. Using fallback presentation compiler.[0m
2026.05.22 16:39:39 INFO  no build target found for /Users/habibaelkamary/Desktop/College(new)/DDIA/Labs/project/Weather-Stations-Monitoring-DDIA-Project/weather-station/src/main/java/com/weather/centralstation/storage/SegmentManager.java. Using fallback presentation compiler.[0m
2026.05.22 16:39:39 INFO  no build target found for /Users/habibaelkamary/Desktop/College(new)/DDIA/Labs/project/Weather-Stations-Monitoring-DDIA-Project/weather-station/src/main/java/com/weather/centralstation/storage/SegmentManager.java. Using fallback presentation compiler.[0m
2026.05.22 16:39:39 INFO  no build target found for /Users/habibaelkamary/Desktop/College(new)/DDIA/Labs/project/Weather-Stations-Monitoring-DDIA-Project/weather-station/src/main/java/com/weather/centralstation/storage/SegmentManager.java. Using fallback presentation compiler.[0m
2026.05.22 16:39:39 INFO  no build target found for /Users/habibaelkamary/Desktop/College(new)/DDIA/Labs/project/Weather-Stations-Monitoring-DDIA-Project/weather-station/src/main/java/com/weather/centralstation/storage/SegmentManager.java. Using fallback presentation compiler.[0m
2026.05.22 16:39:39 INFO  no build target found for /Users/habibaelkamary/Desktop/College(new)/DDIA/Labs/project/Weather-Stations-Monitoring-DDIA-Project/weather-station/src/main/java/com/weather/centralstation/storage/SegmentManager.java. Using fallback presentation compiler.[0m
2026.05.22 16:39:39 INFO  no build target found for /Users/habibaelkamary/Desktop/College(new)/DDIA/Labs/project/Weather-Stations-Monitoring-DDIA-Project/weather-station/src/main/java/com/weather/centralstation/storage/SegmentManager.java. Using fallback presentation compiler.[0m
2026.05.22 16:39:39 INFO  no build target found for /Users/habibaelkamary/Desktop/College(new)/DDIA/Labs/project/Weather-Stations-Monitoring-DDIA-Project/weather-station/src/main/java/com/weather/centralstation/storage/SegmentManager.java. Using fallback presentation compiler.[0m
2026.05.22 16:39:39 INFO  no build target found for /Users/habibaelkamary/Desktop/College(new)/DDIA/Labs/project/Weather-Stations-Monitoring-DDIA-Project/weather-station/src/main/java/com/weather/centralstation/storage/SegmentManager.java. Using fallback presentation compiler.[0m
2026.05.22 16:39:39 INFO  no build target found for /Users/habibaelkamary/Desktop/College(new)/DDIA/Labs/project/Weather-Stations-Monitoring-DDIA-Project/weather-station/src/main/java/com/weather/centralstation/storage/SegmentManager.java. Using fallback presentation compiler.[0m
2026.05.22 16:39:40 INFO  no build target found for /Users/habibaelkamary/Desktop/College(new)/DDIA/Labs/project/Weather-Stations-Monitoring-DDIA-Project/weather-station/src/main/java/com/weather/centralstation/storage/SegmentManager.java. Using fallback presentation compiler.[0m
2026.05.22 16:39:40 INFO  no build target found for /Users/habibaelkamary/Desktop/College(new)/DDIA/Labs/project/Weather-Stations-Monitoring-DDIA-Project/weather-station/src/main/java/com/weather/centralstation/storage/SegmentManager.java. Using fallback presentation compiler.[0m
2026.05.22 16:39:40 INFO  no build target found for /Users/habibaelkamary/Desktop/College(new)/DDIA/Labs/project/Weather-Stations-Monitoring-DDIA-Project/weather-station/src/main/java/com/weather/centralstation/storage/SegmentManager.java. Using fallback presentation compiler.[0m
2026.05.22 16:39:40 INFO  no build target found for /Users/habibaelkamary/Desktop/College(new)/DDIA/Labs/project/Weather-Stations-Monitoring-DDIA-Project/weather-station/src/main/java/com/weather/centralstation/storage/SegmentManager.java. Using fallback presentation compiler.[0m
2026.05.22 16:39:40 INFO  no build target found for /Users/habibaelkamary/Desktop/College(new)/DDIA/Labs/project/Weather-Stations-Monitoring-DDIA-Project/weather-station/src/main/java/com/weather/centralstation/storage/SegmentManager.java. Using fallback presentation compiler.[0m
2026.05.22 16:39:40 INFO  no build target found for /Users/habibaelkamary/Desktop/College(new)/DDIA/Labs/project/Weather-Stations-Monitoring-DDIA-Project/weather-station/src/main/java/com/weather/centralstation/storage/SegmentManager.java. Using fallback presentation compiler.[0m
2026.05.22 16:39:40 INFO  no build target found for /Users/habibaelkamary/Desktop/College(new)/DDIA/Labs/project/Weather-Stations-Monitoring-DDIA-Project/weather-station/src/main/java/com/weather/centralstation/storage/SegmentManager.java. Using fallback presentation compiler.[0m
2026.05.22 16:39:41 INFO  no build target found for /Users/habibaelkamary/Desktop/College(new)/DDIA/Labs/project/Weather-Stations-Monitoring-DDIA-Project/weather-station/src/main/java/com/weather/centralstation/storage/SegmentManager.java. Using fallback presentation compiler.[0m
2026.05.22 16:39:42 INFO  no build target found for /Users/habibaelkamary/Desktop/College(new)/DDIA/Labs/project/Weather-Stations-Monitoring-DDIA-Project/weather-station/src/main/java/com/weather/centralstation/storage/SegmentManager.java. Using fallback presentation compiler.[0m
2026.05.22 16:39:41 INFO  no build target found for /Users/habibaelkamary/Desktop/College(new)/DDIA/Labs/project/Weather-Stations-Monitoring-DDIA-Project/weather-station/src/main/java/com/weather/centralstation/storage/SegmentManager.java. Using fallback presentation compiler.[0m
2026.05.22 16:39:41 INFO  no build target found for /Users/habibaelkamary/Desktop/College(new)/DDIA/Labs/project/Weather-Stations-Monitoring-DDIA-Project/weather-station/src/main/java/com/weather/centralstation/storage/SegmentManager.java. Using fallback presentation compiler.[0m
2026.05.22 16:39:41 INFO  no build target found for /Users/habibaelkamary/Desktop/College(new)/DDIA/Labs/project/Weather-Stations-Monitoring-DDIA-Project/weather-station/src/main/java/com/weather/centralstation/storage/SegmentManager.java. Using fallback presentation compiler.[0m
May 22, 2026 4:39:42 PM org.eclipse.lsp4j.jsonrpc.RemoteEndpoint handleCancellation
WARNING: Unmatched cancel notification for request id 1799
2026.05.22 16:39:41 INFO  no build target found for /Users/habibaelkamary/Desktop/College(new)/DDIA/Labs/project/Weather-Stations-Monitoring-DDIA-Project/weather-station/src/main/java/com/weather/centralstation/storage/SegmentManager.java. Using fallback presentation compiler.[0m
2026.05.22 16:39:41 INFO  no build target found for /Users/habibaelkamary/Desktop/College(new)/DDIA/Labs/project/Weather-Stations-Monitoring-DDIA-Project/weather-station/src/main/java/com/weather/centralstation/storage/SegmentManager.java. Using fallback presentation compiler.[0m
2026.05.22 16:39:41 INFO  no build target found for /Users/habibaelkamary/Desktop/College(new)/DDIA/Labs/project/Weather-Stations-Monitoring-DDIA-Project/weather-station/src/main/java/com/weather/centralstation/storage/SegmentManager.java. Using fallback presentation compiler.[0m
2026.05.22 16:39:41 INFO  no build target found for /Users/habibaelkamary/Desktop/College(new)/DDIA/Labs/project/Weather-Stations-Monitoring-DDIA-Project/weather-station/src/main/java/com/weather/centralstation/storage/SegmentManager.java. Using fallback presentation compiler.[0m
2026.05.22 16:39:41 INFO  no build target found for /Users/habibaelkamary/Desktop/College(new)/DDIA/Labs/project/Weather-Stations-Monitoring-DDIA-Project/weather-station/src/main/java/com/weather/centralstation/storage/SegmentManager.java. Using fallback presentation compiler.[0m
2026.05.22 16:39:42 INFO  no build target found for /Users/habibaelkamary/Desktop/College(new)/DDIA/Labs/project/Weather-Stations-Monitoring-DDIA-Project/weather-station/src/main/java/com/weather/centralstation/storage/SegmentManager.java. Using fallback presentation compiler.[0m
May 22, 2026 4:39:42 PM org.eclipse.lsp4j.jsonrpc.RemoteEndpoint handleCancellation
WARNING: Unmatched cancel notification for request id 1806
2026.05.22 16:39:41 INFO  no build target found for /Users/habibaelkamary/Desktop/College(new)/DDIA/Labs/project/Weather-Stations-Monitoring-DDIA-Project/weather-station/src/main/java/com/weather/centralstation/storage/SegmentManager.java. Using fallback presentation compiler.[0m
2026.05.22 16:39:42 INFO  time: code lens generation in 1.5s[0m
2026.05.22 16:39:41 INFO  no build target found for /Users/habibaelkamary/Desktop/College(new)/DDIA/Labs/project/Weather-Stations-Monitoring-DDIA-Project/weather-station/src/main/java/com/weather/centralstation/storage/SegmentManager.java. Using fallback presentation compiler.[0m
2026.05.22 16:39:42 INFO  no build target found for /Users/habibaelkamary/Desktop/College(new)/DDIA/Labs/project/Weather-Stations-Monitoring-DDIA-Project/weather-station/src/main/java/com/weather/centralstation/storage/SegmentManager.java. Using fallback presentation compiler.[0m
2026.05.22 16:39:43 INFO  no build target found for /Users/habibaelkamary/Desktop/College(new)/DDIA/Labs/project/Weather-Stations-Monitoring-DDIA-Project/weather-station/src/main/java/com/weather/centralstation/storage/SegmentManager.java. Using fallback presentation compiler.[0m
2026.05.22 16:39:43 INFO  no build target found for /Users/habibaelkamary/Desktop/College(new)/DDIA/Labs/project/Weather-Stations-Monitoring-DDIA-Project/weather-station/src/main/java/com/weather/centralstation/storage/SegmentManager.java. Using fallback presentation compiler.[0m
2026.05.22 16:39:43 INFO  no build target found for /Users/habibaelkamary/Desktop/College(new)/DDIA/Labs/project/Weather-Stations-Monitoring-DDIA-Project/weather-station/src/main/java/com/weather/centralstation/storage/SegmentManager.java. Using fallback presentation compiler.[0m
2026.05.22 16:39:43 INFO  no build target found for /Users/habibaelkamary/Desktop/College(new)/DDIA/Labs/project/Weather-Stations-Monitoring-DDIA-Project/weather-station/src/main/java/com/weather/centralstation/storage/SegmentManager.java. Using fallback presentation compiler.[0m
2026.05.22 16:39:43 INFO  no build target found for /Users/habibaelkamary/Desktop/College(new)/DDIA/Labs/project/Weather-Stations-Monitoring-DDIA-Project/weather-station/src/main/java/com/weather/centralstation/storage/SegmentManager.java. Using fallback presentation compiler.[0m
2026.05.22 16:39:43 INFO  no build target found for /Users/habibaelkamary/Desktop/College(new)/DDIA/Labs/project/Weather-Stations-Monitoring-DDIA-Project/weather-station/src/main/java/com/weather/centralstation/storage/SegmentManager.java. Using fallback presentation compiler.[0m
2026.05.22 16:39:43 INFO  no build target found for /Users/habibaelkamary/Desktop/College(new)/DDIA/Labs/project/Weather-Stations-Monitoring-DDIA-Project/weather-station/src/main/java/com/weather/centralstation/storage/SegmentManager.java. Using fallback presentation compiler.[0m
2026.05.22 16:39:44 INFO  no build target found for /Users/habibaelkamary/Desktop/College(new)/DDIA/Labs/project/Weather-Stations-Monitoring-DDIA-Project/weather-station/src/main/java/com/weather/centralstation/storage/SegmentManager.java. Using fallback presentation compiler.[0m
2026.05.22 16:39:44 INFO  no build target found for /Users/habibaelkamary/Desktop/College(new)/DDIA/Labs/project/Weather-Stations-Monitoring-DDIA-Project/weather-station/src/main/java/com/weather/centralstation/storage/SegmentManager.java. Using fallback presentation compiler.[0m
2026.05.22 16:39:44 INFO  no build target found for /Users/habibaelkamary/Desktop/College(new)/DDIA/Labs/project/Weather-Stations-Monitoring-DDIA-Project/weather-station/src/main/java/com/weather/centralstation/storage/SegmentManager.java. Using fallback presentation compiler.[0m
2026.05.22 16:39:44 INFO  no build target found for /Users/habibaelkamary/Desktop/College(new)/DDIA/Labs/project/Weather-Stations-Monitoring-DDIA-Project/weather-station/src/main/java/com/weather/centralstation/storage/SegmentManager.java. Using fallback presentation compiler.[0m
2026.05.22 16:39:44 INFO  no build target found for /Users/habibaelkamary/Desktop/College(new)/DDIA/Labs/project/Weather-Stations-Monitoring-DDIA-Project/weather-station/src/main/java/com/weather/centralstation/storage/SegmentManager.java. Using fallback presentation compiler.[0m
2026.05.22 16:39:44 INFO  no build target found for /Users/habibaelkamary/Desktop/College(new)/DDIA/Labs/project/Weather-Stations-Monitoring-DDIA-Project/weather-station/src/main/java/com/weather/centralstation/storage/SegmentManager.java. Using fallback presentation compiler.[0m
2026.05.22 16:39:45 INFO  no build target found for /Users/habibaelkamary/Desktop/College(new)/DDIA/Labs/project/Weather-Stations-Monitoring-DDIA-Project/weather-station/src/main/java/com/weather/centralstation/storage/SegmentManager.java. Using fallback presentation compiler.[0m
2026.05.22 16:39:45 INFO  no build target found for /Users/habibaelkamary/Desktop/College(new)/DDIA/Labs/project/Weather-Stations-Monitoring-DDIA-Project/weather-station/src/main/java/com/weather/centralstation/storage/SegmentManager.java. Using fallback presentation compiler.[0m
2026.05.22 16:39:45 INFO  no build target found for /Users/habibaelkamary/Desktop/College(new)/DDIA/Labs/project/Weather-Stations-Monitoring-DDIA-Project/weather-station/src/main/java/com/weather/centralstation/storage/SegmentManager.java. Using fallback presentation compiler.[0m
2026.05.22 16:39:45 INFO  no build target found for /Users/habibaelkamary/Desktop/College(new)/DDIA/Labs/project/Weather-Stations-Monitoring-DDIA-Project/weather-station/src/main/java/com/weather/centralstation/storage/SegmentManager.java. Using fallback presentation compiler.[0m
2026.05.22 16:39:45 INFO  no build target found for /Users/habibaelkamary/Desktop/College(new)/DDIA/Labs/project/Weather-Stations-Monitoring-DDIA-Project/weather-station/src/main/java/com/weather/centralstation/storage/SegmentManager.java. Using fallback presentation compiler.[0m
2026.05.22 16:39:45 INFO  no build target found for /Users/habibaelkamary/Desktop/College(new)/DDIA/Labs/project/Weather-Stations-Monitoring-DDIA-Project/weather-station/src/main/java/com/weather/centralstation/storage/SegmentManager.java. Using fallback presentation compiler.[0m
2026.05.22 16:39:45 INFO  no build target found for /Users/habibaelkamary/Desktop/College(new)/DDIA/Labs/project/Weather-Stations-Monitoring-DDIA-Project/weather-station/src/main/java/com/weather/centralstation/storage/SegmentManager.java. Using fallback presentation compiler.[0m
2026.05.22 16:39:45 INFO  no build target found for /Users/habibaelkamary/Desktop/College(new)/DDIA/Labs/project/Weather-Stations-Monitoring-DDIA-Project/weather-station/src/main/java/com/weather/centralstation/storage/SegmentManager.java. Using fallback presentation compiler.[0m
2026.05.22 16:39:45 INFO  no build target found for /Users/habibaelkamary/Desktop/College(new)/DDIA/Labs/project/Weather-Stations-Monitoring-DDIA-Project/weather-station/src/main/java/com/weather/centralstation/storage/SegmentManager.java. Using fallback presentation compiler.[0m
2026.05.22 16:39:46 INFO  no build target found for /Users/habibaelkamary/Desktop/College(new)/DDIA/Labs/project/Weather-Stations-Monitoring-DDIA-Project/weather-station/src/main/java/com/weather/centralstation/storage/SegmentManager.java. Using fallback presentation compiler.[0m
2026.05.22 16:39:47 INFO  no build target found for /Users/habibaelkamary/Desktop/College(new)/DDIA/Labs/project/Weather-Stations-Monitoring-DDIA-Project/weather-station/src/main/java/com/weather/centralstation/storage/SegmentManager.java. Using fallback presentation compiler.[0m
2026.05.22 16:39:46 INFO  no build target found for /Users/habibaelkamary/Desktop/College(new)/DDIA/Labs/project/Weather-Stations-Monitoring-DDIA-Project/weather-station/src/main/java/com/weather/centralstation/storage/SegmentManager.java. Using fallback presentation compiler.[0m
2026.05.22 16:39:46 INFO  no build target found for /Users/habibaelkamary/Desktop/College(new)/DDIA/Labs/project/Weather-Stations-Monitoring-DDIA-Project/weather-station/src/main/java/com/weather/centralstation/storage/SegmentManager.java. Using fallback presentation compiler.[0m
2026.05.22 16:39:47 INFO  no build target found for /Users/habibaelkamary/Desktop/College(new)/DDIA/Labs/project/Weather-Stations-Monitoring-DDIA-Project/weather-station/src/main/java/com/weather/centralstation/storage/SegmentManager.java. Using fallback presentation compiler.[0m
2026.05.22 16:39:46 INFO  no build target found for /Users/habibaelkamary/Desktop/College(new)/DDIA/Labs/project/Weather-Stations-Monitoring-DDIA-Project/weather-station/src/main/java/com/weather/centralstation/storage/SegmentManager.java. Using fallback presentation compiler.[0m
2026.05.22 16:39:46 INFO  no build target found for /Users/habibaelkamary/Desktop/College(new)/DDIA/Labs/project/Weather-Stations-Monitoring-DDIA-Project/weather-station/src/main/java/com/weather/centralstation/storage/SegmentManager.java. Using fallback presentation compiler.[0m
2026.05.22 16:39:47 INFO  no build target found for /Users/habibaelkamary/Desktop/College(new)/DDIA/Labs/project/Weather-Stations-Monitoring-DDIA-Project/weather-station/src/main/java/com/weather/centralstation/storage/SegmentManager.java. Using fallback presentation compiler.[0m
2026.05.22 16:39:57 INFO  no build target found for /Users/habibaelkamary/Desktop/College(new)/DDIA/Labs/project/Weather-Stations-Monitoring-DDIA-Project/weather-station/src/main/java/com/weather/centralstation/storage/SegmentManager.java. Using fallback presentation compiler.[0m
2026.05.22 16:39:57 INFO  no build target found for /Users/habibaelkamary/Desktop/College(new)/DDIA/Labs/project/Weather-Stations-Monitoring-DDIA-Project/weather-station/src/main/java/com/weather/centralstation/storage/SegmentManager.java. Using fallback presentation compiler.[0m
2026.05.22 16:39:58 INFO  no build target found for /Users/habibaelkamary/Desktop/College(new)/DDIA/Labs/project/Weather-Stations-Monitoring-DDIA-Project/weather-station/src/main/java/com/weather/centralstation/storage/SegmentManager.java. Using fallback presentation compiler.[0m
2026.05.22 16:39:57 INFO  no build target found for /Users/habibaelkamary/Desktop/College(new)/DDIA/Labs/project/Weather-Stations-Monitoring-DDIA-Project/weather-station/src/main/java/com/weather/centralstation/storage/SegmentManager.java. Using fallback presentation compiler.[0m
2026.05.22 16:39:57 INFO  no build target found for /Users/habibaelkamary/Desktop/College(new)/DDIA/Labs/project/Weather-Stations-Monitoring-DDIA-Project/weather-station/src/main/java/com/weather/centralstation/storage/SegmentManager.java. Using fallback presentation compiler.[0m
2026.05.22 16:39:57 INFO  no build target found for /Users/habibaelkamary/Desktop/College(new)/DDIA/Labs/project/Weather-Stations-Monitoring-DDIA-Project/weather-station/src/main/java/com/weather/centralstation/storage/SegmentManager.java. Using fallback presentation compiler.[0m
2026.05.22 16:39:58 INFO  no build target found for /Users/habibaelkamary/Desktop/College(new)/DDIA/Labs/project/Weather-Stations-Monitoring-DDIA-Project/weather-station/src/main/java/com/weather/centralstation/storage/SegmentManager.java. Using fallback presentation compiler.[0m
2026.05.22 16:39:59 INFO  no build target found for /Users/habibaelkamary/Desktop/College(new)/DDIA/Labs/project/Weather-Stations-Monitoring-DDIA-Project/weather-station/src/main/java/com/weather/centralstation/storage/SegmentManager.java. Using fallback presentation compiler.[0m
2026.05.22 16:39:59 INFO  no build target found for /Users/habibaelkamary/Desktop/College(new)/DDIA/Labs/project/Weather-Stations-Monitoring-DDIA-Project/weather-station/src/main/java/com/weather/centralstation/storage/SegmentManager.java. Using fallback presentation compiler.[0m
2026.05.22 16:39:59 INFO  no build target found for /Users/habibaelkamary/Desktop/College(new)/DDIA/Labs/project/Weather-Stations-Monitoring-DDIA-Project/weather-station/src/main/java/com/weather/centralstation/storage/SegmentManager.java. Using fallback presentation compiler.[0m
2026.05.22 16:39:59 INFO  no build target found for /Users/habibaelkamary/Desktop/College(new)/DDIA/Labs/project/Weather-Stations-Monitoring-DDIA-Project/weather-station/src/main/java/com/weather/centralstation/storage/SegmentManager.java. Using fallback presentation compiler.[0m
2026.05.22 16:39:59 INFO  no build target found for /Users/habibaelkamary/Desktop/College(new)/DDIA/Labs/project/Weather-Stations-Monitoring-DDIA-Project/weather-station/src/main/java/com/weather/centralstation/storage/SegmentManager.java. Using fallback presentation compiler.[0m
2026.05.22 16:39:59 INFO  no build target found for /Users/habibaelkamary/Desktop/College(new)/DDIA/Labs/project/Weather-Stations-Monitoring-DDIA-Project/weather-station/src/main/java/com/weather/centralstation/storage/SegmentManager.java. Using fallback presentation compiler.[0m
2026.05.22 16:39:59 INFO  no build target found for /Users/habibaelkamary/Desktop/College(new)/DDIA/Labs/project/Weather-Stations-Monitoring-DDIA-Project/weather-station/src/main/java/com/weather/centralstation/storage/SegmentManager.java. Using fallback presentation compiler.[0m
2026.05.22 16:39:59 INFO  no build target found for /Users/habibaelkamary/Desktop/College(new)/DDIA/Labs/project/Weather-Stations-Monitoring-DDIA-Project/weather-station/src/main/java/com/weather/centralstation/storage/SegmentManager.java. Using fallback presentation compiler.[0m
2026.05.22 16:39:59 INFO  no build target found for /Users/habibaelkamary/Desktop/College(new)/DDIA/Labs/project/Weather-Stations-Monitoring-DDIA-Project/weather-station/src/main/java/com/weather/centralstation/storage/SegmentManager.java. Using fallback presentation compiler.[0m
2026.05.22 16:40:00 INFO  no build target found for /Users/habibaelkamary/Desktop/College(new)/DDIA/Labs/project/Weather-Stations-Monitoring-DDIA-Project/weather-station/src/main/java/com/weather/centralstation/storage/SegmentManager.java. Using fallback presentation compiler.[0m
2026.05.22 16:40:00 INFO  no build target found for /Users/habibaelkamary/Desktop/College(new)/DDIA/Labs/project/Weather-Stations-Monitoring-DDIA-Project/weather-station/src/main/java/com/weather/centralstation/storage/SegmentManager.java. Using fallback presentation compiler.[0m
2026.05.22 16:40:00 INFO  no build target found for /Users/habibaelkamary/Desktop/College(new)/DDIA/Labs/project/Weather-Stations-Monitoring-DDIA-Project/weather-station/src/main/java/com/weather/centralstation/storage/SegmentManager.java. Using fallback presentation compiler.[0m
2026.05.22 16:40:00 INFO  no build target found for /Users/habibaelkamary/Desktop/College(new)/DDIA/Labs/project/Weather-Stations-Monitoring-DDIA-Project/weather-station/src/main/java/com/weather/centralstation/storage/SegmentManager.java. Using fallback presentation compiler.[0m
2026.05.22 16:40:00 INFO  no build target found for /Users/habibaelkamary/Desktop/College(new)/DDIA/Labs/project/Weather-Stations-Monitoring-DDIA-Project/weather-station/src/main/java/com/weather/centralstation/storage/SegmentManager.java. Using fallback presentation compiler.[0m
2026.05.22 16:40:00 INFO  no build target found for /Users/habibaelkamary/Desktop/College(new)/DDIA/Labs/project/Weather-Stations-Monitoring-DDIA-Project/weather-station/src/main/java/com/weather/centralstation/storage/SegmentManager.java. Using fallback presentation compiler.[0m
2026.05.22 16:40:00 INFO  no build target found for /Users/habibaelkamary/Desktop/College(new)/DDIA/Labs/project/Weather-Stations-Monitoring-DDIA-Project/weather-station/src/main/java/com/weather/centralstation/storage/SegmentManager.java. Using fallback presentation compiler.[0m
2026.05.22 16:40:00 INFO  no build target found for /Users/habibaelkamary/Desktop/College(new)/DDIA/Labs/project/Weather-Stations-Monitoring-DDIA-Project/weather-station/src/main/java/com/weather/centralstation/storage/SegmentManager.java. Using fallback presentation compiler.[0m
2026.05.22 16:40:00 INFO  no build target found for /Users/habibaelkamary/Desktop/College(new)/DDIA/Labs/project/Weather-Stations-Monitoring-DDIA-Project/weather-station/src/main/java/com/weather/centralstation/storage/SegmentManager.java. Using fallback presentation compiler.[0m
2026.05.22 16:40:01 INFO  no build target found for /Users/habibaelkamary/Desktop/College(new)/DDIA/Labs/project/Weather-Stations-Monitoring-DDIA-Project/weather-station/src/main/java/com/weather/centralstation/storage/SegmentManager.java. Using fallback presentation compiler.[0m
2026.05.22 16:40:00 INFO  no build target found for /Users/habibaelkamary/Desktop/College(new)/DDIA/Labs/project/Weather-Stations-Monitoring-DDIA-Project/weather-station/src/main/java/com/weather/centralstation/storage/SegmentManager.java. Using fallback presentation compiler.[0m
2026.05.22 16:40:01 INFO  no build target found for /Users/habibaelkamary/Desktop/College(new)/DDIA/Labs/project/Weather-Stations-Monitoring-DDIA-Project/weather-station/src/main/java/com/weather/centralstation/storage/SegmentManager.java. Using fallback presentation compiler.[0m
2026.05.22 16:40:01 INFO  no build target found for /Users/habibaelkamary/Desktop/College(new)/DDIA/Labs/project/Weather-Stations-Monitoring-DDIA-Project/weather-station/src/main/java/com/weather/centralstation/storage/SegmentManager.java. Using fallback presentation compiler.[0m
2026.05.22 16:40:01 INFO  no build target found for /Users/habibaelkamary/Desktop/College(new)/DDIA/Labs/project/Weather-Stations-Monitoring-DDIA-Project/weather-station/src/main/java/com/weather/centralstation/storage/SegmentManager.java. Using fallback presentation compiler.[0m
2026.05.22 16:40:01 INFO  no build target found for /Users/habibaelkamary/Desktop/College(new)/DDIA/Labs/project/Weather-Stations-Monitoring-DDIA-Project/weather-station/src/main/java/com/weather/centralstation/storage/SegmentManager.java. Using fallback presentation compiler.[0m
2026.05.22 16:40:01 INFO  no build target found for /Users/habibaelkamary/Desktop/College(new)/DDIA/Labs/project/Weather-Stations-Monitoring-DDIA-Project/weather-station/src/main/java/com/weather/centralstation/storage/SegmentManager.java. Using fallback presentation compiler.[0m
2026.05.22 16:40:02 INFO  no build target found for /Users/habibaelkamary/Desktop/College(new)/DDIA/Labs/project/Weather-Stations-Monitoring-DDIA-Project/weather-station/src/main/java/com/weather/centralstation/storage/SegmentManager.java. Using fallback presentation compiler.[0m
2026.05.22 16:40:02 INFO  no build target found for /Users/habibaelkamary/Desktop/College(new)/DDIA/Labs/project/Weather-Stations-Monitoring-DDIA-Project/weather-station/src/main/java/com/weather/centralstation/storage/SegmentManager.java. Using fallback presentation compiler.[0m
2026.05.22 16:40:02 INFO  no build target found for /Users/habibaelkamary/Desktop/College(new)/DDIA/Labs/project/Weather-Stations-Monitoring-DDIA-Project/weather-station/src/main/java/com/weather/centralstation/storage/SegmentManager.java. Using fallback presentation compiler.[0m
2026.05.22 16:40:01 INFO  no build target found for /Users/habibaelkamary/Desktop/College(new)/DDIA/Labs/project/Weather-Stations-Monitoring-DDIA-Project/weather-station/src/main/java/com/weather/centralstation/storage/SegmentManager.java. Using fallback presentation compiler.[0m
2026.05.22 16:40:02 INFO  no build target found for /Users/habibaelkamary/Desktop/College(new)/DDIA/Labs/project/Weather-Stations-Monitoring-DDIA-Project/weather-station/src/main/java/com/weather/centralstation/storage/SegmentManager.java. Using fallback presentation compiler.[0m
2026.05.22 16:40:02 INFO  no build target found for /Users/habibaelkamary/Desktop/College(new)/DDIA/Labs/project/Weather-Stations-Monitoring-DDIA-Project/weather-station/src/main/java/com/weather/centralstation/storage/SegmentManager.java. Using fallback presentation compiler.[0m
2026.05.22 16:40:02 INFO  no build target found for /Users/habibaelkamary/Desktop/College(new)/DDIA/Labs/project/Weather-Stations-Monitoring-DDIA-Project/weather-station/src/main/java/com/weather/centralstation/storage/SegmentManager.java. Using fallback presentation compiler.[0m
2026.05.22 16:40:02 INFO  no build target found for /Users/habibaelkamary/Desktop/College(new)/DDIA/Labs/project/Weather-Stations-Monitoring-DDIA-Project/weather-station/src/main/java/com/weather/centralstation/storage/SegmentManager.java. Using fallback presentation compiler.[0m
2026.05.22 16:40:03 INFO  no build target found for /Users/habibaelkamary/Desktop/College(new)/DDIA/Labs/project/Weather-Stations-Monitoring-DDIA-Project/weather-station/src/main/java/com/weather/centralstation/storage/SegmentManager.java. Using fallback presentation compiler.[0m
2026.05.22 16:40:03 INFO  no build target found for /Users/habibaelkamary/Desktop/College(new)/DDIA/Labs/project/Weather-Stations-Monitoring-DDIA-Project/weather-station/src/main/java/com/weather/centralstation/storage/SegmentManager.java. Using fallback presentation compiler.[0m
2026.05.22 16:40:03 INFO  no build target found for /Users/habibaelkamary/Desktop/College(new)/DDIA/Labs/project/Weather-Stations-Monitoring-DDIA-Project/weather-station/src/main/java/com/weather/centralstation/storage/SegmentManager.java. Using fallback presentation compiler.[0m
2026.05.22 16:40:03 INFO  no build target found for /Users/habibaelkamary/Desktop/College(new)/DDIA/Labs/project/Weather-Stations-Monitoring-DDIA-Project/weather-station/src/main/java/com/weather/centralstation/storage/SegmentManager.java. Using fallback presentation compiler.[0m
2026.05.22 16:40:03 INFO  no build target found for /Users/habibaelkamary/Desktop/College(new)/DDIA/Labs/project/Weather-Stations-Monitoring-DDIA-Project/weather-station/src/main/java/com/weather/centralstation/storage/SegmentManager.java. Using fallback presentation compiler.[0m
2026.05.22 16:40:04 WARN  no build target for: /Users/habibaelkamary/Desktop/College(new)/DDIA/Labs/project/Weather-Stations-Monitoring-DDIA-Project/weather-station/src/main/java/com/weather/centralstation/storage/SegmentManager.java[0m
2026.05.22 16:40:04 INFO  no build target found for /Users/habibaelkamary/Desktop/College(new)/DDIA/Labs/project/Weather-Stations-Monitoring-DDIA-Project/weather-station/src/main/java/com/weather/centralstation/storage/SegmentManager.java. Using fallback presentation compiler.[0m
2026.05.22 16:40:05 INFO  no build target found for /Users/habibaelkamary/Desktop/College(new)/DDIA/Labs/project/Weather-Stations-Monitoring-DDIA-Project/weather-station/src/main/java/com/weather/centralstation/storage/SegmentManager.java. Using fallback presentation compiler.[0m
2026.05.22 16:40:11 INFO  no build target found for /Users/habibaelkamary/Desktop/College(new)/DDIA/Labs/project/Weather-Stations-Monitoring-DDIA-Project/weather-station/src/main/java/com/weather/centralstation/storage/SegmentManager.java. Using fallback presentation compiler.[0m
2026.05.22 16:40:23 INFO  no build target found for /Users/habibaelkamary/Desktop/College(new)/DDIA/Labs/project/Weather-Stations-Monitoring-DDIA-Project/weather-station/src/main/java/com/weather/centralstation/storage/SegmentManager.java. Using fallback presentation compiler.[0m
2026.05.22 16:40:23 INFO  no build target found for /Users/habibaelkamary/Desktop/College(new)/DDIA/Labs/project/Weather-Stations-Monitoring-DDIA-Project/weather-station/src/main/java/com/weather/centralstation/storage/SegmentManager.java. Using fallback presentation compiler.[0m
2026.05.22 16:40:23 INFO  no build target found for /Users/habibaelkamary/Desktop/College(new)/DDIA/Labs/project/Weather-Stations-Monitoring-DDIA-Project/weather-station/src/main/java/com/weather/centralstation/storage/SegmentManager.java. Using fallback presentation compiler.[0m
2026.05.22 16:40:24 INFO  no build target found for /Users/habibaelkamary/Desktop/College(new)/DDIA/Labs/project/Weather-Stations-Monitoring-DDIA-Project/weather-station/src/main/java/com/weather/centralstation/storage/SegmentManager.java. Using fallback presentation compiler.[0m
2026.05.22 16:40:24 INFO  no build target found for /Users/habibaelkamary/Desktop/College(new)/DDIA/Labs/project/Weather-Stations-Monitoring-DDIA-Project/weather-station/src/main/java/com/weather/centralstation/storage/SegmentManager.java. Using fallback presentation compiler.[0m
2026.05.22 16:40:24 INFO  no build target found for /Users/habibaelkamary/Desktop/College(new)/DDIA/Labs/project/Weather-Stations-Monitoring-DDIA-Project/weather-station/src/main/java/com/weather/centralstation/storage/SegmentManager.java. Using fallback presentation compiler.[0m
2026.05.22 16:40:24 INFO  no build target found for /Users/habibaelkamary/Desktop/College(new)/DDIA/Labs/project/Weather-Stations-Monitoring-DDIA-Project/weather-station/src/main/java/com/weather/centralstation/storage/SegmentManager.java. Using fallback presentation compiler.[0m
2026.05.22 16:40:24 INFO  no build target found for /Users/habibaelkamary/Desktop/College(new)/DDIA/Labs/project/Weather-Stations-Monitoring-DDIA-Project/weather-station/src/main/java/com/weather/centralstation/storage/SegmentManager.java. Using fallback presentation compiler.[0m
2026.05.22 16:40:24 INFO  no build target found for /Users/habibaelkamary/Desktop/College(new)/DDIA/Labs/project/Weather-Stations-Monitoring-DDIA-Project/weather-station/src/main/java/com/weather/centralstation/storage/SegmentManager.java. Using fallback presentation compiler.[0m
2026.05.22 16:40:25 INFO  no build target found for /Users/habibaelkamary/Desktop/College(new)/DDIA/Labs/project/Weather-Stations-Monitoring-DDIA-Project/weather-station/src/main/java/com/weather/centralstation/storage/SegmentManager.java. Using fallback presentation compiler.[0m
2026.05.22 16:40:24 INFO  no build target found for /Users/habibaelkamary/Desktop/College(new)/DDIA/Labs/project/Weather-Stations-Monitoring-DDIA-Project/weather-station/src/main/java/com/weather/centralstation/storage/SegmentManager.java. Using fallback presentation compiler.[0m
2026.05.22 16:40:25 INFO  no build target found for /Users/habibaelkamary/Desktop/College(new)/DDIA/Labs/project/Weather-Stations-Monitoring-DDIA-Project/weather-station/src/main/java/com/weather/centralstation/storage/SegmentManager.java. Using fallback presentation compiler.[0m
2026.05.22 16:40:25 INFO  no build target found for /Users/habibaelkamary/Desktop/College(new)/DDIA/Labs/project/Weather-Stations-Monitoring-DDIA-Project/weather-station/src/main/java/com/weather/centralstation/storage/SegmentManager.java. Using fallback presentation compiler.[0m
2026.05.22 16:40:25 INFO  no build target found for /Users/habibaelkamary/Desktop/College(new)/DDIA/Labs/project/Weather-Stations-Monitoring-DDIA-Project/weather-station/src/main/java/com/weather/centralstation/storage/SegmentManager.java. Using fallback presentation compiler.[0m
2026.05.22 16:40:25 INFO  no build target found for /Users/habibaelkamary/Desktop/College(new)/DDIA/Labs/project/Weather-Stations-Monitoring-DDIA-Project/weather-station/src/main/java/com/weather/centralstation/storage/SegmentManager.java. Using fallback presentation compiler.[0m
2026.05.22 16:40:26 INFO  no build target found for /Users/habibaelkamary/Desktop/College(new)/DDIA/Labs/project/Weather-Stations-Monitoring-DDIA-Project/weather-station/src/main/java/com/weather/centralstation/storage/SegmentManager.java. Using fallback presentation compiler.[0m
2026.05.22 16:40:25 INFO  no build target found for /Users/habibaelkamary/Desktop/College(new)/DDIA/Labs/project/Weather-Stations-Monitoring-DDIA-Project/weather-station/src/main/java/com/weather/centralstation/storage/SegmentManager.java. Using fallback presentation compiler.[0m
2026.05.22 16:40:25 INFO  no build target found for /Users/habibaelkamary/Desktop/College(new)/DDIA/Labs/project/Weather-Stations-Monitoring-DDIA-Project/weather-station/src/main/java/com/weather/centralstation/storage/SegmentManager.java. Using fallback presentation compiler.[0m
2026.05.22 16:40:25 INFO  no build target found for /Users/habibaelkamary/Desktop/College(new)/DDIA/Labs/project/Weather-Stations-Monitoring-DDIA-Project/weather-station/src/main/java/com/weather/centralstation/storage/SegmentManager.java. Using fallback presentation compiler.[0m
2026.05.22 16:40:26 INFO  no build target found for /Users/habibaelkamary/Desktop/College(new)/DDIA/Labs/project/Weather-Stations-Monitoring-DDIA-Project/weather-station/src/main/java/com/weather/centralstation/storage/SegmentManager.java. Using fallback presentation compiler.[0m
2026.05.22 16:40:26 INFO  no build target found for /Users/habibaelkamary/Desktop/College(new)/DDIA/Labs/project/Weather-Stations-Monitoring-DDIA-Project/weather-station/src/main/java/com/weather/centralstation/storage/SegmentManager.java. Using fallback presentation compiler.[0m
2026.05.22 16:40:26 INFO  no build target found for /Users/habibaelkamary/Desktop/College(new)/DDIA/Labs/project/Weather-Stations-Monitoring-DDIA-Project/weather-station/src/main/java/com/weather/centralstation/storage/SegmentManager.java. Using fallback presentation compiler.[0m
2026.05.22 16:40:26 INFO  no build target found for /Users/habibaelkamary/Desktop/College(new)/DDIA/Labs/project/Weather-Stations-Monitoring-DDIA-Project/weather-station/src/main/java/com/weather/centralstation/storage/SegmentManager.java. Using fallback presentation compiler.[0m
2026.05.22 16:40:26 INFO  no build target found for /Users/habibaelkamary/Desktop/College(new)/DDIA/Labs/project/Weather-Stations-Monitoring-DDIA-Project/weather-station/src/main/java/com/weather/centralstation/storage/SegmentManager.java. Using fallback presentation compiler.[0m
2026.05.22 16:40:26 INFO  no build target found for /Users/habibaelkamary/Desktop/College(new)/DDIA/Labs/project/Weather-Stations-Monitoring-DDIA-Project/weather-station/src/main/java/com/weather/centralstation/storage/SegmentManager.java. Using fallback presentation compiler.[0m
2026.05.22 16:40:26 INFO  no build target found for /Users/habibaelkamary/Desktop/College(new)/DDIA/Labs/project/Weather-Stations-Monitoring-DDIA-Project/weather-station/src/main/java/com/weather/centralstation/storage/SegmentManager.java. Using fallback presentation compiler.[0m
2026.05.22 16:40:26 INFO  no build target found for /Users/habibaelkamary/Desktop/College(new)/DDIA/Labs/project/Weather-Stations-Monitoring-DDIA-Project/weather-station/src/main/java/com/weather/centralstation/storage/SegmentManager.java. Using fallback presentation compiler.[0m
2026.05.22 16:40:27 INFO  no build target found for /Users/habibaelkamary/Desktop/College(new)/DDIA/Labs/project/Weather-Stations-Monitoring-DDIA-Project/weather-station/src/main/java/com/weather/centralstation/storage/SegmentManager.java. Using fallback presentation compiler.[0m
2026.05.22 16:40:27 INFO  no build target found for /Users/habibaelkamary/Desktop/College(new)/DDIA/Labs/project/Weather-Stations-Monitoring-DDIA-Project/weather-station/src/main/java/com/weather/centralstation/storage/SegmentManager.java. Using fallback presentation compiler.[0m
2026.05.22 16:40:27 INFO  no build target found for /Users/habibaelkamary/Desktop/College(new)/DDIA/Labs/project/Weather-Stations-Monitoring-DDIA-Project/weather-station/src/main/java/com/weather/centralstation/storage/SegmentManager.java. Using fallback presentation compiler.[0m
2026.05.22 16:40:28 INFO  no build target found for /Users/habibaelkamary/Desktop/College(new)/DDIA/Labs/project/Weather-Stations-Monitoring-DDIA-Project/weather-station/src/main/java/com/weather/centralstation/storage/SegmentManager.java. Using fallback presentation compiler.[0m
2026.05.22 16:40:29 INFO  no build target found for /Users/habibaelkamary/Desktop/College(new)/DDIA/Labs/project/Weather-Stations-Monitoring-DDIA-Project/weather-station/src/main/java/com/weather/centralstation/storage/SegmentManager.java. Using fallback presentation compiler.[0m
2026.05.22 16:40:29 INFO  no build target found for /Users/habibaelkamary/Desktop/College(new)/DDIA/Labs/project/Weather-Stations-Monitoring-DDIA-Project/weather-station/src/main/java/com/weather/centralstation/storage/SegmentManager.java. Using fallback presentation compiler.[0m
2026.05.22 16:40:29 INFO  no build target found for /Users/habibaelkamary/Desktop/College(new)/DDIA/Labs/project/Weather-Stations-Monitoring-DDIA-Project/weather-station/src/main/java/com/weather/centralstation/storage/SegmentManager.java. Using fallback presentation compiler.[0m
May 22, 2026 4:40:29 PM org.eclipse.lsp4j.jsonrpc.RemoteEndpoint handleCancellation
WARNING: Unmatched cancel notification for request id 1983
2026.05.22 16:40:29 INFO  no build target found for /Users/habibaelkamary/Desktop/College(new)/DDIA/Labs/project/Weather-Stations-Monitoring-DDIA-Project/weather-station/src/main/java/com/weather/centralstation/storage/SegmentManager.java. Using fallback presentation compiler.[0m
2026.05.22 16:40:29 INFO  no build target found for /Users/habibaelkamary/Desktop/College(new)/DDIA/Labs/project/Weather-Stations-Monitoring-DDIA-Project/weather-station/src/main/java/com/weather/centralstation/storage/SegmentManager.java. Using fallback presentation compiler.[0m
2026.05.22 16:40:29 INFO  time: code lens generation in 1.15s[0m
2026.05.22 16:40:29 INFO  no build target found for /Users/habibaelkamary/Desktop/College(new)/DDIA/Labs/project/Weather-Stations-Monitoring-DDIA-Project/weather-station/src/main/java/com/weather/centralstation/storage/SegmentManager.java. Using fallback presentation compiler.[0m
2026.05.22 16:40:29 INFO  no build target found for /Users/habibaelkamary/Desktop/College(new)/DDIA/Labs/project/Weather-Stations-Monitoring-DDIA-Project/weather-station/src/main/java/com/weather/centralstation/storage/SegmentManager.java. Using fallback presentation compiler.[0m
2026.05.22 16:40:29 INFO  no build target found for /Users/habibaelkamary/Desktop/College(new)/DDIA/Labs/project/Weather-Stations-Monitoring-DDIA-Project/weather-station/src/main/java/com/weather/centralstation/storage/SegmentManager.java. Using fallback presentation compiler.[0m
2026.05.22 16:40:30 INFO  no build target found for /Users/habibaelkamary/Desktop/College(new)/DDIA/Labs/project/Weather-Stations-Monitoring-DDIA-Project/weather-station/src/main/java/com/weather/centralstation/storage/SegmentManager.java. Using fallback presentation compiler.[0m
2026.05.22 16:40:30 INFO  no build target found for /Users/habibaelkamary/Desktop/College(new)/DDIA/Labs/project/Weather-Stations-Monitoring-DDIA-Project/weather-station/src/main/java/com/weather/centralstation/storage/SegmentManager.java. Using fallback presentation compiler.[0m
2026.05.22 16:40:30 INFO  no build target found for /Users/habibaelkamary/Desktop/College(new)/DDIA/Labs/project/Weather-Stations-Monitoring-DDIA-Project/weather-station/src/main/java/com/weather/centralstation/storage/SegmentManager.java. Using fallback presentation compiler.[0m
2026.05.22 16:40:30 INFO  no build target found for /Users/habibaelkamary/Desktop/College(new)/DDIA/Labs/project/Weather-Stations-Monitoring-DDIA-Project/weather-station/src/main/java/com/weather/centralstation/storage/SegmentManager.java. Using fallback presentation compiler.[0m
2026.05.22 16:40:31 WARN  no build target for: /Users/habibaelkamary/Desktop/College(new)/DDIA/Labs/project/Weather-Stations-Monitoring-DDIA-Project/weather-station/src/main/java/com/weather/centralstation/storage/SegmentManager.java[0m
2026.05.22 16:40:31 INFO  no build target found for /Users/habibaelkamary/Desktop/College(new)/DDIA/Labs/project/Weather-Stations-Monitoring-DDIA-Project/weather-station/src/main/java/com/weather/centralstation/storage/SegmentManager.java. Using fallback presentation compiler.[0m
2026.05.22 16:40:31 INFO  no build target found for /Users/habibaelkamary/Desktop/College(new)/DDIA/Labs/project/Weather-Stations-Monitoring-DDIA-Project/weather-station/src/main/java/com/weather/centralstation/storage/SegmentManager.java. Using fallback presentation compiler.[0m
May 22, 2026 4:40:34 PM org.eclipse.lsp4j.jsonrpc.RemoteEndpoint handleCancellation
WARNING: Unmatched cancel notification for request id 2009
May 22, 2026 4:40:57 PM org.eclipse.lsp4j.jsonrpc.RemoteEndpoint handleCancellation
WARNING: Unmatched cancel notification for request id 2042
2026.05.22 16:40:59 INFO  no build target found for /Users/habibaelkamary/Desktop/College(new)/DDIA/Labs/project/Weather-Stations-Monitoring-DDIA-Project/weather-station/src/main/java/com/weather/centralstation/storage/SegmentManager.java. Using fallback presentation compiler.[0m
May 22, 2026 4:41:11 PM org.eclipse.lsp4j.jsonrpc.RemoteEndpoint handleCancellation
WARNING: Unmatched cancel notification for request id 2051
2026.05.22 16:41:17 INFO  no build target found for /Users/habibaelkamary/Desktop/College(new)/DDIA/Labs/project/Weather-Stations-Monitoring-DDIA-Project/weather-station/src/main/java/com/weather/centralstation/storage/KeyDirEntry.java. Using fallback presentation compiler.[0m
May 22, 2026 4:41:17 PM org.eclipse.lsp4j.jsonrpc.RemoteEndpoint handleCancellation
WARNING: Unmatched cancel notification for request id 2068
2026.05.22 16:41:17 INFO  no build target found for /Users/habibaelkamary/Desktop/College(new)/DDIA/Labs/project/Weather-Stations-Monitoring-DDIA-Project/weather-station/src/main/java/com/weather/centralstation/storage/KeyDirEntry.java. Using fallback presentation compiler.[0m
2026.05.22 16:41:17 INFO  no build target found for /Users/habibaelkamary/Desktop/College(new)/DDIA/Labs/project/Weather-Stations-Monitoring-DDIA-Project/weather-station/src/main/java/com/weather/centralstation/storage/KeyDirEntry.java. Using fallback presentation compiler.[0m
May 22, 2026 4:41:17 PM org.eclipse.lsp4j.jsonrpc.RemoteEndpoint handleCancellation
WARNING: Unmatched cancel notification for request id 2069
2026.05.22 16:41:17 INFO  no build target found for /Users/habibaelkamary/Desktop/College(new)/DDIA/Labs/project/Weather-Stations-Monitoring-DDIA-Project/weather-station/src/main/java/com/weather/centralstation/storage/KeyDirEntry.java. Using fallback presentation compiler.[0m
2026.05.22 16:41:17 WARN  no build target for: /Users/habibaelkamary/Desktop/College(new)/DDIA/Labs/project/Weather-Stations-Monitoring-DDIA-Project/weather-station/src/main/java/com/weather/centralstation/storage/KeyDirEntry.java[0m
2026.05.22 16:41:17 INFO  no build target found for /Users/habibaelkamary/Desktop/College(new)/DDIA/Labs/project/Weather-Stations-Monitoring-DDIA-Project/weather-station/src/main/java/com/weather/centralstation/storage/KeyDirEntry.java. Using fallback presentation compiler.[0m
2026.05.22 16:41:23 INFO  no build target found for /Users/habibaelkamary/Desktop/College(new)/DDIA/Labs/project/Weather-Stations-Monitoring-DDIA-Project/weather-station/src/main/java/com/weather/centralstation/storage/KeyDirEntry.java. Using fallback presentation compiler.[0m
2026.05.22 16:41:24 INFO  no build target found for /Users/habibaelkamary/Desktop/College(new)/DDIA/Labs/project/Weather-Stations-Monitoring-DDIA-Project/weather-station/src/main/java/com/weather/centralstation/storage/KeyDirEntry.java. Using fallback presentation compiler.[0m
2026.05.22 16:41:26 INFO  no build target found for /Users/habibaelkamary/Desktop/College(new)/DDIA/Labs/project/Weather-Stations-Monitoring-DDIA-Project/weather-station/src/main/java/com/weather/centralstation/storage/SegmentManager.java. Using fallback presentation compiler.[0m
2026.05.22 16:41:26 INFO  no build target found for /Users/habibaelkamary/Desktop/College(new)/DDIA/Labs/project/Weather-Stations-Monitoring-DDIA-Project/weather-station/src/main/java/com/weather/centralstation/storage/SegmentManager.java. Using fallback presentation compiler.[0m
May 22, 2026 4:41:26 PM org.eclipse.lsp4j.jsonrpc.RemoteEndpoint handleCancellation
WARNING: Unmatched cancel notification for request id 2079
2026.05.22 16:41:26 INFO  no build target found for /Users/habibaelkamary/Desktop/College(new)/DDIA/Labs/project/Weather-Stations-Monitoring-DDIA-Project/weather-station/src/main/java/com/weather/centralstation/storage/SegmentManager.java. Using fallback presentation compiler.[0m
2026.05.22 16:41:26 INFO  no build target found for /Users/habibaelkamary/Desktop/College(new)/DDIA/Labs/project/Weather-Stations-Monitoring-DDIA-Project/weather-station/src/main/java/com/weather/centralstation/storage/SegmentManager.java. Using fallback presentation compiler.[0m
May 22, 2026 4:41:26 PM org.eclipse.lsp4j.jsonrpc.RemoteEndpoint handleCancellation
WARNING: Unmatched cancel notification for request id 2081
2026.05.22 16:41:26 INFO  no build target found for /Users/habibaelkamary/Desktop/College(new)/DDIA/Labs/project/Weather-Stations-Monitoring-DDIA-Project/weather-station/src/main/java/com/weather/centralstation/storage/SegmentManager.java. Using fallback presentation compiler.[0m
2026.05.22 16:41:26 WARN  no build target for: /Users/habibaelkamary/Desktop/College(new)/DDIA/Labs/project/Weather-Stations-Monitoring-DDIA-Project/weather-station/src/main/java/com/weather/centralstation/storage/SegmentManager.java[0m
2026.05.22 16:41:26 INFO  no build target found for /Users/habibaelkamary/Desktop/College(new)/DDIA/Labs/project/Weather-Stations-Monitoring-DDIA-Project/weather-station/src/main/java/com/weather/centralstation/storage/SegmentManager.java. Using fallback presentation compiler.[0m
2026.05.22 16:41:28 INFO  no build target found for /Users/habibaelkamary/Desktop/College(new)/DDIA/Labs/project/Weather-Stations-Monitoring-DDIA-Project/weather-station/src/main/java/com/weather/centralstation/storage/SegmentManager.java. Using fallback presentation compiler.[0m
2026.05.22 16:41:28 INFO  no build target found for /Users/habibaelkamary/Desktop/College(new)/DDIA/Labs/project/Weather-Stations-Monitoring-DDIA-Project/weather-station/src/main/java/com/weather/centralstation/storage/SegmentManager.java. Using fallback presentation compiler.[0m
2026.05.22 16:41:28 INFO  no build target found for /Users/habibaelkamary/Desktop/College(new)/DDIA/Labs/project/Weather-Stations-Monitoring-DDIA-Project/weather-station/src/main/java/com/weather/centralstation/storage/SegmentManager.java. Using fallback presentation compiler.[0m
2026.05.22 16:41:28 INFO  no build target found for /Users/habibaelkamary/Desktop/College(new)/DDIA/Labs/project/Weather-Stations-Monitoring-DDIA-Project/weather-station/src/main/java/com/weather/centralstation/storage/SegmentManager.java. Using fallback presentation compiler.[0m
2026.05.22 16:41:44 INFO  no build target found for /Users/habibaelkamary/Desktop/College(new)/DDIA/Labs/project/Weather-Stations-Monitoring-DDIA-Project/weather-station/src/main/java/com/weather/centralstation/storage/SegmentManager.java. Using fallback presentation compiler.[0m
May 22, 2026 4:41:46 PM org.eclipse.lsp4j.jsonrpc.RemoteEndpoint handleCancellation
WARNING: Unmatched cancel notification for request id 2113
May 22, 2026 4:41:56 PM org.eclipse.lsp4j.jsonrpc.RemoteEndpoint handleCancellation
WARNING: Unmatched cancel notification for request id 2134
May 22, 2026 4:42:11 PM org.eclipse.lsp4j.jsonrpc.RemoteEndpoint handleCancellation
WARNING: Unmatched cancel notification for request id 2203
May 22, 2026 4:42:11 PM org.eclipse.lsp4j.jsonrpc.RemoteEndpoint handleCancellation
WARNING: Unmatched cancel notification for request id 2204
2026.05.22 16:42:20 INFO  no build target found for /Users/habibaelkamary/Desktop/College(new)/DDIA/Labs/project/Weather-Stations-Monitoring-DDIA-Project/weather-station/src/main/java/com/weather/centralstation/storage/SegmentManager.java. Using fallback presentation compiler.[0m
2026.05.22 16:42:32 INFO  no build target found for /Users/habibaelkamary/Desktop/College(new)/DDIA/Labs/project/Weather-Stations-Monitoring-DDIA-Project/weather-station/src/main/java/com/weather/centralstation/storage/KeyDirEntry.java. Using fallback presentation compiler.[0m
2026.05.22 16:42:32 INFO  no build target found for /Users/habibaelkamary/Desktop/College(new)/DDIA/Labs/project/Weather-Stations-Monitoring-DDIA-Project/weather-station/src/main/java/com/weather/centralstation/storage/KeyDirEntry.java. Using fallback presentation compiler.[0m
May 22, 2026 4:42:33 PM org.eclipse.lsp4j.jsonrpc.RemoteEndpoint handleCancellation
WARNING: Unmatched cancel notification for request id 2240
2026.05.22 16:42:32 INFO  no build target found for /Users/habibaelkamary/Desktop/College(new)/DDIA/Labs/project/Weather-Stations-Monitoring-DDIA-Project/weather-station/src/main/java/com/weather/centralstation/storage/KeyDirEntry.java. Using fallback presentation compiler.[0m
May 22, 2026 4:42:33 PM org.eclipse.lsp4j.jsonrpc.RemoteEndpoint handleCancellation
WARNING: Unmatched cancel notification for request id 2241
2026.05.22 16:42:33 INFO  no build target found for /Users/habibaelkamary/Desktop/College(new)/DDIA/Labs/project/Weather-Stations-Monitoring-DDIA-Project/weather-station/src/main/java/com/weather/centralstation/storage/KeyDirEntry.java. Using fallback presentation compiler.[0m
2026.05.22 16:42:33 WARN  no build target for: /Users/habibaelkamary/Desktop/College(new)/DDIA/Labs/project/Weather-Stations-Monitoring-DDIA-Project/weather-station/src/main/java/com/weather/centralstation/storage/KeyDirEntry.java[0m
2026.05.22 16:42:33 INFO  no build target found for /Users/habibaelkamary/Desktop/College(new)/DDIA/Labs/project/Weather-Stations-Monitoring-DDIA-Project/weather-station/src/main/java/com/weather/centralstation/storage/KeyDirEntry.java. Using fallback presentation compiler.[0m
2026.05.22 16:42:32 INFO  no build target found for /Users/habibaelkamary/Desktop/College(new)/DDIA/Labs/project/Weather-Stations-Monitoring-DDIA-Project/weather-station/src/main/java/com/weather/centralstation/storage/KeyDirEntry.java. Using fallback presentation compiler.[0m
2026.05.22 16:42:39 INFO  no build target found for /Users/habibaelkamary/Desktop/College(new)/DDIA/Labs/project/Weather-Stations-Monitoring-DDIA-Project/weather-station/src/main/java/com/weather/centralstation/storage/KeyDirEntry.java. Using fallback presentation compiler.[0m
2026.05.22 16:42:49 INFO  no build target found for /Users/habibaelkamary/Desktop/College(new)/DDIA/Labs/project/Weather-Stations-Monitoring-DDIA-Project/weather-station/src/main/java/com/weather/centralstation/storage/SegmentManager.java. Using fallback presentation compiler.[0m
May 22, 2026 4:42:50 PM org.eclipse.lsp4j.jsonrpc.RemoteEndpoint handleCancellation
WARNING: Unmatched cancel notification for request id 2251
2026.05.22 16:42:49 INFO  no build target found for /Users/habibaelkamary/Desktop/College(new)/DDIA/Labs/project/Weather-Stations-Monitoring-DDIA-Project/weather-station/src/main/java/com/weather/centralstation/storage/SegmentManager.java. Using fallback presentation compiler.[0m
2026.05.22 16:42:49 INFO  no build target found for /Users/habibaelkamary/Desktop/College(new)/DDIA/Labs/project/Weather-Stations-Monitoring-DDIA-Project/weather-station/src/main/java/com/weather/centralstation/storage/SegmentManager.java. Using fallback presentation compiler.[0m
2026.05.22 16:42:50 WARN  no build target for: /Users/habibaelkamary/Desktop/College(new)/DDIA/Labs/project/Weather-Stations-Monitoring-DDIA-Project/weather-station/src/main/java/com/weather/centralstation/storage/SegmentManager.java[0m
2026.05.22 16:42:49 INFO  no build target found for /Users/habibaelkamary/Desktop/College(new)/DDIA/Labs/project/Weather-Stations-Monitoring-DDIA-Project/weather-station/src/main/java/com/weather/centralstation/storage/SegmentManager.java. Using fallback presentation compiler.[0m
May 22, 2026 4:42:50 PM org.eclipse.lsp4j.jsonrpc.RemoteEndpoint handleCancellation
WARNING: Unmatched cancel notification for request id 2253
2026.05.22 16:42:50 INFO  no build target found for /Users/habibaelkamary/Desktop/College(new)/DDIA/Labs/project/Weather-Stations-Monitoring-DDIA-Project/weather-station/src/main/java/com/weather/centralstation/storage/SegmentManager.java. Using fallback presentation compiler.[0m
2026.05.22 16:42:50 INFO  no build target found for /Users/habibaelkamary/Desktop/College(new)/DDIA/Labs/project/Weather-Stations-Monitoring-DDIA-Project/weather-station/src/main/java/com/weather/centralstation/storage/SegmentManager.java. Using fallback presentation compiler.[0m
2026.05.22 16:43:03 INFO  no build target found for /Users/habibaelkamary/Desktop/College(new)/DDIA/Labs/project/Weather-Stations-Monitoring-DDIA-Project/weather-station/src/main/java/com/weather/centralstation/storage/KeyDirEntry.java. Using fallback presentation compiler.[0m
May 22, 2026 4:43:03 PM org.eclipse.lsp4j.jsonrpc.RemoteEndpoint handleCancellation
WARNING: Unmatched cancel notification for request id 2299
2026.05.22 16:43:03 INFO  no build target found for /Users/habibaelkamary/Desktop/College(new)/DDIA/Labs/project/Weather-Stations-Monitoring-DDIA-Project/weather-station/src/main/java/com/weather/centralstation/storage/KeyDirEntry.java. Using fallback presentation compiler.[0m
2026.05.22 16:43:03 INFO  no build target found for /Users/habibaelkamary/Desktop/College(new)/DDIA/Labs/project/Weather-Stations-Monitoring-DDIA-Project/weather-station/src/main/java/com/weather/centralstation/storage/KeyDirEntry.java. Using fallback presentation compiler.[0m
2026.05.22 16:43:03 INFO  no build target found for /Users/habibaelkamary/Desktop/College(new)/DDIA/Labs/project/Weather-Stations-Monitoring-DDIA-Project/weather-station/src/main/java/com/weather/centralstation/storage/KeyDirEntry.java. Using fallback presentation compiler.[0m
2026.05.22 16:43:03 WARN  no build target for: /Users/habibaelkamary/Desktop/College(new)/DDIA/Labs/project/Weather-Stations-Monitoring-DDIA-Project/weather-station/src/main/java/com/weather/centralstation/storage/KeyDirEntry.java[0m
2026.05.22 16:43:03 INFO  no build target found for /Users/habibaelkamary/Desktop/College(new)/DDIA/Labs/project/Weather-Stations-Monitoring-DDIA-Project/weather-station/src/main/java/com/weather/centralstation/storage/KeyDirEntry.java. Using fallback presentation compiler.[0m
2026.05.22 16:43:11 INFO  no build target found for /Users/habibaelkamary/Desktop/College(new)/DDIA/Labs/project/Weather-Stations-Monitoring-DDIA-Project/weather-station/src/main/java/com/weather/centralstation/storage/KeyDirEntry.java. Using fallback presentation compiler.[0m
2026.05.22 16:43:11 INFO  no build target found for /Users/habibaelkamary/Desktop/College(new)/DDIA/Labs/project/Weather-Stations-Monitoring-DDIA-Project/weather-station/src/main/java/com/weather/centralstation/storage/KeyDirEntry.java. Using fallback presentation compiler.[0m
2026.05.22 16:43:16 INFO  no build target found for /Users/habibaelkamary/Desktop/College(new)/DDIA/Labs/project/Weather-Stations-Monitoring-DDIA-Project/weather-station/src/main/java/com/weather/centralstation/storage/SegmentManager.java. Using fallback presentation compiler.[0m
2026.05.22 16:43:16 INFO  no build target found for /Users/habibaelkamary/Desktop/College(new)/DDIA/Labs/project/Weather-Stations-Monitoring-DDIA-Project/weather-station/src/main/java/com/weather/centralstation/storage/SegmentManager.java. Using fallback presentation compiler.[0m
May 22, 2026 4:43:16 PM org.eclipse.lsp4j.jsonrpc.RemoteEndpoint handleCancellation
WARNING: Unmatched cancel notification for request id 2310
2026.05.22 16:43:16 INFO  no build target found for /Users/habibaelkamary/Desktop/College(new)/DDIA/Labs/project/Weather-Stations-Monitoring-DDIA-Project/weather-station/src/main/java/com/weather/centralstation/storage/SegmentManager.java. Using fallback presentation compiler.[0m
2026.05.22 16:43:17 WARN  no build target for: /Users/habibaelkamary/Desktop/College(new)/DDIA/Labs/project/Weather-Stations-Monitoring-DDIA-Project/weather-station/src/main/java/com/weather/centralstation/storage/SegmentManager.java[0m
2026.05.22 16:43:16 INFO  no build target found for /Users/habibaelkamary/Desktop/College(new)/DDIA/Labs/project/Weather-Stations-Monitoring-DDIA-Project/weather-station/src/main/java/com/weather/centralstation/storage/SegmentManager.java. Using fallback presentation compiler.[0m
May 22, 2026 4:43:17 PM org.eclipse.lsp4j.jsonrpc.RemoteEndpoint handleCancellation
WARNING: Unmatched cancel notification for request id 2312
2026.05.22 16:43:17 INFO  no build target found for /Users/habibaelkamary/Desktop/College(new)/DDIA/Labs/project/Weather-Stations-Monitoring-DDIA-Project/weather-station/src/main/java/com/weather/centralstation/storage/SegmentManager.java. Using fallback presentation compiler.[0m
2026.05.22 16:43:17 INFO  no build target found for /Users/habibaelkamary/Desktop/College(new)/DDIA/Labs/project/Weather-Stations-Monitoring-DDIA-Project/weather-station/src/main/java/com/weather/centralstation/storage/SegmentManager.java. Using fallback presentation compiler.[0m
May 22, 2026 4:43:28 PM org.eclipse.lsp4j.jsonrpc.RemoteEndpoint handleCancellation
WARNING: Unmatched cancel notification for request id 2323
May 22, 2026 4:43:33 PM org.eclipse.lsp4j.jsonrpc.RemoteEndpoint handleCancellation
WARNING: Unmatched cancel notification for request id 2337
2026.05.22 16:43:41 INFO  no build target found for /Users/habibaelkamary/Desktop/College(new)/DDIA/Labs/project/Weather-Stations-Monitoring-DDIA-Project/weather-station/src/main/java/com/weather/centralstation/storage/SegmentManager.java. Using fallback presentation compiler.[0m
2026.05.22 16:44:04 INFO  no build target found for /Users/habibaelkamary/Desktop/College(new)/DDIA/Labs/project/Weather-Stations-Monitoring-DDIA-Project/weather-station/src/main/java/com/weather/centralstation/storage/SegmentManager.java. Using fallback presentation compiler.[0m
2026.05.22 16:44:04 INFO  no build target found for /Users/habibaelkamary/Desktop/College(new)/DDIA/Labs/project/Weather-Stations-Monitoring-DDIA-Project/weather-station/src/main/java/com/weather/centralstation/storage/SegmentManager.java. Using fallback presentation compiler.[0m
2026.05.22 16:44:04 INFO  no build target found for /Users/habibaelkamary/Desktop/College(new)/DDIA/Labs/project/Weather-Stations-Monitoring-DDIA-Project/weather-station/src/main/java/com/weather/centralstation/storage/SegmentManager.java. Using fallback presentation compiler.[0m
2026.05.22 16:44:04 INFO  no build target found for /Users/habibaelkamary/Desktop/College(new)/DDIA/Labs/project/Weather-Stations-Monitoring-DDIA-Project/weather-station/src/main/java/com/weather/centralstation/storage/SegmentManager.java. Using fallback presentation compiler.[0m
2026.05.22 16:44:05 INFO  no build target found for /Users/habibaelkamary/Desktop/College(new)/DDIA/Labs/project/Weather-Stations-Monitoring-DDIA-Project/weather-station/src/main/java/com/weather/centralstation/storage/SegmentManager.java. Using fallback presentation compiler.[0m
2026.05.22 16:44:05 INFO  no build target found for /Users/habibaelkamary/Desktop/College(new)/DDIA/Labs/project/Weather-Stations-Monitoring-DDIA-Project/weather-station/src/main/java/com/weather/centralstation/storage/SegmentManager.java. Using fallback presentation compiler.[0m
2026.05.22 16:44:05 INFO  no build target found for /Users/habibaelkamary/Desktop/College(new)/DDIA/Labs/project/Weather-Stations-Monitoring-DDIA-Project/weather-station/src/main/java/com/weather/centralstation/storage/SegmentManager.java. Using fallback presentation compiler.[0m
2026.05.22 16:44:06 INFO  no build target found for /Users/habibaelkamary/Desktop/College(new)/DDIA/Labs/project/Weather-Stations-Monitoring-DDIA-Project/weather-station/src/main/java/com/weather/centralstation/storage/SegmentManager.java. Using fallback presentation compiler.[0m
2026.05.22 16:44:05 INFO  no build target found for /Users/habibaelkamary/Desktop/College(new)/DDIA/Labs/project/Weather-Stations-Monitoring-DDIA-Project/weather-station/src/main/java/com/weather/centralstation/storage/SegmentManager.java. Using fallback presentation compiler.[0m
2026.05.22 16:44:06 INFO  no build target found for /Users/habibaelkamary/Desktop/College(new)/DDIA/Labs/project/Weather-Stations-Monitoring-DDIA-Project/weather-station/src/main/java/com/weather/centralstation/storage/SegmentManager.java. Using fallback presentation compiler.[0m
2026.05.22 16:44:05 INFO  no build target found for /Users/habibaelkamary/Desktop/College(new)/DDIA/Labs/project/Weather-Stations-Monitoring-DDIA-Project/weather-station/src/main/java/com/weather/centralstation/storage/SegmentManager.java. Using fallback presentation compiler.[0m
2026.05.22 16:44:05 INFO  no build target found for /Users/habibaelkamary/Desktop/College(new)/DDIA/Labs/project/Weather-Stations-Monitoring-DDIA-Project/weather-station/src/main/java/com/weather/centralstation/storage/SegmentManager.java. Using fallback presentation compiler.[0m
2026.05.22 16:44:05 INFO  no build target found for /Users/habibaelkamary/Desktop/College(new)/DDIA/Labs/project/Weather-Stations-Monitoring-DDIA-Project/weather-station/src/main/java/com/weather/centralstation/storage/SegmentManager.java. Using fallback presentation compiler.[0m
2026.05.22 16:44:06 INFO  no build target found for /Users/habibaelkamary/Desktop/College(new)/DDIA/Labs/project/Weather-Stations-Monitoring-DDIA-Project/weather-station/src/main/java/com/weather/centralstation/storage/SegmentManager.java. Using fallback presentation compiler.[0m
2026.05.22 16:44:06 INFO  no build target found for /Users/habibaelkamary/Desktop/College(new)/DDIA/Labs/project/Weather-Stations-Monitoring-DDIA-Project/weather-station/src/main/java/com/weather/centralstation/storage/SegmentManager.java. Using fallback presentation compiler.[0m
2026.05.22 16:44:06 INFO  no build target found for /Users/habibaelkamary/Desktop/College(new)/DDIA/Labs/project/Weather-Stations-Monitoring-DDIA-Project/weather-station/src/main/java/com/weather/centralstation/storage/SegmentManager.java. Using fallback presentation compiler.[0m
2026.05.22 16:44:06 INFO  no build target found for /Users/habibaelkamary/Desktop/College(new)/DDIA/Labs/project/Weather-Stations-Monitoring-DDIA-Project/weather-station/src/main/java/com/weather/centralstation/storage/SegmentManager.java. Using fallback presentation compiler.[0m
2026.05.22 16:44:06 INFO  no build target found for /Users/habibaelkamary/Desktop/College(new)/DDIA/Labs/project/Weather-Stations-Monitoring-DDIA-Project/weather-station/src/main/java/com/weather/centralstation/storage/SegmentManager.java. Using fallback presentation compiler.[0m
2026.05.22 16:44:06 INFO  no build target found for /Users/habibaelkamary/Desktop/College(new)/DDIA/Labs/project/Weather-Stations-Monitoring-DDIA-Project/weather-station/src/main/java/com/weather/centralstation/storage/SegmentManager.java. Using fallback presentation compiler.[0m
2026.05.22 16:44:07 INFO  no build target found for /Users/habibaelkamary/Desktop/College(new)/DDIA/Labs/project/Weather-Stations-Monitoring-DDIA-Project/weather-station/src/main/java/com/weather/centralstation/storage/SegmentManager.java. Using fallback presentation compiler.[0m
2026.05.22 16:44:06 INFO  no build target found for /Users/habibaelkamary/Desktop/College(new)/DDIA/Labs/project/Weather-Stations-Monitoring-DDIA-Project/weather-station/src/main/java/com/weather/centralstation/storage/SegmentManager.java. Using fallback presentation compiler.[0m
2026.05.22 16:44:06 INFO  no build target found for /Users/habibaelkamary/Desktop/College(new)/DDIA/Labs/project/Weather-Stations-Monitoring-DDIA-Project/weather-station/src/main/java/com/weather/centralstation/storage/SegmentManager.java. Using fallback presentation compiler.[0m
2026.05.22 16:44:06 INFO  no build target found for /Users/habibaelkamary/Desktop/College(new)/DDIA/Labs/project/Weather-Stations-Monitoring-DDIA-Project/weather-station/src/main/java/com/weather/centralstation/storage/SegmentManager.java. Using fallback presentation compiler.[0m
2026.05.22 16:44:08 INFO  no build target found for /Users/habibaelkamary/Desktop/College(new)/DDIA/Labs/project/Weather-Stations-Monitoring-DDIA-Project/weather-station/src/main/java/com/weather/centralstation/storage/SegmentManager.java. Using fallback presentation compiler.[0m
2026.05.22 16:44:08 INFO  no build target found for /Users/habibaelkamary/Desktop/College(new)/DDIA/Labs/project/Weather-Stations-Monitoring-DDIA-Project/weather-station/src/main/java/com/weather/centralstation/storage/SegmentManager.java. Using fallback presentation compiler.[0m
2026.05.22 16:44:07 INFO  no build target found for /Users/habibaelkamary/Desktop/College(new)/DDIA/Labs/project/Weather-Stations-Monitoring-DDIA-Project/weather-station/src/main/java/com/weather/centralstation/storage/SegmentManager.java. Using fallback presentation compiler.[0m
2026.05.22 16:44:08 INFO  no build target found for /Users/habibaelkamary/Desktop/College(new)/DDIA/Labs/project/Weather-Stations-Monitoring-DDIA-Project/weather-station/src/main/java/com/weather/centralstation/storage/SegmentManager.java. Using fallback presentation compiler.[0m
2026.05.22 16:44:08 INFO  no build target found for /Users/habibaelkamary/Desktop/College(new)/DDIA/Labs/project/Weather-Stations-Monitoring-DDIA-Project/weather-station/src/main/java/com/weather/centralstation/storage/SegmentManager.java. Using fallback presentation compiler.[0m
2026.05.22 16:44:08 INFO  no build target found for /Users/habibaelkamary/Desktop/College(new)/DDIA/Labs/project/Weather-Stations-Monitoring-DDIA-Project/weather-station/src/main/java/com/weather/centralstation/storage/SegmentManager.java. Using fallback presentation compiler.[0m
2026.05.22 16:44:08 INFO  no build target found for /Users/habibaelkamary/Desktop/College(new)/DDIA/Labs/project/Weather-Stations-Monitoring-DDIA-Project/weather-station/src/main/java/com/weather/centralstation/storage/SegmentManager.java. Using fallback presentation compiler.[0m
2026.05.22 16:44:09 INFO  no build target found for /Users/habibaelkamary/Desktop/College(new)/DDIA/Labs/project/Weather-Stations-Monitoring-DDIA-Project/weather-station/src/main/java/com/weather/centralstation/storage/SegmentManager.java. Using fallback presentation compiler.[0m
2026.05.22 16:44:09 INFO  no build target found for /Users/habibaelkamary/Desktop/College(new)/DDIA/Labs/project/Weather-Stations-Monitoring-DDIA-Project/weather-station/src/main/java/com/weather/centralstation/storage/SegmentManager.java. Using fallback presentation compiler.[0m
2026.05.22 16:44:09 INFO  no build target found for /Users/habibaelkamary/Desktop/College(new)/DDIA/Labs/project/Weather-Stations-Monitoring-DDIA-Project/weather-station/src/main/java/com/weather/centralstation/storage/SegmentManager.java. Using fallback presentation compiler.[0m
May 22, 2026 4:44:09 PM org.eclipse.lsp4j.jsonrpc.RemoteEndpoint handleCancellation
WARNING: Unmatched cancel notification for request id 2596
2026.05.22 16:44:09 INFO  no build target found for /Users/habibaelkamary/Desktop/College(new)/DDIA/Labs/project/Weather-Stations-Monitoring-DDIA-Project/weather-station/src/main/java/com/weather/centralstation/storage/SegmentManager.java. Using fallback presentation compiler.[0m
2026.05.22 16:44:09 INFO  no build target found for /Users/habibaelkamary/Desktop/College(new)/DDIA/Labs/project/Weather-Stations-Monitoring-DDIA-Project/weather-station/src/main/java/com/weather/centralstation/storage/SegmentManager.java. Using fallback presentation compiler.[0m
2026.05.22 16:44:09 INFO  no build target found for /Users/habibaelkamary/Desktop/College(new)/DDIA/Labs/project/Weather-Stations-Monitoring-DDIA-Project/weather-station/src/main/java/com/weather/centralstation/storage/SegmentManager.java. Using fallback presentation compiler.[0m
2026.05.22 16:44:09 INFO  no build target found for /Users/habibaelkamary/Desktop/College(new)/DDIA/Labs/project/Weather-Stations-Monitoring-DDIA-Project/weather-station/src/main/java/com/weather/centralstation/storage/SegmentManager.java. Using fallback presentation compiler.[0m
2026.05.22 16:44:09 INFO  no build target found for /Users/habibaelkamary/Desktop/College(new)/DDIA/Labs/project/Weather-Stations-Monitoring-DDIA-Project/weather-station/src/main/java/com/weather/centralstation/storage/SegmentManager.java. Using fallback presentation compiler.[0m
2026.05.22 16:44:09 INFO  no build target found for /Users/habibaelkamary/Desktop/College(new)/DDIA/Labs/project/Weather-Stations-Monitoring-DDIA-Project/weather-station/src/main/java/com/weather/centralstation/storage/SegmentManager.java. Using fallback presentation compiler.[0m
2026.05.22 16:44:09 INFO  no build target found for /Users/habibaelkamary/Desktop/College(new)/DDIA/Labs/project/Weather-Stations-Monitoring-DDIA-Project/weather-station/src/main/java/com/weather/centralstation/storage/SegmentManager.java. Using fallback presentation compiler.[0m
2026.05.22 16:44:09 INFO  no build target found for /Users/habibaelkamary/Desktop/College(new)/DDIA/Labs/project/Weather-Stations-Monitoring-DDIA-Project/weather-station/src/main/java/com/weather/centralstation/storage/SegmentManager.java. Using fallback presentation compiler.[0m
2026.05.22 16:44:10 INFO  no build target found for /Users/habibaelkamary/Desktop/College(new)/DDIA/Labs/project/Weather-Stations-Monitoring-DDIA-Project/weather-station/src/main/java/com/weather/centralstation/storage/SegmentManager.java. Using fallback presentation compiler.[0m
2026.05.22 16:44:10 INFO  no build target found for /Users/habibaelkamary/Desktop/College(new)/DDIA/Labs/project/Weather-Stations-Monitoring-DDIA-Project/weather-station/src/main/java/com/weather/centralstation/storage/SegmentManager.java. Using fallback presentation compiler.[0m
2026.05.22 16:44:10 INFO  no build target found for /Users/habibaelkamary/Desktop/College(new)/DDIA/Labs/project/Weather-Stations-Monitoring-DDIA-Project/weather-station/src/main/java/com/weather/centralstation/storage/SegmentManager.java. Using fallback presentation compiler.[0m
2026.05.22 16:44:10 INFO  no build target found for /Users/habibaelkamary/Desktop/College(new)/DDIA/Labs/project/Weather-Stations-Monitoring-DDIA-Project/weather-station/src/main/java/com/weather/centralstation/storage/SegmentManager.java. Using fallback presentation compiler.[0m
2026.05.22 16:44:10 INFO  no build target found for /Users/habibaelkamary/Desktop/College(new)/DDIA/Labs/project/Weather-Stations-Monitoring-DDIA-Project/weather-station/src/main/java/com/weather/centralstation/storage/SegmentManager.java. Using fallback presentation compiler.[0m
2026.05.22 16:44:10 INFO  no build target found for /Users/habibaelkamary/Desktop/College(new)/DDIA/Labs/project/Weather-Stations-Monitoring-DDIA-Project/weather-station/src/main/java/com/weather/centralstation/storage/SegmentManager.java. Using fallback presentation compiler.[0m
2026.05.22 16:44:10 INFO  no build target found for /Users/habibaelkamary/Desktop/College(new)/DDIA/Labs/project/Weather-Stations-Monitoring-DDIA-Project/weather-station/src/main/java/com/weather/centralstation/storage/SegmentManager.java. Using fallback presentation compiler.[0m
2026.05.22 16:44:10 INFO  no build target found for /Users/habibaelkamary/Desktop/College(new)/DDIA/Labs/project/Weather-Stations-Monitoring-DDIA-Project/weather-station/src/main/java/com/weather/centralstation/storage/SegmentManager.java. Using fallback presentation compiler.[0m
2026.05.22 16:44:11 INFO  no build target found for /Users/habibaelkamary/Desktop/College(new)/DDIA/Labs/project/Weather-Stations-Monitoring-DDIA-Project/weather-station/src/main/java/com/weather/centralstation/storage/SegmentManager.java. Using fallback presentation compiler.[0m
2026.05.22 16:44:10 INFO  no build target found for /Users/habibaelkamary/Desktop/College(new)/DDIA/Labs/project/Weather-Stations-Monitoring-DDIA-Project/weather-station/src/main/java/com/weather/centralstation/storage/SegmentManager.java. Using fallback presentation compiler.[0m
2026.05.22 16:44:11 INFO  no build target found for /Users/habibaelkamary/Desktop/College(new)/DDIA/Labs/project/Weather-Stations-Monitoring-DDIA-Project/weather-station/src/main/java/com/weather/centralstation/storage/SegmentManager.java. Using fallback presentation compiler.[0m
2026.05.22 16:44:11 INFO  no build target found for /Users/habibaelkamary/Desktop/College(new)/DDIA/Labs/project/Weather-Stations-Monitoring-DDIA-Project/weather-station/src/main/java/com/weather/centralstation/storage/SegmentManager.java. Using fallback presentation compiler.[0m
2026.05.22 16:44:11 INFO  no build target found for /Users/habibaelkamary/Desktop/College(new)/DDIA/Labs/project/Weather-Stations-Monitoring-DDIA-Project/weather-station/src/main/java/com/weather/centralstation/storage/SegmentManager.java. Using fallback presentation compiler.[0m
2026.05.22 16:44:11 INFO  no build target found for /Users/habibaelkamary/Desktop/College(new)/DDIA/Labs/project/Weather-Stations-Monitoring-DDIA-Project/weather-station/src/main/java/com/weather/centralstation/storage/SegmentManager.java. Using fallback presentation compiler.[0m
2026.05.22 16:44:11 INFO  no build target found for /Users/habibaelkamary/Desktop/College(new)/DDIA/Labs/project/Weather-Stations-Monitoring-DDIA-Project/weather-station/src/main/java/com/weather/centralstation/storage/SegmentManager.java. Using fallback presentation compiler.[0m
2026.05.22 16:44:12 INFO  no build target found for /Users/habibaelkamary/Desktop/College(new)/DDIA/Labs/project/Weather-Stations-Monitoring-DDIA-Project/weather-station/src/main/java/com/weather/centralstation/storage/SegmentManager.java. Using fallback presentation compiler.[0m
2026.05.22 16:44:11 INFO  no build target found for /Users/habibaelkamary/Desktop/College(new)/DDIA/Labs/project/Weather-Stations-Monitoring-DDIA-Project/weather-station/src/main/java/com/weather/centralstation/storage/SegmentManager.java. Using fallback presentation compiler.[0m
2026.05.22 16:44:12 INFO  no build target found for /Users/habibaelkamary/Desktop/College(new)/DDIA/Labs/project/Weather-Stations-Monitoring-DDIA-Project/weather-station/src/main/java/com/weather/centralstation/storage/SegmentManager.java. Using fallback presentation compiler.[0m
2026.05.22 16:44:12 INFO  no build target found for /Users/habibaelkamary/Desktop/College(new)/DDIA/Labs/project/Weather-Stations-Monitoring-DDIA-Project/weather-station/src/main/java/com/weather/centralstation/storage/SegmentManager.java. Using fallback presentation compiler.[0m
2026.05.22 16:44:12 INFO  no build target found for /Users/habibaelkamary/Desktop/College(new)/DDIA/Labs/project/Weather-Stations-Monitoring-DDIA-Project/weather-station/src/main/java/com/weather/centralstation/storage/SegmentManager.java. Using fallback presentation compiler.[0m
2026.05.22 16:44:12 INFO  no build target found for /Users/habibaelkamary/Desktop/College(new)/DDIA/Labs/project/Weather-Stations-Monitoring-DDIA-Project/weather-station/src/main/java/com/weather/centralstation/storage/SegmentManager.java. Using fallback presentation compiler.[0m
2026.05.22 16:44:13 INFO  no build target found for /Users/habibaelkamary/Desktop/College(new)/DDIA/Labs/project/Weather-Stations-Monitoring-DDIA-Project/weather-station/src/main/java/com/weather/centralstation/storage/SegmentManager.java. Using fallback presentation compiler.[0m
2026.05.22 16:44:12 INFO  no build target found for /Users/habibaelkamary/Desktop/College(new)/DDIA/Labs/project/Weather-Stations-Monitoring-DDIA-Project/weather-station/src/main/java/com/weather/centralstation/storage/SegmentManager.java. Using fallback presentation compiler.[0m
2026.05.22 16:44:12 INFO  no build target found for /Users/habibaelkamary/Desktop/College(new)/DDIA/Labs/project/Weather-Stations-Monitoring-DDIA-Project/weather-station/src/main/java/com/weather/centralstation/storage/SegmentManager.java. Using fallback presentation compiler.[0m
2026.05.22 16:44:12 INFO  no build target found for /Users/habibaelkamary/Desktop/College(new)/DDIA/Labs/project/Weather-Stations-Monitoring-DDIA-Project/weather-station/src/main/java/com/weather/centralstation/storage/SegmentManager.java. Using fallback presentation compiler.[0m
2026.05.22 16:44:13 INFO  no build target found for /Users/habibaelkamary/Desktop/College(new)/DDIA/Labs/project/Weather-Stations-Monitoring-DDIA-Project/weather-station/src/main/java/com/weather/centralstation/storage/SegmentManager.java. Using fallback presentation compiler.[0m
2026.05.22 16:44:12 INFO  no build target found for /Users/habibaelkamary/Desktop/College(new)/DDIA/Labs/project/Weather-Stations-Monitoring-DDIA-Project/weather-station/src/main/java/com/weather/centralstation/storage/SegmentManager.java. Using fallback presentation compiler.[0m
2026.05.22 16:44:13 INFO  no build target found for /Users/habibaelkamary/Desktop/College(new)/DDIA/Labs/project/Weather-Stations-Monitoring-DDIA-Project/weather-station/src/main/java/com/weather/centralstation/storage/SegmentManager.java. Using fallback presentation compiler.[0m
2026.05.22 16:44:13 INFO  no build target found for /Users/habibaelkamary/Desktop/College(new)/DDIA/Labs/project/Weather-Stations-Monitoring-DDIA-Project/weather-station/src/main/java/com/weather/centralstation/storage/SegmentManager.java. Using fallback presentation compiler.[0m
2026.05.22 16:44:13 INFO  no build target found for /Users/habibaelkamary/Desktop/College(new)/DDIA/Labs/project/Weather-Stations-Monitoring-DDIA-Project/weather-station/src/main/java/com/weather/centralstation/storage/SegmentManager.java. Using fallback presentation compiler.[0m
2026.05.22 16:44:13 INFO  no build target found for /Users/habibaelkamary/Desktop/College(new)/DDIA/Labs/project/Weather-Stations-Monitoring-DDIA-Project/weather-station/src/main/java/com/weather/centralstation/storage/SegmentManager.java. Using fallback presentation compiler.[0m
2026.05.22 16:44:13 INFO  no build target found for /Users/habibaelkamary/Desktop/College(new)/DDIA/Labs/project/Weather-Stations-Monitoring-DDIA-Project/weather-station/src/main/java/com/weather/centralstation/storage/SegmentManager.java. Using fallback presentation compiler.[0m
2026.05.22 16:44:13 INFO  no build target found for /Users/habibaelkamary/Desktop/College(new)/DDIA/Labs/project/Weather-Stations-Monitoring-DDIA-Project/weather-station/src/main/java/com/weather/centralstation/storage/SegmentManager.java. Using fallback presentation compiler.[0m
2026.05.22 16:44:14 INFO  no build target found for /Users/habibaelkamary/Desktop/College(new)/DDIA/Labs/project/Weather-Stations-Monitoring-DDIA-Project/weather-station/src/main/java/com/weather/centralstation/storage/SegmentManager.java. Using fallback presentation compiler.[0m
2026.05.22 16:44:14 INFO  no build target found for /Users/habibaelkamary/Desktop/College(new)/DDIA/Labs/project/Weather-Stations-Monitoring-DDIA-Project/weather-station/src/main/java/com/weather/centralstation/storage/SegmentManager.java. Using fallback presentation compiler.[0m
2026.05.22 16:44:14 INFO  no build target found for /Users/habibaelkamary/Desktop/College(new)/DDIA/Labs/project/Weather-Stations-Monitoring-DDIA-Project/weather-station/src/main/java/com/weather/centralstation/storage/SegmentManager.java. Using fallback presentation compiler.[0m
2026.05.22 16:44:15 INFO  no build target found for /Users/habibaelkamary/Desktop/College(new)/DDIA/Labs/project/Weather-Stations-Monitoring-DDIA-Project/weather-station/src/main/java/com/weather/centralstation/storage/SegmentManager.java. Using fallback presentation compiler.[0m
2026.05.22 16:44:14 INFO  no build target found for /Users/habibaelkamary/Desktop/College(new)/DDIA/Labs/project/Weather-Stations-Monitoring-DDIA-Project/weather-station/src/main/java/com/weather/centralstation/storage/SegmentManager.java. Using fallback presentation compiler.[0m
2026.05.22 16:44:14 INFO  no build target found for /Users/habibaelkamary/Desktop/College(new)/DDIA/Labs/project/Weather-Stations-Monitoring-DDIA-Project/weather-station/src/main/java/com/weather/centralstation/storage/SegmentManager.java. Using fallback presentation compiler.[0m
2026.05.22 16:44:15 INFO  no build target found for /Users/habibaelkamary/Desktop/College(new)/DDIA/Labs/project/Weather-Stations-Monitoring-DDIA-Project/weather-station/src/main/java/com/weather/centralstation/storage/SegmentManager.java. Using fallback presentation compiler.[0m
2026.05.22 16:44:15 INFO  no build target found for /Users/habibaelkamary/Desktop/College(new)/DDIA/Labs/project/Weather-Stations-Monitoring-DDIA-Project/weather-station/src/main/java/com/weather/centralstation/storage/SegmentManager.java. Using fallback presentation compiler.[0m
2026.05.22 16:44:15 INFO  no build target found for /Users/habibaelkamary/Desktop/College(new)/DDIA/Labs/project/Weather-Stations-Monitoring-DDIA-Project/weather-station/src/main/java/com/weather/centralstation/storage/SegmentManager.java. Using fallback presentation compiler.[0m
2026.05.22 16:44:15 INFO  no build target found for /Users/habibaelkamary/Desktop/College(new)/DDIA/Labs/project/Weather-Stations-Monitoring-DDIA-Project/weather-station/src/main/java/com/weather/centralstation/storage/SegmentManager.java. Using fallback presentation compiler.[0m
2026.05.22 16:44:16 INFO  no build target found for /Users/habibaelkamary/Desktop/College(new)/DDIA/Labs/project/Weather-Stations-Monitoring-DDIA-Project/weather-station/src/main/java/com/weather/centralstation/storage/SegmentManager.java. Using fallback presentation compiler.[0m
2026.05.22 16:44:15 INFO  no build target found for /Users/habibaelkamary/Desktop/College(new)/DDIA/Labs/project/Weather-Stations-Monitoring-DDIA-Project/weather-station/src/main/java/com/weather/centralstation/storage/SegmentManager.java. Using fallback presentation compiler.[0m
2026.05.22 16:44:15 INFO  no build target found for /Users/habibaelkamary/Desktop/College(new)/DDIA/Labs/project/Weather-Stations-Monitoring-DDIA-Project/weather-station/src/main/java/com/weather/centralstation/storage/SegmentManager.java. Using fallback presentation compiler.[0m
2026.05.22 16:44:16 INFO  no build target found for /Users/habibaelkamary/Desktop/College(new)/DDIA/Labs/project/Weather-Stations-Monitoring-DDIA-Project/weather-station/src/main/java/com/weather/centralstation/storage/SegmentManager.java. Using fallback presentation compiler.[0m
2026.05.22 16:44:15 INFO  no build target found for /Users/habibaelkamary/Desktop/College(new)/DDIA/Labs/project/Weather-Stations-Monitoring-DDIA-Project/weather-station/src/main/java/com/weather/centralstation/storage/SegmentManager.java. Using fallback presentation compiler.[0m
2026.05.22 16:44:15 INFO  no build target found for /Users/habibaelkamary/Desktop/College(new)/DDIA/Labs/project/Weather-Stations-Monitoring-DDIA-Project/weather-station/src/main/java/com/weather/centralstation/storage/SegmentManager.java. Using fallback presentation compiler.[0m
2026.05.22 16:44:17 INFO  no build target found for /Users/habibaelkamary/Desktop/College(new)/DDIA/Labs/project/Weather-Stations-Monitoring-DDIA-Project/weather-station/src/main/java/com/weather/centralstation/storage/SegmentManager.java. Using fallback presentation compiler.[0m
2026.05.22 16:44:17 INFO  no build target found for /Users/habibaelkamary/Desktop/College(new)/DDIA/Labs/project/Weather-Stations-Monitoring-DDIA-Project/weather-station/src/main/java/com/weather/centralstation/storage/SegmentManager.java. Using fallback presentation compiler.[0m
2026.05.22 16:44:17 INFO  no build target found for /Users/habibaelkamary/Desktop/College(new)/DDIA/Labs/project/Weather-Stations-Monitoring-DDIA-Project/weather-station/src/main/java/com/weather/centralstation/storage/SegmentManager.java. Using fallback presentation compiler.[0m
2026.05.22 16:44:17 INFO  no build target found for /Users/habibaelkamary/Desktop/College(new)/DDIA/Labs/project/Weather-Stations-Monitoring-DDIA-Project/weather-station/src/main/java/com/weather/centralstation/storage/SegmentManager.java. Using fallback presentation compiler.[0m
2026.05.22 16:44:16 INFO  no build target found for /Users/habibaelkamary/Desktop/College(new)/DDIA/Labs/project/Weather-Stations-Monitoring-DDIA-Project/weather-station/src/main/java/com/weather/centralstation/storage/SegmentManager.java. Using fallback presentation compiler.[0m
2026.05.22 16:44:17 INFO  no build target found for /Users/habibaelkamary/Desktop/College(new)/DDIA/Labs/project/Weather-Stations-Monitoring-DDIA-Project/weather-station/src/main/java/com/weather/centralstation/storage/SegmentManager.java. Using fallback presentation compiler.[0m
2026.05.22 16:44:17 INFO  no build target found for /Users/habibaelkamary/Desktop/College(new)/DDIA/Labs/project/Weather-Stations-Monitoring-DDIA-Project/weather-station/src/main/java/com/weather/centralstation/storage/SegmentManager.java. Using fallback presentation compiler.[0m
2026.05.22 16:44:17 INFO  no build target found for /Users/habibaelkamary/Desktop/College(new)/DDIA/Labs/project/Weather-Stations-Monitoring-DDIA-Project/weather-station/src/main/java/com/weather/centralstation/storage/SegmentManager.java. Using fallback presentation compiler.[0m
2026.05.22 16:44:17 INFO  no build target found for /Users/habibaelkamary/Desktop/College(new)/DDIA/Labs/project/Weather-Stations-Monitoring-DDIA-Project/weather-station/src/main/java/com/weather/centralstation/storage/SegmentManager.java. Using fallback presentation compiler.[0m
2026.05.22 16:44:17 INFO  no build target found for /Users/habibaelkamary/Desktop/College(new)/DDIA/Labs/project/Weather-Stations-Monitoring-DDIA-Project/weather-station/src/main/java/com/weather/centralstation/storage/SegmentManager.java. Using fallback presentation compiler.[0m
2026.05.22 16:44:18 INFO  no build target found for /Users/habibaelkamary/Desktop/College(new)/DDIA/Labs/project/Weather-Stations-Monitoring-DDIA-Project/weather-station/src/main/java/com/weather/centralstation/storage/SegmentManager.java. Using fallback presentation compiler.[0m
2026.05.22 16:44:17 INFO  no build target found for /Users/habibaelkamary/Desktop/College(new)/DDIA/Labs/project/Weather-Stations-Monitoring-DDIA-Project/weather-station/src/main/java/com/weather/centralstation/storage/SegmentManager.java. Using fallback presentation compiler.[0m
2026.05.22 16:44:18 INFO  no build target found for /Users/habibaelkamary/Desktop/College(new)/DDIA/Labs/project/Weather-Stations-Monitoring-DDIA-Project/weather-station/src/main/java/com/weather/centralstation/storage/SegmentManager.java. Using fallback presentation compiler.[0m
2026.05.22 16:44:18 INFO  no build target found for /Users/habibaelkamary/Desktop/College(new)/DDIA/Labs/project/Weather-Stations-Monitoring-DDIA-Project/weather-station/src/main/java/com/weather/centralstation/storage/SegmentManager.java. Using fallback presentation compiler.[0m
2026.05.22 16:44:18 INFO  no build target found for /Users/habibaelkamary/Desktop/College(new)/DDIA/Labs/project/Weather-Stations-Monitoring-DDIA-Project/weather-station/src/main/java/com/weather/centralstation/storage/SegmentManager.java. Using fallback presentation compiler.[0m
2026.05.22 16:44:18 INFO  no build target found for /Users/habibaelkamary/Desktop/College(new)/DDIA/Labs/project/Weather-Stations-Monitoring-DDIA-Project/weather-station/src/main/java/com/weather/centralstation/storage/SegmentManager.java. Using fallback presentation compiler.[0m
2026.05.22 16:44:18 INFO  no build target found for /Users/habibaelkamary/Desktop/College(new)/DDIA/Labs/project/Weather-Stations-Monitoring-DDIA-Project/weather-station/src/main/java/com/weather/centralstation/storage/SegmentManager.java. Using fallback presentation compiler.[0m
2026.05.22 16:44:19 INFO  no build target found for /Users/habibaelkamary/Desktop/College(new)/DDIA/Labs/project/Weather-Stations-Monitoring-DDIA-Project/weather-station/src/main/java/com/weather/centralstation/storage/SegmentManager.java. Using fallback presentation compiler.[0m
2026.05.22 16:44:19 INFO  no build target found for /Users/habibaelkamary/Desktop/College(new)/DDIA/Labs/project/Weather-Stations-Monitoring-DDIA-Project/weather-station/src/main/java/com/weather/centralstation/storage/SegmentManager.java. Using fallback presentation compiler.[0m
2026.05.22 16:44:19 INFO  no build target found for /Users/habibaelkamary/Desktop/College(new)/DDIA/Labs/project/Weather-Stations-Monitoring-DDIA-Project/weather-station/src/main/java/com/weather/centralstation/storage/SegmentManager.java. Using fallback presentation compiler.[0m
2026.05.22 16:44:19 INFO  no build target found for /Users/habibaelkamary/Desktop/College(new)/DDIA/Labs/project/Weather-Stations-Monitoring-DDIA-Project/weather-station/src/main/java/com/weather/centralstation/storage/SegmentManager.java. Using fallback presentation compiler.[0m
2026.05.22 16:44:19 INFO  no build target found for /Users/habibaelkamary/Desktop/College(new)/DDIA/Labs/project/Weather-Stations-Monitoring-DDIA-Project/weather-station/src/main/java/com/weather/centralstation/storage/SegmentManager.java. Using fallback presentation compiler.[0m
2026.05.22 16:44:19 INFO  no build target found for /Users/habibaelkamary/Desktop/College(new)/DDIA/Labs/project/Weather-Stations-Monitoring-DDIA-Project/weather-station/src/main/java/com/weather/centralstation/storage/SegmentManager.java. Using fallback presentation compiler.[0m
2026.05.22 16:44:20 INFO  no build target found for /Users/habibaelkamary/Desktop/College(new)/DDIA/Labs/project/Weather-Stations-Monitoring-DDIA-Project/weather-station/src/main/java/com/weather/centralstation/storage/SegmentManager.java. Using fallback presentation compiler.[0m
2026.05.22 16:44:20 INFO  no build target found for /Users/habibaelkamary/Desktop/College(new)/DDIA/Labs/project/Weather-Stations-Monitoring-DDIA-Project/weather-station/src/main/java/com/weather/centralstation/storage/SegmentManager.java. Using fallback presentation compiler.[0m
2026.05.22 16:44:20 INFO  no build target found for /Users/habibaelkamary/Desktop/College(new)/DDIA/Labs/project/Weather-Stations-Monitoring-DDIA-Project/weather-station/src/main/java/com/weather/centralstation/storage/SegmentManager.java. Using fallback presentation compiler.[0m
2026.05.22 16:44:20 INFO  no build target found for /Users/habibaelkamary/Desktop/College(new)/DDIA/Labs/project/Weather-Stations-Monitoring-DDIA-Project/weather-station/src/main/java/com/weather/centralstation/storage/SegmentManager.java. Using fallback presentation compiler.[0m
2026.05.22 16:44:20 INFO  no build target found for /Users/habibaelkamary/Desktop/College(new)/DDIA/Labs/project/Weather-Stations-Monitoring-DDIA-Project/weather-station/src/main/java/com/weather/centralstation/storage/SegmentManager.java. Using fallback presentation compiler.[0m
2026.05.22 16:44:21 INFO  no build target found for /Users/habibaelkamary/Desktop/College(new)/DDIA/Labs/project/Weather-Stations-Monitoring-DDIA-Project/weather-station/src/main/java/com/weather/centralstation/storage/SegmentManager.java. Using fallback presentation compiler.[0m
2026.05.22 16:44:21 INFO  no build target found for /Users/habibaelkamary/Desktop/College(new)/DDIA/Labs/project/Weather-Stations-Monitoring-DDIA-Project/weather-station/src/main/java/com/weather/centralstation/storage/SegmentManager.java. Using fallback presentation compiler.[0m
2026.05.22 16:44:21 INFO  no build target found for /Users/habibaelkamary/Desktop/College(new)/DDIA/Labs/project/Weather-Stations-Monitoring-DDIA-Project/weather-station/src/main/java/com/weather/centralstation/storage/SegmentManager.java. Using fallback presentation compiler.[0m
2026.05.22 16:44:21 INFO  no build target found for /Users/habibaelkamary/Desktop/College(new)/DDIA/Labs/project/Weather-Stations-Monitoring-DDIA-Project/weather-station/src/main/java/com/weather/centralstation/storage/SegmentManager.java. Using fallback presentation compiler.[0m
2026.05.22 16:44:22 INFO  no build target found for /Users/habibaelkamary/Desktop/College(new)/DDIA/Labs/project/Weather-Stations-Monitoring-DDIA-Project/weather-station/src/main/java/com/weather/centralstation/storage/SegmentManager.java. Using fallback presentation compiler.[0m
2026.05.22 16:44:21 INFO  no build target found for /Users/habibaelkamary/Desktop/College(new)/DDIA/Labs/project/Weather-Stations-Monitoring-DDIA-Project/weather-station/src/main/java/com/weather/centralstation/storage/SegmentManager.java. Using fallback presentation compiler.[0m
2026.05.22 16:44:21 INFO  no build target found for /Users/habibaelkamary/Desktop/College(new)/DDIA/Labs/project/Weather-Stations-Monitoring-DDIA-Project/weather-station/src/main/java/com/weather/centralstation/storage/SegmentManager.java. Using fallback presentation compiler.[0m
2026.05.22 16:44:22 INFO  no build target found for /Users/habibaelkamary/Desktop/College(new)/DDIA/Labs/project/Weather-Stations-Monitoring-DDIA-Project/weather-station/src/main/java/com/weather/centralstation/storage/SegmentManager.java. Using fallback presentation compiler.[0m
2026.05.22 16:44:21 INFO  no build target found for /Users/habibaelkamary/Desktop/College(new)/DDIA/Labs/project/Weather-Stations-Monitoring-DDIA-Project/weather-station/src/main/java/com/weather/centralstation/storage/SegmentManager.java. Using fallback presentation compiler.[0m
2026.05.22 16:44:23 INFO  no build target found for /Users/habibaelkamary/Desktop/College(new)/DDIA/Labs/project/Weather-Stations-Monitoring-DDIA-Project/weather-station/src/main/java/com/weather/centralstation/storage/SegmentManager.java. Using fallback presentation compiler.[0m
2026.05.22 16:44:23 INFO  no build target found for /Users/habibaelkamary/Desktop/College(new)/DDIA/Labs/project/Weather-Stations-Monitoring-DDIA-Project/weather-station/src/main/java/com/weather/centralstation/storage/SegmentManager.java. Using fallback presentation compiler.[0m
2026.05.22 16:44:23 INFO  no build target found for /Users/habibaelkamary/Desktop/College(new)/DDIA/Labs/project/Weather-Stations-Monitoring-DDIA-Project/weather-station/src/main/java/com/weather/centralstation/storage/SegmentManager.java. Using fallback presentation compiler.[0m
2026.05.22 16:44:23 INFO  no build target found for /Users/habibaelkamary/Desktop/College(new)/DDIA/Labs/project/Weather-Stations-Monitoring-DDIA-Project/weather-station/src/main/java/com/weather/centralstation/storage/SegmentManager.java. Using fallback presentation compiler.[0m
2026.05.22 16:44:23 INFO  no build target found for /Users/habibaelkamary/Desktop/College(new)/DDIA/Labs/project/Weather-Stations-Monitoring-DDIA-Project/weather-station/src/main/java/com/weather/centralstation/storage/SegmentManager.java. Using fallback presentation compiler.[0m
2026.05.22 16:44:23 INFO  no build target found for /Users/habibaelkamary/Desktop/College(new)/DDIA/Labs/project/Weather-Stations-Monitoring-DDIA-Project/weather-station/src/main/java/com/weather/centralstation/storage/SegmentManager.java. Using fallback presentation compiler.[0m
2026.05.22 16:44:23 INFO  no build target found for /Users/habibaelkamary/Desktop/College(new)/DDIA/Labs/project/Weather-Stations-Monitoring-DDIA-Project/weather-station/src/main/java/com/weather/centralstation/storage/SegmentManager.java. Using fallback presentation compiler.[0m
2026.05.22 16:44:23 INFO  no build target found for /Users/habibaelkamary/Desktop/College(new)/DDIA/Labs/project/Weather-Stations-Monitoring-DDIA-Project/weather-station/src/main/java/com/weather/centralstation/storage/SegmentManager.java. Using fallback presentation compiler.[0m
2026.05.22 16:44:23 INFO  no build target found for /Users/habibaelkamary/Desktop/College(new)/DDIA/Labs/project/Weather-Stations-Monitoring-DDIA-Project/weather-station/src/main/java/com/weather/centralstation/storage/SegmentManager.java. Using fallback presentation compiler.[0m
2026.05.22 16:44:24 INFO  no build target found for /Users/habibaelkamary/Desktop/College(new)/DDIA/Labs/project/Weather-Stations-Monitoring-DDIA-Project/weather-station/src/main/java/com/weather/centralstation/storage/SegmentManager.java. Using fallback presentation compiler.[0m
2026.05.22 16:44:24 INFO  no build target found for /Users/habibaelkamary/Desktop/College(new)/DDIA/Labs/project/Weather-Stations-Monitoring-DDIA-Project/weather-station/src/main/java/com/weather/centralstation/storage/SegmentManager.java. Using fallback presentation compiler.[0m
2026.05.22 16:44:24 INFO  no build target found for /Users/habibaelkamary/Desktop/College(new)/DDIA/Labs/project/Weather-Stations-Monitoring-DDIA-Project/weather-station/src/main/java/com/weather/centralstation/storage/SegmentManager.java. Using fallback presentation compiler.[0m
2026.05.22 16:44:24 INFO  no build target found for /Users/habibaelkamary/Desktop/College(new)/DDIA/Labs/project/Weather-Stations-Monitoring-DDIA-Project/weather-station/src/main/java/com/weather/centralstation/storage/SegmentManager.java. Using fallback presentation compiler.[0m
2026.05.22 16:44:24 INFO  no build target found for /Users/habibaelkamary/Desktop/College(new)/DDIA/Labs/project/Weather-Stations-Monitoring-DDIA-Project/weather-station/src/main/java/com/weather/centralstation/storage/SegmentManager.java. Using fallback presentation compiler.[0m
2026.05.22 16:44:24 INFO  no build target found for /Users/habibaelkamary/Desktop/College(new)/DDIA/Labs/project/Weather-Stations-Monitoring-DDIA-Project/weather-station/src/main/java/com/weather/centralstation/storage/SegmentManager.java. Using fallback presentation compiler.[0m
2026.05.22 16:44:24 INFO  no build target found for /Users/habibaelkamary/Desktop/College(new)/DDIA/Labs/project/Weather-Stations-Monitoring-DDIA-Project/weather-station/src/main/java/com/weather/centralstation/storage/SegmentManager.java. Using fallback presentation compiler.[0m
2026.05.22 16:44:24 INFO  no build target found for /Users/habibaelkamary/Desktop/College(new)/DDIA/Labs/project/Weather-Stations-Monitoring-DDIA-Project/weather-station/src/main/java/com/weather/centralstation/storage/SegmentManager.java. Using fallback presentation compiler.[0m
2026.05.22 16:44:25 INFO  no build target found for /Users/habibaelkamary/Desktop/College(new)/DDIA/Labs/project/Weather-Stations-Monitoring-DDIA-Project/weather-station/src/main/java/com/weather/centralstation/storage/SegmentManager.java. Using fallback presentation compiler.[0m
2026.05.22 16:44:25 INFO  no build target found for /Users/habibaelkamary/Desktop/College(new)/DDIA/Labs/project/Weather-Stations-Monitoring-DDIA-Project/weather-station/src/main/java/com/weather/centralstation/storage/SegmentManager.java. Using fallback presentation compiler.[0m
2026.05.22 16:44:25 INFO  no build target found for /Users/habibaelkamary/Desktop/College(new)/DDIA/Labs/project/Weather-Stations-Monitoring-DDIA-Project/weather-station/src/main/java/com/weather/centralstation/storage/SegmentManager.java. Using fallback presentation compiler.[0m
2026.05.22 16:44:25 INFO  no build target found for /Users/habibaelkamary/Desktop/College(new)/DDIA/Labs/project/Weather-Stations-Monitoring-DDIA-Project/weather-station/src/main/java/com/weather/centralstation/storage/SegmentManager.java. Using fallback presentation compiler.[0m
2026.05.22 16:44:25 INFO  no build target found for /Users/habibaelkamary/Desktop/College(new)/DDIA/Labs/project/Weather-Stations-Monitoring-DDIA-Project/weather-station/src/main/java/com/weather/centralstation/storage/SegmentManager.java. Using fallback presentation compiler.[0m
2026.05.22 16:44:25 INFO  no build target found for /Users/habibaelkamary/Desktop/College(new)/DDIA/Labs/project/Weather-Stations-Monitoring-DDIA-Project/weather-station/src/main/java/com/weather/centralstation/storage/SegmentManager.java. Using fallback presentation compiler.[0m
2026.05.22 16:44:25 INFO  no build target found for /Users/habibaelkamary/Desktop/College(new)/DDIA/Labs/project/Weather-Stations-Monitoring-DDIA-Project/weather-station/src/main/java/com/weather/centralstation/storage/SegmentManager.java. Using fallback presentation compiler.[0m
2026.05.22 16:44:26 INFO  no build target found for /Users/habibaelkamary/Desktop/College(new)/DDIA/Labs/project/Weather-Stations-Monitoring-DDIA-Project/weather-station/src/main/java/com/weather/centralstation/storage/SegmentManager.java. Using fallback presentation compiler.[0m
2026.05.22 16:44:25 INFO  no build target found for /Users/habibaelkamary/Desktop/College(new)/DDIA/Labs/project/Weather-Stations-Monitoring-DDIA-Project/weather-station/src/main/java/com/weather/centralstation/storage/SegmentManager.java. Using fallback presentation compiler.[0m
2026.05.22 16:44:25 INFO  no build target found for /Users/habibaelkamary/Desktop/College(new)/DDIA/Labs/project/Weather-Stations-Monitoring-DDIA-Project/weather-station/src/main/java/com/weather/centralstation/storage/SegmentManager.java. Using fallback presentation compiler.[0m
2026.05.22 16:44:26 INFO  no build target found for /Users/habibaelkamary/Desktop/College(new)/DDIA/Labs/project/Weather-Stations-Monitoring-DDIA-Project/weather-station/src/main/java/com/weather/centralstation/storage/SegmentManager.java. Using fallback presentation compiler.[0m
2026.05.22 16:44:25 INFO  no build target found for /Users/habibaelkamary/Desktop/College(new)/DDIA/Labs/project/Weather-Stations-Monitoring-DDIA-Project/weather-station/src/main/java/com/weather/centralstation/storage/SegmentManager.java. Using fallback presentation compiler.[0m
2026.05.22 16:44:26 INFO  no build target found for /Users/habibaelkamary/Desktop/College(new)/DDIA/Labs/project/Weather-Stations-Monitoring-DDIA-Project/weather-station/src/main/java/com/weather/centralstation/storage/SegmentManager.java. Using fallback presentation compiler.[0m
2026.05.22 16:44:26 INFO  no build target found for /Users/habibaelkamary/Desktop/College(new)/DDIA/Labs/project/Weather-Stations-Monitoring-DDIA-Project/weather-station/src/main/java/com/weather/centralstation/storage/SegmentManager.java. Using fallback presentation compiler.[0m
2026.05.22 16:44:26 INFO  no build target found for /Users/habibaelkamary/Desktop/College(new)/DDIA/Labs/project/Weather-Stations-Monitoring-DDIA-Project/weather-station/src/main/java/com/weather/centralstation/storage/SegmentManager.java. Using fallback presentation compiler.[0m
2026.05.22 16:44:26 INFO  no build target found for /Users/habibaelkamary/Desktop/College(new)/DDIA/Labs/project/Weather-Stations-Monitoring-DDIA-Project/weather-station/src/main/java/com/weather/centralstation/storage/SegmentManager.java. Using fallback presentation compiler.[0m
2026.05.22 16:44:26 INFO  no build target found for /Users/habibaelkamary/Desktop/College(new)/DDIA/Labs/project/Weather-Stations-Monitoring-DDIA-Project/weather-station/src/main/java/com/weather/centralstation/storage/SegmentManager.java. Using fallback presentation compiler.[0m
2026.05.22 16:44:26 INFO  no build target found for /Users/habibaelkamary/Desktop/College(new)/DDIA/Labs/project/Weather-Stations-Monitoring-DDIA-Project/weather-station/src/main/java/com/weather/centralstation/storage/SegmentManager.java. Using fallback presentation compiler.[0m
2026.05.22 16:44:27 INFO  no build target found for /Users/habibaelkamary/Desktop/College(new)/DDIA/Labs/project/Weather-Stations-Monitoring-DDIA-Project/weather-station/src/main/java/com/weather/centralstation/storage/SegmentManager.java. Using fallback presentation compiler.[0m
2026.05.22 16:44:26 INFO  no build target found for /Users/habibaelkamary/Desktop/College(new)/DDIA/Labs/project/Weather-Stations-Monitoring-DDIA-Project/weather-station/src/main/java/com/weather/centralstation/storage/SegmentManager.java. Using fallback presentation compiler.[0m
2026.05.22 16:44:27 INFO  no build target found for /Users/habibaelkamary/Desktop/College(new)/DDIA/Labs/project/Weather-Stations-Monitoring-DDIA-Project/weather-station/src/main/java/com/weather/centralstation/storage/SegmentManager.java. Using fallback presentation compiler.[0m
2026.05.22 16:44:27 INFO  no build target found for /Users/habibaelkamary/Desktop/College(new)/DDIA/Labs/project/Weather-Stations-Monitoring-DDIA-Project/weather-station/src/main/java/com/weather/centralstation/storage/SegmentManager.java. Using fallback presentation compiler.[0m
2026.05.22 16:44:27 INFO  no build target found for /Users/habibaelkamary/Desktop/College(new)/DDIA/Labs/project/Weather-Stations-Monitoring-DDIA-Project/weather-station/src/main/java/com/weather/centralstation/storage/SegmentManager.java. Using fallback presentation compiler.[0m
2026.05.22 16:44:27 INFO  no build target found for /Users/habibaelkamary/Desktop/College(new)/DDIA/Labs/project/Weather-Stations-Monitoring-DDIA-Project/weather-station/src/main/java/com/weather/centralstation/storage/SegmentManager.java. Using fallback presentation compiler.[0m
2026.05.22 16:44:27 INFO  no build target found for /Users/habibaelkamary/Desktop/College(new)/DDIA/Labs/project/Weather-Stations-Monitoring-DDIA-Project/weather-station/src/main/java/com/weather/centralstation/storage/SegmentManager.java. Using fallback presentation compiler.[0m
2026.05.22 16:44:28 INFO  no build target found for /Users/habibaelkamary/Desktop/College(new)/DDIA/Labs/project/Weather-Stations-Monitoring-DDIA-Project/weather-station/src/main/java/com/weather/centralstation/storage/SegmentManager.java. Using fallback presentation compiler.[0m
2026.05.22 16:44:27 INFO  no build target found for /Users/habibaelkamary/Desktop/College(new)/DDIA/Labs/project/Weather-Stations-Monitoring-DDIA-Project/weather-station/src/main/java/com/weather/centralstation/storage/SegmentManager.java. Using fallback presentation compiler.[0m
2026.05.22 16:44:27 INFO  no build target found for /Users/habibaelkamary/Desktop/College(new)/DDIA/Labs/project/Weather-Stations-Monitoring-DDIA-Project/weather-station/src/main/java/com/weather/centralstation/storage/SegmentManager.java. Using fallback presentation compiler.[0m
2026.05.22 16:44:28 INFO  no build target found for /Users/habibaelkamary/Desktop/College(new)/DDIA/Labs/project/Weather-Stations-Monitoring-DDIA-Project/weather-station/src/main/java/com/weather/centralstation/storage/SegmentManager.java. Using fallback presentation compiler.[0m
2026.05.22 16:44:28 INFO  no build target found for /Users/habibaelkamary/Desktop/College(new)/DDIA/Labs/project/Weather-Stations-Monitoring-DDIA-Project/weather-station/src/main/java/com/weather/centralstation/storage/SegmentManager.java. Using fallback presentation compiler.[0m
2026.05.22 16:44:30 INFO  no build target found for /Users/habibaelkamary/Desktop/College(new)/DDIA/Labs/project/Weather-Stations-Monitoring-DDIA-Project/weather-station/src/main/java/com/weather/centralstation/storage/SegmentManager.java. Using fallback presentation compiler.[0m
2026.05.22 16:44:30 INFO  no build target found for /Users/habibaelkamary/Desktop/College(new)/DDIA/Labs/project/Weather-Stations-Monitoring-DDIA-Project/weather-station/src/main/java/com/weather/centralstation/storage/SegmentManager.java. Using fallback presentation compiler.[0m
2026.05.22 16:44:30 INFO  no build target found for /Users/habibaelkamary/Desktop/College(new)/DDIA/Labs/project/Weather-Stations-Monitoring-DDIA-Project/weather-station/src/main/java/com/weather/centralstation/storage/SegmentManager.java. Using fallback presentation compiler.[0m
2026.05.22 16:44:31 INFO  no build target found for /Users/habibaelkamary/Desktop/College(new)/DDIA/Labs/project/Weather-Stations-Monitoring-DDIA-Project/weather-station/src/main/java/com/weather/centralstation/storage/SegmentManager.java. Using fallback presentation compiler.[0m
2026.05.22 16:44:31 INFO  no build target found for /Users/habibaelkamary/Desktop/College(new)/DDIA/Labs/project/Weather-Stations-Monitoring-DDIA-Project/weather-station/src/main/java/com/weather/centralstation/storage/SegmentManager.java. Using fallback presentation compiler.[0m
2026.05.22 16:44:31 WARN  no build target for: /Users/habibaelkamary/Desktop/College(new)/DDIA/Labs/project/Weather-Stations-Monitoring-DDIA-Project/weather-station/src/main/java/com/weather/centralstation/storage/SegmentManager.java[0m
2026.05.22 16:44:31 INFO  no build target found for /Users/habibaelkamary/Desktop/College(new)/DDIA/Labs/project/Weather-Stations-Monitoring-DDIA-Project/weather-station/src/main/java/com/weather/centralstation/storage/SegmentManager.java. Using fallback presentation compiler.[0m
2026.05.22 16:44:31 INFO  no build target found for /Users/habibaelkamary/Desktop/College(new)/DDIA/Labs/project/Weather-Stations-Monitoring-DDIA-Project/weather-station/src/main/java/com/weather/centralstation/storage/SegmentManager.java. Using fallback presentation compiler.[0m
2026.05.22 16:44:31 INFO  time: code lens generation in 1.27s[0m
2026.05.22 16:44:31 INFO  no build target found for /Users/habibaelkamary/Desktop/College(new)/DDIA/Labs/project/Weather-Stations-Monitoring-DDIA-Project/weather-station/src/main/java/com/weather/centralstation/storage/SegmentManager.java. Using fallback presentation compiler.[0m
2026.05.22 16:44:37 INFO  no build target found for /Users/habibaelkamary/Desktop/College(new)/DDIA/Labs/project/Weather-Stations-Monitoring-DDIA-Project/weather-station/src/main/java/com/weather/centralstation/storage/KeyDirEntry.java. Using fallback presentation compiler.[0m
May 22, 2026 4:44:37 PM org.eclipse.lsp4j.jsonrpc.RemoteEndpoint handleCancellation
WARNING: Unmatched cancel notification for request id 2822
2026.05.22 16:44:37 INFO  no build target found for /Users/habibaelkamary/Desktop/College(new)/DDIA/Labs/project/Weather-Stations-Monitoring-DDIA-Project/weather-station/src/main/java/com/weather/centralstation/storage/KeyDirEntry.java. Using fallback presentation compiler.[0m
2026.05.22 16:44:37 INFO  no build target found for /Users/habibaelkamary/Desktop/College(new)/DDIA/Labs/project/Weather-Stations-Monitoring-DDIA-Project/weather-station/src/main/java/com/weather/centralstation/storage/KeyDirEntry.java. Using fallback presentation compiler.[0m
May 22, 2026 4:44:37 PM org.eclipse.lsp4j.jsonrpc.RemoteEndpoint handleCancellation
WARNING: Unmatched cancel notification for request id 2823
2026.05.22 16:44:37 INFO  no build target found for /Users/habibaelkamary/Desktop/College(new)/DDIA/Labs/project/Weather-Stations-Monitoring-DDIA-Project/weather-station/src/main/java/com/weather/centralstation/storage/KeyDirEntry.java. Using fallback presentation compiler.[0m
2026.05.22 16:44:37 WARN  no build target for: /Users/habibaelkamary/Desktop/College(new)/DDIA/Labs/project/Weather-Stations-Monitoring-DDIA-Project/weather-station/src/main/java/com/weather/centralstation/storage/KeyDirEntry.java[0m
2026.05.22 16:44:37 INFO  no build target found for /Users/habibaelkamary/Desktop/College(new)/DDIA/Labs/project/Weather-Stations-Monitoring-DDIA-Project/weather-station/src/main/java/com/weather/centralstation/storage/KeyDirEntry.java. Using fallback presentation compiler.[0m
2026.05.22 16:44:37 INFO  no build target found for /Users/habibaelkamary/Desktop/College(new)/DDIA/Labs/project/Weather-Stations-Monitoring-DDIA-Project/weather-station/src/main/java/com/weather/centralstation/storage/BitCaskStore.java. Using fallback presentation compiler.[0m
2026.05.22 16:44:38 WARN  no build target for: /Users/habibaelkamary/Desktop/College(new)/DDIA/Labs/project/Weather-Stations-Monitoring-DDIA-Project/weather-station/src/main/java/com/weather/centralstation/storage/BitCaskStore.java[0m
2026.05.22 16:44:38 INFO  no build target found for /Users/habibaelkamary/Desktop/College(new)/DDIA/Labs/project/Weather-Stations-Monitoring-DDIA-Project/weather-station/src/main/java/com/weather/centralstation/storage/BitCaskStore.java. Using fallback presentation compiler.[0m
2026.05.22 16:44:37 INFO  no build target found for /Users/habibaelkamary/Desktop/College(new)/DDIA/Labs/project/Weather-Stations-Monitoring-DDIA-Project/weather-station/src/main/java/com/weather/centralstation/storage/BitCaskStore.java. Using fallback presentation compiler.[0m
2026.05.22 16:44:37 INFO  no build target found for /Users/habibaelkamary/Desktop/College(new)/DDIA/Labs/project/Weather-Stations-Monitoring-DDIA-Project/weather-station/src/main/java/com/weather/centralstation/storage/BitCaskStore.java. Using fallback presentation compiler.[0m
2026.05.22 16:44:51 INFO  no build target found for /Users/habibaelkamary/Desktop/College(new)/DDIA/Labs/project/Weather-Stations-Monitoring-DDIA-Project/weather-station/src/main/java/com/weather/centralstation/storage/SegmentManager.java. Using fallback presentation compiler.[0m
May 22, 2026 4:44:51 PM org.eclipse.lsp4j.jsonrpc.RemoteEndpoint handleCancellation
WARNING: Unmatched cancel notification for request id 2842
2026.05.22 16:44:51 INFO  no build target found for /Users/habibaelkamary/Desktop/College(new)/DDIA/Labs/project/Weather-Stations-Monitoring-DDIA-Project/weather-station/src/main/java/com/weather/centralstation/storage/SegmentManager.java. Using fallback presentation compiler.[0m
2026.05.22 16:44:51 WARN  no build target for: /Users/habibaelkamary/Desktop/College(new)/DDIA/Labs/project/Weather-Stations-Monitoring-DDIA-Project/weather-station/src/main/java/com/weather/centralstation/storage/SegmentManager.java[0m
2026.05.22 16:44:51 INFO  no build target found for /Users/habibaelkamary/Desktop/College(new)/DDIA/Labs/project/Weather-Stations-Monitoring-DDIA-Project/weather-station/src/main/java/com/weather/centralstation/storage/SegmentManager.java. Using fallback presentation compiler.[0m
2026.05.22 16:46:27 INFO  no build target found for /Users/habibaelkamary/Desktop/College(new)/DDIA/Labs/project/Weather-Stations-Monitoring-DDIA-Project/weather-station/src/main/java/com/weather/centralstation/storage/KeyDirEntry.java. Using fallback presentation compiler.[0m
May 22, 2026 4:46:27 PM org.eclipse.lsp4j.jsonrpc.RemoteEndpoint handleCancellation
WARNING: Unmatched cancel notification for request id 2858
2026.05.22 16:46:27 INFO  no build target found for /Users/habibaelkamary/Desktop/College(new)/DDIA/Labs/project/Weather-Stations-Monitoring-DDIA-Project/weather-station/src/main/java/com/weather/centralstation/storage/KeyDirEntry.java. Using fallback presentation compiler.[0m
2026.05.22 16:46:27 INFO  no build target found for /Users/habibaelkamary/Desktop/College(new)/DDIA/Labs/project/Weather-Stations-Monitoring-DDIA-Project/weather-station/src/main/java/com/weather/centralstation/storage/KeyDirEntry.java. Using fallback presentation compiler.[0m
May 22, 2026 4:46:27 PM org.eclipse.lsp4j.jsonrpc.RemoteEndpoint handleCancellation
WARNING: Unmatched cancel notification for request id 2859
2026.05.22 16:46:27 INFO  no build target found for /Users/habibaelkamary/Desktop/College(new)/DDIA/Labs/project/Weather-Stations-Monitoring-DDIA-Project/weather-station/src/main/java/com/weather/centralstation/storage/KeyDirEntry.java. Using fallback presentation compiler.[0m
2026.05.22 16:46:27 WARN  no build target for: /Users/habibaelkamary/Desktop/College(new)/DDIA/Labs/project/Weather-Stations-Monitoring-DDIA-Project/weather-station/src/main/java/com/weather/centralstation/storage/KeyDirEntry.java[0m
2026.05.22 16:46:27 INFO  no build target found for /Users/habibaelkamary/Desktop/College(new)/DDIA/Labs/project/Weather-Stations-Monitoring-DDIA-Project/weather-station/src/main/java/com/weather/centralstation/storage/KeyDirEntry.java. Using fallback presentation compiler.[0m
2026.05.22 16:46:29 INFO  no build target found for /Users/habibaelkamary/Desktop/College(new)/DDIA/Labs/project/Weather-Stations-Monitoring-DDIA-Project/weather-station/src/main/java/com/weather/centralstation/storage/KeyDirEntry.java. Using fallback presentation compiler.[0m
2026.05.22 16:46:29 INFO  no build target found for /Users/habibaelkamary/Desktop/College(new)/DDIA/Labs/project/Weather-Stations-Monitoring-DDIA-Project/weather-station/src/main/java/com/weather/centralstation/storage/SegmentManager.java. Using fallback presentation compiler.[0m
May 22, 2026 4:46:29 PM org.eclipse.lsp4j.jsonrpc.RemoteEndpoint handleCancellation
WARNING: Unmatched cancel notification for request id 2867
2026.05.22 16:46:29 INFO  no build target found for /Users/habibaelkamary/Desktop/College(new)/DDIA/Labs/project/Weather-Stations-Monitoring-DDIA-Project/weather-station/src/main/java/com/weather/centralstation/storage/SegmentManager.java. Using fallback presentation compiler.[0m
2026.05.22 16:46:29 WARN  no build target for: /Users/habibaelkamary/Desktop/College(new)/DDIA/Labs/project/Weather-Stations-Monitoring-DDIA-Project/weather-station/src/main/java/com/weather/centralstation/storage/SegmentManager.java[0m
2026.05.22 16:46:30 INFO  no build target found for /Users/habibaelkamary/Desktop/College(new)/DDIA/Labs/project/Weather-Stations-Monitoring-DDIA-Project/weather-station/src/main/java/com/weather/centralstation/storage/SegmentManager.java. Using fallback presentation compiler.[0m
2026.05.22 16:46:30 INFO  no build target found for /Users/habibaelkamary/Desktop/College(new)/DDIA/Labs/project/Weather-Stations-Monitoring-DDIA-Project/weather-station/src/main/java/com/weather/centralstation/storage/SegmentManager.java. Using fallback presentation compiler.[0m
2026.05.22 16:46:30 INFO  no build target found for /Users/habibaelkamary/Desktop/College(new)/DDIA/Labs/project/Weather-Stations-Monitoring-DDIA-Project/weather-station/src/main/java/com/weather/centralstation/storage/BitCaskStore.java. Using fallback presentation compiler.[0m
2026.05.22 16:46:30 WARN  no build target for: /Users/habibaelkamary/Desktop/College(new)/DDIA/Labs/project/Weather-Stations-Monitoring-DDIA-Project/weather-station/src/main/java/com/weather/centralstation/storage/BitCaskStore.java[0m
2026.05.22 16:46:30 INFO  no build target found for /Users/habibaelkamary/Desktop/College(new)/DDIA/Labs/project/Weather-Stations-Monitoring-DDIA-Project/weather-station/src/main/java/com/weather/centralstation/storage/BitCaskStore.java. Using fallback presentation compiler.[0m
2026.05.22 16:46:31 INFO  no build target found for /Users/habibaelkamary/Desktop/College(new)/DDIA/Labs/project/Weather-Stations-Monitoring-DDIA-Project/weather-station/src/main/java/com/weather/centralstation/storage/BitCaskStore.java. Using fallback presentation compiler.[0m
2026.05.22 16:46:30 INFO  no build target found for /Users/habibaelkamary/Desktop/College(new)/DDIA/Labs/project/Weather-Stations-Monitoring-DDIA-Project/weather-station/src/main/java/com/weather/centralstation/storage/BitCaskStore.java. Using fallback presentation compiler.[0m
2026.05.22 16:46:33 INFO  no build target found for /Users/habibaelkamary/Desktop/College(new)/DDIA/Labs/project/Weather-Stations-Monitoring-DDIA-Project/weather-station/src/main/java/com/weather/centralstation/storage/CompactionWorker.java. Using fallback presentation compiler.[0m
2026.05.22 16:46:33 INFO  no build target found for /Users/habibaelkamary/Desktop/College(new)/DDIA/Labs/project/Weather-Stations-Monitoring-DDIA-Project/weather-station/src/main/java/com/weather/centralstation/storage/CompactionWorker.java. Using fallback presentation compiler.[0m
May 22, 2026 4:46:33 PM org.eclipse.lsp4j.jsonrpc.RemoteEndpoint handleCancellation
WARNING: Unmatched cancel notification for request id 2882
2026.05.22 16:46:33 INFO  no build target found for /Users/habibaelkamary/Desktop/College(new)/DDIA/Labs/project/Weather-Stations-Monitoring-DDIA-Project/weather-station/src/main/java/com/weather/centralstation/storage/CompactionWorker.java. Using fallback presentation compiler.[0m
2026.05.22 16:46:33 WARN  no build target for: /Users/habibaelkamary/Desktop/College(new)/DDIA/Labs/project/Weather-Stations-Monitoring-DDIA-Project/weather-station/src/main/java/com/weather/centralstation/storage/CompactionWorker.java[0m
2026.05.22 16:46:33 INFO  no build target found for /Users/habibaelkamary/Desktop/College(new)/DDIA/Labs/project/Weather-Stations-Monitoring-DDIA-Project/weather-station/src/main/java/com/weather/centralstation/storage/CompactionWorker.java. Using fallback presentation compiler.[0m
2026.05.22 16:46:33 INFO  no build target found for /Users/habibaelkamary/Desktop/College(new)/DDIA/Labs/project/Weather-Stations-Monitoring-DDIA-Project/weather-station/src/main/java/com/weather/centralstation/storage/CompactionWorker.java. Using fallback presentation compiler.[0m
2026.05.22 16:46:33 INFO  no build target found for /Users/habibaelkamary/Desktop/College(new)/DDIA/Labs/project/Weather-Stations-Monitoring-DDIA-Project/weather-station/src/main/java/com/weather/centralstation/storage/CompactionWorker.java. Using fallback presentation compiler.[0m
2026.05.22 16:46:37 INFO  no build target found for /Users/habibaelkamary/Desktop/College(new)/DDIA/Labs/project/Weather-Stations-Monitoring-DDIA-Project/weather-station/src/main/java/com/weather/centralstation/storage/CompactionWorker.java. Using fallback presentation compiler.[0m
2026.05.22 16:46:37 INFO  no build target found for /Users/habibaelkamary/Desktop/College(new)/DDIA/Labs/project/Weather-Stations-Monitoring-DDIA-Project/weather-station/src/main/java/com/weather/centralstation/WeatherProcessor.java. Using fallback presentation compiler.[0m
2026.05.22 16:46:37 INFO  no build target found for /Users/habibaelkamary/Desktop/College(new)/DDIA/Labs/project/Weather-Stations-Monitoring-DDIA-Project/weather-station/src/main/java/com/weather/centralstation/WeatherProcessor.java. Using fallback presentation compiler.[0m
May 22, 2026 4:46:37 PM org.eclipse.lsp4j.jsonrpc.RemoteEndpoint handleCancellation
WARNING: Unmatched cancel notification for request id 2895
2026.05.22 16:46:37 INFO  no build target found for /Users/habibaelkamary/Desktop/College(new)/DDIA/Labs/project/Weather-Stations-Monitoring-DDIA-Project/weather-station/src/main/java/com/weather/centralstation/WeatherProcessor.java. Using fallback presentation compiler.[0m
2026.05.22 16:46:37 WARN  no build target for: /Users/habibaelkamary/Desktop/College(new)/DDIA/Labs/project/Weather-Stations-Monitoring-DDIA-Project/weather-station/src/main/java/com/weather/centralstation/WeatherProcessor.java[0m
2026.05.22 16:46:37 INFO  no build target found for /Users/habibaelkamary/Desktop/College(new)/DDIA/Labs/project/Weather-Stations-Monitoring-DDIA-Project/weather-station/src/main/java/com/weather/centralstation/WeatherProcessor.java. Using fallback presentation compiler.[0m
2026.05.22 16:46:37 INFO  no build target found for /Users/habibaelkamary/Desktop/College(new)/DDIA/Labs/project/Weather-Stations-Monitoring-DDIA-Project/weather-station/src/main/java/com/weather/centralstation/WeatherProcessor.java. Using fallback presentation compiler.[0m
2026.05.22 16:46:44 INFO  no build target found for /Users/habibaelkamary/Desktop/College(new)/DDIA/Labs/project/Weather-Stations-Monitoring-DDIA-Project/weather-station/src/main/java/com/weather/centralstation/WeatherProcessor.java. Using fallback presentation compiler.[0m
2026.05.22 16:46:45 INFO  no build target found for /Users/habibaelkamary/Desktop/College(new)/DDIA/Labs/project/Weather-Stations-Monitoring-DDIA-Project/weather-station/src/main/java/com/weather/centralstation/WeatherProcessor.java. Using fallback presentation compiler.[0m
2026.05.22 16:46:45 INFO  no build target found for /Users/habibaelkamary/Desktop/College(new)/DDIA/Labs/project/Weather-Stations-Monitoring-DDIA-Project/weather-station/src/main/java/com/weather/centralstation/storage/BitCaskStore.java. Using fallback presentation compiler.[0m
May 22, 2026 4:46:46 PM org.eclipse.lsp4j.jsonrpc.RemoteEndpoint handleCancellation
WARNING: Unmatched cancel notification for request id 2916
2026.05.22 16:46:45 INFO  no build target found for /Users/habibaelkamary/Desktop/College(new)/DDIA/Labs/project/Weather-Stations-Monitoring-DDIA-Project/weather-station/src/main/java/com/weather/centralstation/storage/BitCaskStore.java. Using fallback presentation compiler.[0m
2026.05.22 16:46:45 INFO  no build target found for /Users/habibaelkamary/Desktop/College(new)/DDIA/Labs/project/Weather-Stations-Monitoring-DDIA-Project/weather-station/src/main/java/com/weather/centralstation/storage/BitCaskStore.java. Using fallback presentation compiler.[0m
2026.05.22 16:46:46 INFO  no build target found for /Users/habibaelkamary/Desktop/College(new)/DDIA/Labs/project/Weather-Stations-Monitoring-DDIA-Project/weather-station/src/main/java/com/weather/centralstation/storage/BitCaskStore.java. Using fallback presentation compiler.[0m
2026.05.22 16:46:46 WARN  no build target for: /Users/habibaelkamary/Desktop/College(new)/DDIA/Labs/project/Weather-Stations-Monitoring-DDIA-Project/weather-station/src/main/java/com/weather/centralstation/storage/BitCaskStore.java[0m
2026.05.22 16:46:46 INFO  no build target found for /Users/habibaelkamary/Desktop/College(new)/DDIA/Labs/project/Weather-Stations-Monitoring-DDIA-Project/weather-station/src/main/java/com/weather/centralstation/storage/BitCaskStore.java. Using fallback presentation compiler.[0m
2026.05.22 16:46:48 INFO  no build target found for /Users/habibaelkamary/Desktop/College(new)/DDIA/Labs/project/Weather-Stations-Monitoring-DDIA-Project/weather-station/src/main/java/com/weather/centralstation/storage/BitCaskStore.java. Using fallback presentation compiler.[0m
2026.05.22 16:46:57 INFO  no build target found for /Users/habibaelkamary/Desktop/College(new)/DDIA/Labs/project/Weather-Stations-Monitoring-DDIA-Project/weather-station/src/main/java/com/weather/centralstation/storage/BitCaskStore.java. Using fallback presentation compiler.[0m
2026.05.22 16:47:04 INFO  no build target found for /Users/habibaelkamary/Desktop/College(new)/DDIA/Labs/project/Weather-Stations-Monitoring-DDIA-Project/weather-station/src/main/java/com/weather/centralstation/storage/CompactionWorker.java. Using fallback presentation compiler.[0m
2026.05.22 16:47:04 WARN  no build target for: /Users/habibaelkamary/Desktop/College(new)/DDIA/Labs/project/Weather-Stations-Monitoring-DDIA-Project/weather-station/src/main/java/com/weather/centralstation/storage/CompactionWorker.java[0m
2026.05.22 16:47:04 INFO  no build target found for /Users/habibaelkamary/Desktop/College(new)/DDIA/Labs/project/Weather-Stations-Monitoring-DDIA-Project/weather-station/src/main/java/com/weather/centralstation/storage/CompactionWorker.java. Using fallback presentation compiler.[0m
May 22, 2026 4:47:04 PM org.eclipse.lsp4j.jsonrpc.RemoteEndpoint handleCancellation
WARNING: Unmatched cancel notification for request id 2930
2026.05.22 16:47:04 INFO  no build target found for /Users/habibaelkamary/Desktop/College(new)/DDIA/Labs/project/Weather-Stations-Monitoring-DDIA-Project/weather-station/src/main/java/com/weather/centralstation/storage/CompactionWorker.java. Using fallback presentation compiler.[0m
2026.05.22 16:47:04 INFO  no build target found for /Users/habibaelkamary/Desktop/College(new)/DDIA/Labs/project/Weather-Stations-Monitoring-DDIA-Project/weather-station/src/main/java/com/weather/centralstation/storage/CompactionWorker.java. Using fallback presentation compiler.[0m
2026.05.22 16:47:04 INFO  no build target found for /Users/habibaelkamary/Desktop/College(new)/DDIA/Labs/project/Weather-Stations-Monitoring-DDIA-Project/weather-station/src/main/java/com/weather/centralstation/storage/CompactionWorker.java. Using fallback presentation compiler.[0m
2026.05.22 16:47:04 INFO  no build target found for /Users/habibaelkamary/Desktop/College(new)/DDIA/Labs/project/Weather-Stations-Monitoring-DDIA-Project/weather-station/src/main/java/com/weather/centralstation/storage/CompactionWorker.java. Using fallback presentation compiler.[0m
2026.05.22 16:47:05 INFO  no build target found for /Users/habibaelkamary/Desktop/College(new)/DDIA/Labs/project/Weather-Stations-Monitoring-DDIA-Project/weather-station/src/main/java/com/weather/centralstation/storage/BitCaskStore.java. Using fallback presentation compiler.[0m
May 22, 2026 4:47:05 PM org.eclipse.lsp4j.jsonrpc.RemoteEndpoint handleCancellation
WARNING: Unmatched cancel notification for request id 2941
2026.05.22 16:47:05 INFO  no build target found for /Users/habibaelkamary/Desktop/College(new)/DDIA/Labs/project/Weather-Stations-Monitoring-DDIA-Project/weather-station/src/main/java/com/weather/centralstation/storage/BitCaskStore.java. Using fallback presentation compiler.[0m
2026.05.22 16:47:05 INFO  no build target found for /Users/habibaelkamary/Desktop/College(new)/DDIA/Labs/project/Weather-Stations-Monitoring-DDIA-Project/weather-station/src/main/java/com/weather/centralstation/storage/BitCaskStore.java. Using fallback presentation compiler.[0m
2026.05.22 16:47:05 WARN  no build target for: /Users/habibaelkamary/Desktop/College(new)/DDIA/Labs/project/Weather-Stations-Monitoring-DDIA-Project/weather-station/src/main/java/com/weather/centralstation/storage/BitCaskStore.java[0m
2026.05.22 16:47:05 INFO  no build target found for /Users/habibaelkamary/Desktop/College(new)/DDIA/Labs/project/Weather-Stations-Monitoring-DDIA-Project/weather-station/src/main/java/com/weather/centralstation/storage/BitCaskStore.java. Using fallback presentation compiler.[0m
2026.05.22 16:47:05 INFO  no build target found for /Users/habibaelkamary/Desktop/College(new)/DDIA/Labs/project/Weather-Stations-Monitoring-DDIA-Project/weather-station/src/main/java/com/weather/centralstation/storage/BitCaskStore.java. Using fallback presentation compiler.[0m
2026.05.22 16:47:08 INFO  no build target found for /Users/habibaelkamary/Desktop/College(new)/DDIA/Labs/project/Weather-Stations-Monitoring-DDIA-Project/weather-station/src/main/java/com/weather/centralstation/storage/CompactionWorker.java. Using fallback presentation compiler.[0m
2026.05.22 16:47:08 INFO  no build target found for /Users/habibaelkamary/Desktop/College(new)/DDIA/Labs/project/Weather-Stations-Monitoring-DDIA-Project/weather-station/src/main/java/com/weather/centralstation/storage/CompactionWorker.java. Using fallback presentation compiler.[0m
2026.05.22 16:47:08 WARN  no build target for: /Users/habibaelkamary/Desktop/College(new)/DDIA/Labs/project/Weather-Stations-Monitoring-DDIA-Project/weather-station/src/main/java/com/weather/centralstation/storage/CompactionWorker.java[0m
2026.05.22 16:47:08 INFO  no build target found for /Users/habibaelkamary/Desktop/College(new)/DDIA/Labs/project/Weather-Stations-Monitoring-DDIA-Project/weather-station/src/main/java/com/weather/centralstation/storage/CompactionWorker.java. Using fallback presentation compiler.[0m
2026.05.22 16:47:08 INFO  no build target found for /Users/habibaelkamary/Desktop/College(new)/DDIA/Labs/project/Weather-Stations-Monitoring-DDIA-Project/weather-station/src/main/java/com/weather/centralstation/storage/CompactionWorker.java. Using fallback presentation compiler.[0m
2026.05.22 16:47:08 INFO  no build target found for /Users/habibaelkamary/Desktop/College(new)/DDIA/Labs/project/Weather-Stations-Monitoring-DDIA-Project/weather-station/src/main/java/com/weather/centralstation/storage/CompactionWorker.java. Using fallback presentation compiler.[0m
2026.05.22 16:47:10 INFO  no build target found for /Users/habibaelkamary/Desktop/College(new)/DDIA/Labs/project/Weather-Stations-Monitoring-DDIA-Project/weather-station/src/main/java/com/weather/centralstation/storage/CompactionWorker.java. Using fallback presentation compiler.[0m
2026.05.22 16:47:10 INFO  no build target found for /Users/habibaelkamary/Desktop/College(new)/DDIA/Labs/project/Weather-Stations-Monitoring-DDIA-Project/weather-station/src/main/java/com/weather/centralstation/storage/CompactionWorker.java. Using fallback presentation compiler.[0m
2026.05.22 16:47:53 INFO  no build target found for /Users/habibaelkamary/Desktop/College(new)/DDIA/Labs/project/Weather-Stations-Monitoring-DDIA-Project/weather-station/src/main/java/com/weather/centralstation/storage/BitCaskStore.java. Using fallback presentation compiler.[0m
May 22, 2026 4:47:53 PM org.eclipse.lsp4j.jsonrpc.RemoteEndpoint handleCancellation
WARNING: Unmatched cancel notification for request id 2964
2026.05.22 16:47:53 INFO  no build target found for /Users/habibaelkamary/Desktop/College(new)/DDIA/Labs/project/Weather-Stations-Monitoring-DDIA-Project/weather-station/src/main/java/com/weather/centralstation/storage/BitCaskStore.java. Using fallback presentation compiler.[0m
2026.05.22 16:47:53 INFO  no build target found for /Users/habibaelkamary/Desktop/College(new)/DDIA/Labs/project/Weather-Stations-Monitoring-DDIA-Project/weather-station/src/main/java/com/weather/centralstation/storage/BitCaskStore.java. Using fallback presentation compiler.[0m
May 22, 2026 4:47:54 PM org.eclipse.lsp4j.jsonrpc.RemoteEndpoint handleCancellation
WARNING: Unmatched cancel notification for request id 2965
2026.05.22 16:47:54 INFO  no build target found for /Users/habibaelkamary/Desktop/College(new)/DDIA/Labs/project/Weather-Stations-Monitoring-DDIA-Project/weather-station/src/main/java/com/weather/centralstation/storage/BitCaskStore.java. Using fallback presentation compiler.[0m
2026.05.22 16:47:54 WARN  no build target for: /Users/habibaelkamary/Desktop/College(new)/DDIA/Labs/project/Weather-Stations-Monitoring-DDIA-Project/weather-station/src/main/java/com/weather/centralstation/storage/BitCaskStore.java[0m
2026.05.22 16:47:54 INFO  no build target found for /Users/habibaelkamary/Desktop/College(new)/DDIA/Labs/project/Weather-Stations-Monitoring-DDIA-Project/weather-station/src/main/java/com/weather/centralstation/storage/BitCaskStore.java. Using fallback presentation compiler.[0m
2026.05.22 16:47:55 INFO  no build target found for /Users/habibaelkamary/Desktop/College(new)/DDIA/Labs/project/Weather-Stations-Monitoring-DDIA-Project/weather-station/src/main/java/com/weather/centralstation/storage/BitCaskStore.java. Using fallback presentation compiler.[0m
2026.05.22 16:47:55 INFO  no build target found for /Users/habibaelkamary/Desktop/College(new)/DDIA/Labs/project/Weather-Stations-Monitoring-DDIA-Project/weather-station/src/main/java/com/weather/centralstation/CentralStation.java. Using fallback presentation compiler.[0m
2026.05.22 16:47:56 INFO  no build target found for /Users/habibaelkamary/Desktop/College(new)/DDIA/Labs/project/Weather-Stations-Monitoring-DDIA-Project/weather-station/src/main/java/com/weather/centralstation/CentralStation.java. Using fallback presentation compiler.[0m
2026.05.22 16:47:56 WARN  no build target for: /Users/habibaelkamary/Desktop/College(new)/DDIA/Labs/project/Weather-Stations-Monitoring-DDIA-Project/weather-station/src/main/java/com/weather/centralstation/CentralStation.java[0m
May 22, 2026 4:47:57 PM org.eclipse.lsp4j.jsonrpc.RemoteEndpoint handleCancellation
WARNING: Unmatched cancel notification for request id 2974
2026.05.22 16:47:56 INFO  no build target found for /Users/habibaelkamary/Desktop/College(new)/DDIA/Labs/project/Weather-Stations-Monitoring-DDIA-Project/weather-station/src/main/java/com/weather/centralstation/CentralStation.java. Using fallback presentation compiler.[0m
2026.05.22 16:47:56 INFO  no build target found for /Users/habibaelkamary/Desktop/College(new)/DDIA/Labs/project/Weather-Stations-Monitoring-DDIA-Project/weather-station/src/main/java/com/weather/centralstation/CentralStation.java. Using fallback presentation compiler.[0m
2026.05.22 16:47:57 INFO  no build target found for /Users/habibaelkamary/Desktop/College(new)/DDIA/Labs/project/Weather-Stations-Monitoring-DDIA-Project/weather-station/src/main/java/com/weather/centralstation/CentralStation.java. Using fallback presentation compiler.[0m
2026.05.22 16:47:56 INFO  no build target found for /Users/habibaelkamary/Desktop/College(new)/DDIA/Labs/project/Weather-Stations-Monitoring-DDIA-Project/weather-station/src/main/java/com/weather/centralstation/CentralStation.java. Using fallback presentation compiler.[0m
May 22, 2026 4:47:57 PM org.eclipse.lsp4j.jsonrpc.RemoteEndpoint handleCancellation
WARNING: Unmatched cancel notification for request id 2978
2026.05.22 16:47:56 INFO  no build target found for /Users/habibaelkamary/Desktop/College(new)/DDIA/Labs/project/Weather-Stations-Monitoring-DDIA-Project/weather-station/src/main/java/com/weather/centralstation/CentralStation.java. Using fallback presentation compiler.[0m
2026.05.22 16:47:57 INFO  no build target found for /Users/habibaelkamary/Desktop/College(new)/DDIA/Labs/project/Weather-Stations-Monitoring-DDIA-Project/weather-station/src/main/java/com/weather/centralstation/CentralStation.java. Using fallback presentation compiler.[0m
2026.05.22 16:48:02 INFO  no build target found for /Users/habibaelkamary/Desktop/College(new)/DDIA/Labs/project/Weather-Stations-Monitoring-DDIA-Project/weather-station/src/main/java/com/weather/centralstation/CentralStation.java. Using fallback presentation compiler.[0m
2026.05.22 16:48:03 INFO  no build target found for /Users/habibaelkamary/Desktop/College(new)/DDIA/Labs/project/Weather-Stations-Monitoring-DDIA-Project/weather-station/src/main/java/com/weather/centralstation/CentralStation.java. Using fallback presentation compiler.[0m
2026.05.22 16:48:06 INFO  no build target found for /Users/habibaelkamary/Desktop/College(new)/DDIA/Labs/project/Weather-Stations-Monitoring-DDIA-Project/weather-station/src/main/java/com/weather/centralstation/storage/BitCaskStore.java. Using fallback presentation compiler.[0m
2026.05.22 16:48:06 INFO  no build target found for /Users/habibaelkamary/Desktop/College(new)/DDIA/Labs/project/Weather-Stations-Monitoring-DDIA-Project/weather-station/src/main/java/com/weather/centralstation/storage/BitCaskStore.java. Using fallback presentation compiler.[0m
May 22, 2026 4:48:07 PM org.eclipse.lsp4j.jsonrpc.RemoteEndpoint handleCancellation
WARNING: Unmatched cancel notification for request id 2998
2026.05.22 16:48:07 WARN  no build target for: /Users/habibaelkamary/Desktop/College(new)/DDIA/Labs/project/Weather-Stations-Monitoring-DDIA-Project/weather-station/src/main/java/com/weather/centralstation/storage/BitCaskStore.java[0m
2026.05.22 16:48:06 INFO  no build target found for /Users/habibaelkamary/Desktop/College(new)/DDIA/Labs/project/Weather-Stations-Monitoring-DDIA-Project/weather-station/src/main/java/com/weather/centralstation/storage/BitCaskStore.java. Using fallback presentation compiler.[0m
May 22, 2026 4:48:07 PM org.eclipse.lsp4j.jsonrpc.RemoteEndpoint handleCancellation
WARNING: Unmatched cancel notification for request id 2999
2026.05.22 16:48:07 INFO  no build target found for /Users/habibaelkamary/Desktop/College(new)/DDIA/Labs/project/Weather-Stations-Monitoring-DDIA-Project/weather-station/src/main/java/com/weather/centralstation/storage/BitCaskStore.java. Using fallback presentation compiler.[0m
2026.05.22 16:48:07 INFO  no build target found for /Users/habibaelkamary/Desktop/College(new)/DDIA/Labs/project/Weather-Stations-Monitoring-DDIA-Project/weather-station/src/main/java/com/weather/centralstation/storage/BitCaskStore.java. Using fallback presentation compiler.[0m
2026.05.22 16:48:39 INFO  no build target found for /Users/habibaelkamary/Desktop/College(new)/DDIA/Labs/project/Weather-Stations-Monitoring-DDIA-Project/weather-station/src/main/java/com/weather/centralstation/storage/BitCaskStore.java. Using fallback presentation compiler.[0m
2026.05.22 16:48:44 INFO  no build target found for /Users/habibaelkamary/Desktop/College(new)/DDIA/Labs/project/Weather-Stations-Monitoring-DDIA-Project/weather-station/src/main/java/com/weather/centralstation/CentralStation.java. Using fallback presentation compiler.[0m
May 22, 2026 4:48:44 PM org.eclipse.lsp4j.jsonrpc.RemoteEndpoint handleCancellation
WARNING: Unmatched cancel notification for request id 3012
2026.05.22 16:48:44 INFO  no build target found for /Users/habibaelkamary/Desktop/College(new)/DDIA/Labs/project/Weather-Stations-Monitoring-DDIA-Project/weather-station/src/main/java/com/weather/centralstation/CentralStation.java. Using fallback presentation compiler.[0m
2026.05.22 16:48:44 INFO  no build target found for /Users/habibaelkamary/Desktop/College(new)/DDIA/Labs/project/Weather-Stations-Monitoring-DDIA-Project/weather-station/src/main/java/com/weather/centralstation/CentralStation.java. Using fallback presentation compiler.[0m
2026.05.22 16:48:44 WARN  no build target for: /Users/habibaelkamary/Desktop/College(new)/DDIA/Labs/project/Weather-Stations-Monitoring-DDIA-Project/weather-station/src/main/java/com/weather/centralstation/CentralStation.java[0m
May 22, 2026 4:48:45 PM org.eclipse.lsp4j.jsonrpc.RemoteEndpoint handleCancellation
WARNING: Unmatched cancel notification for request id 3014
2026.05.22 16:48:44 INFO  no build target found for /Users/habibaelkamary/Desktop/College(new)/DDIA/Labs/project/Weather-Stations-Monitoring-DDIA-Project/weather-station/src/main/java/com/weather/centralstation/CentralStation.java. Using fallback presentation compiler.[0m
2026.05.22 16:48:45 INFO  no build target found for /Users/habibaelkamary/Desktop/College(new)/DDIA/Labs/project/Weather-Stations-Monitoring-DDIA-Project/weather-station/src/main/java/com/weather/centralstation/CentralStation.java. Using fallback presentation compiler.[0m
May 22, 2026 4:48:45 PM org.eclipse.lsp4j.jsonrpc.RemoteEndpoint handleCancellation
WARNING: Unmatched cancel notification for request id 3016
2026.05.22 16:48:44 INFO  no build target found for /Users/habibaelkamary/Desktop/College(new)/DDIA/Labs/project/Weather-Stations-Monitoring-DDIA-Project/weather-station/src/main/java/com/weather/centralstation/CentralStation.java. Using fallback presentation compiler.[0m
2026.05.22 16:48:45 INFO  no build target found for /Users/habibaelkamary/Desktop/College(new)/DDIA/Labs/project/Weather-Stations-Monitoring-DDIA-Project/weather-station/src/main/java/com/weather/centralstation/CentralStation.java. Using fallback presentation compiler.[0m
2026.05.22 16:48:46 INFO  no build target found for /Users/habibaelkamary/Desktop/College(new)/DDIA/Labs/project/Weather-Stations-Monitoring-DDIA-Project/weather-station/src/main/java/com/weather/centralstation/CentralStation.java. Using fallback presentation compiler.[0m
2026.05.22 16:48:46 INFO  no build target found for /Users/habibaelkamary/Desktop/College(new)/DDIA/Labs/project/Weather-Stations-Monitoring-DDIA-Project/weather-station/src/main/java/com/weather/centralstation/CentralStation.java. Using fallback presentation compiler.[0m
2026.05.22 16:48:55 INFO  no build target found for /Users/habibaelkamary/Desktop/College(new)/DDIA/Labs/project/Weather-Stations-Monitoring-DDIA-Project/weather-station/src/main/java/com/weather/centralstation/CentralStation.java. Using fallback presentation compiler.[0m
2026.05.22 16:49:12 INFO  no build target found for /Users/habibaelkamary/Desktop/College(new)/DDIA/Labs/project/Weather-Stations-Monitoring-DDIA-Project/weather-station/src/main/java/com/weather/centralstation/CentralStation.java. Using fallback presentation compiler.[0m
2026.05.22 16:49:13 INFO  no build target found for /Users/habibaelkamary/Desktop/College(new)/DDIA/Labs/project/Weather-Stations-Monitoring-DDIA-Project/weather-station/src/main/java/com/weather/centralstation/storage/CompactionWorker.java. Using fallback presentation compiler.[0m
May 22, 2026 4:49:13 PM org.eclipse.lsp4j.jsonrpc.RemoteEndpoint handleCancellation
WARNING: Unmatched cancel notification for request id 3028
2026.05.22 16:49:13 INFO  no build target found for /Users/habibaelkamary/Desktop/College(new)/DDIA/Labs/project/Weather-Stations-Monitoring-DDIA-Project/weather-station/src/main/java/com/weather/centralstation/storage/CompactionWorker.java. Using fallback presentation compiler.[0m
2026.05.22 16:49:13 WARN  no build target for: /Users/habibaelkamary/Desktop/College(new)/DDIA/Labs/project/Weather-Stations-Monitoring-DDIA-Project/weather-station/src/main/java/com/weather/centralstation/storage/CompactionWorker.java[0m
2026.05.22 16:49:13 INFO  no build target found for /Users/habibaelkamary/Desktop/College(new)/DDIA/Labs/project/Weather-Stations-Monitoring-DDIA-Project/weather-station/src/main/java/com/weather/centralstation/storage/CompactionWorker.java. Using fallback presentation compiler.[0m
2026.05.22 16:49:42 INFO  no build target found for /Users/habibaelkamary/Desktop/College(new)/DDIA/Labs/project/Weather-Stations-Monitoring-DDIA-Project/weather-station/src/main/java/com/weather/centralstation/storage/CompactionWorker.java. Using fallback presentation compiler.[0m
2026.05.22 16:49:43 INFO  no build target found for /Users/habibaelkamary/Desktop/College(new)/DDIA/Labs/project/Weather-Stations-Monitoring-DDIA-Project/weather-station/src/main/java/com/weather/centralstation/storage/CompactionWorker.java. Using fallback presentation compiler.[0m
2026.05.22 16:49:43 INFO  no build target found for /Users/habibaelkamary/Desktop/College(new)/DDIA/Labs/project/Weather-Stations-Monitoring-DDIA-Project/weather-station/src/main/java/com/weather/centralstation/storage/CompactionWorker.java. Using fallback presentation compiler.[0m
2026.05.22 16:49:44 INFO  no build target found for /Users/habibaelkamary/Desktop/College(new)/DDIA/Labs/project/Weather-Stations-Monitoring-DDIA-Project/weather-station/src/main/java/com/weather/centralstation/storage/CompactionWorker.java. Using fallback presentation compiler.[0m
2026.05.22 16:49:44 INFO  no build target found for /Users/habibaelkamary/Desktop/College(new)/DDIA/Labs/project/Weather-Stations-Monitoring-DDIA-Project/weather-station/src/main/java/com/weather/centralstation/storage/CompactionWorker.java. Using fallback presentation compiler.[0m
2026.05.22 16:49:44 INFO  no build target found for /Users/habibaelkamary/Desktop/College(new)/DDIA/Labs/project/Weather-Stations-Monitoring-DDIA-Project/weather-station/src/main/java/com/weather/centralstation/storage/CompactionWorker.java. Using fallback presentation compiler.[0m
2026.05.22 16:49:45 INFO  no build target found for /Users/habibaelkamary/Desktop/College(new)/DDIA/Labs/project/Weather-Stations-Monitoring-DDIA-Project/weather-station/src/main/java/com/weather/centralstation/storage/CompactionWorker.java. Using fallback presentation compiler.[0m
2026.05.22 16:49:44 INFO  no build target found for /Users/habibaelkamary/Desktop/College(new)/DDIA/Labs/project/Weather-Stations-Monitoring-DDIA-Project/weather-station/src/main/java/com/weather/centralstation/storage/CompactionWorker.java. Using fallback presentation compiler.[0m
2026.05.22 16:49:47 INFO  no build target found for /Users/habibaelkamary/Desktop/College(new)/DDIA/Labs/project/Weather-Stations-Monitoring-DDIA-Project/weather-station/src/main/java/com/weather/centralstation/storage/CompactionWorker.java. Using fallback presentation compiler.[0m
2026.05.22 16:49:47 INFO  no build target found for /Users/habibaelkamary/Desktop/College(new)/DDIA/Labs/project/Weather-Stations-Monitoring-DDIA-Project/weather-station/src/main/java/com/weather/centralstation/storage/CompactionWorker.java. Using fallback presentation compiler.[0m
2026.05.22 16:49:47 WARN  no build target for: /Users/habibaelkamary/Desktop/College(new)/DDIA/Labs/project/Weather-Stations-Monitoring-DDIA-Project/weather-station/src/main/java/com/weather/centralstation/storage/CompactionWorker.java[0m
2026.05.22 16:49:47 INFO  no build target found for /Users/habibaelkamary/Desktop/College(new)/DDIA/Labs/project/Weather-Stations-Monitoring-DDIA-Project/weather-station/src/main/java/com/weather/centralstation/storage/CompactionWorker.java. Using fallback presentation compiler.[0m
2026.05.22 16:49:47 INFO  no build target found for /Users/habibaelkamary/Desktop/College(new)/DDIA/Labs/project/Weather-Stations-Monitoring-DDIA-Project/weather-station/src/main/java/com/weather/centralstation/storage/CompactionWorker.java. Using fallback presentation compiler.[0m
2026.05.22 16:49:53 INFO  no build target found for /Users/habibaelkamary/Desktop/College(new)/DDIA/Labs/project/Weather-Stations-Monitoring-DDIA-Project/weather-station/src/main/java/com/weather/centralstation/storage/CompactionWorker.java. Using fallback presentation compiler.[0m
2026.05.22 16:49:54 INFO  no build target found for /Users/habibaelkamary/Desktop/College(new)/DDIA/Labs/project/Weather-Stations-Monitoring-DDIA-Project/weather-station/src/main/java/com/weather/centralstation/storage/CompactionWorker.java. Using fallback presentation compiler.[0m
2026.05.22 16:50:14 INFO  no build target found for /Users/habibaelkamary/Desktop/College(new)/DDIA/Labs/project/Weather-Stations-Monitoring-DDIA-Project/weather-station/src/main/java/com/weather/centralstation/storage/BitCaskStore.java. Using fallback presentation compiler.[0m
May 22, 2026 4:50:15 PM org.eclipse.lsp4j.jsonrpc.RemoteEndpoint handleCancellation
WARNING: Unmatched cancel notification for request id 3109
2026.05.22 16:50:14 INFO  no build target found for /Users/habibaelkamary/Desktop/College(new)/DDIA/Labs/project/Weather-Stations-Monitoring-DDIA-Project/weather-station/src/main/java/com/weather/centralstation/storage/BitCaskStore.java. Using fallback presentation compiler.[0m
2026.05.22 16:50:14 INFO  no build target found for /Users/habibaelkamary/Desktop/College(new)/DDIA/Labs/project/Weather-Stations-Monitoring-DDIA-Project/weather-station/src/main/java/com/weather/centralstation/storage/BitCaskStore.java. Using fallback presentation compiler.[0m
2026.05.22 16:50:15 INFO  no build target found for /Users/habibaelkamary/Desktop/College(new)/DDIA/Labs/project/Weather-Stations-Monitoring-DDIA-Project/weather-station/src/main/java/com/weather/centralstation/storage/BitCaskStore.java. Using fallback presentation compiler.[0m
2026.05.22 16:50:15 WARN  no build target for: /Users/habibaelkamary/Desktop/College(new)/DDIA/Labs/project/Weather-Stations-Monitoring-DDIA-Project/weather-station/src/main/java/com/weather/centralstation/storage/BitCaskStore.java[0m
2026.05.22 16:50:15 INFO  no build target found for /Users/habibaelkamary/Desktop/College(new)/DDIA/Labs/project/Weather-Stations-Monitoring-DDIA-Project/weather-station/src/main/java/com/weather/centralstation/storage/BitCaskStore.java. Using fallback presentation compiler.[0m
2026.05.22 16:50:29 INFO  no build target found for /Users/habibaelkamary/Desktop/College(new)/DDIA/Labs/project/Weather-Stations-Monitoring-DDIA-Project/weather-station/src/main/java/com/weather/centralstation/storage/CompactionWorker.java. Using fallback presentation compiler.[0m
May 22, 2026 4:50:29 PM org.eclipse.lsp4j.jsonrpc.RemoteEndpoint handleCancellation
WARNING: Unmatched cancel notification for request id 3123
2026.05.22 16:50:29 INFO  no build target found for /Users/habibaelkamary/Desktop/College(new)/DDIA/Labs/project/Weather-Stations-Monitoring-DDIA-Project/weather-station/src/main/java/com/weather/centralstation/storage/CompactionWorker.java. Using fallback presentation compiler.[0m
2026.05.22 16:50:29 INFO  no build target found for /Users/habibaelkamary/Desktop/College(new)/DDIA/Labs/project/Weather-Stations-Monitoring-DDIA-Project/weather-station/src/main/java/com/weather/centralstation/storage/CompactionWorker.java. Using fallback presentation compiler.[0m
2026.05.22 16:50:30 INFO  no build target found for /Users/habibaelkamary/Desktop/College(new)/DDIA/Labs/project/Weather-Stations-Monitoring-DDIA-Project/weather-station/src/main/java/com/weather/centralstation/storage/CompactionWorker.java. Using fallback presentation compiler.[0m
2026.05.22 16:50:30 WARN  no build target for: /Users/habibaelkamary/Desktop/College(new)/DDIA/Labs/project/Weather-Stations-Monitoring-DDIA-Project/weather-station/src/main/java/com/weather/centralstation/storage/CompactionWorker.java[0m
2026.05.22 16:50:30 INFO  no build target found for /Users/habibaelkamary/Desktop/College(new)/DDIA/Labs/project/Weather-Stations-Monitoring-DDIA-Project/weather-station/src/main/java/com/weather/centralstation/storage/CompactionWorker.java. Using fallback presentation compiler.[0m
2026.05.22 16:53:26 INFO  no build target found for /Users/habibaelkamary/Desktop/College(new)/DDIA/Labs/project/Weather-Stations-Monitoring-DDIA-Project/weather-station/src/main/java/com/weather/centralstation/storage/CompactionWorker.java. Using fallback presentation compiler.[0m
2026.05.22 16:54:06 INFO  no build target found for /Users/habibaelkamary/Desktop/College(new)/DDIA/Labs/project/Weather-Stations-Monitoring-DDIA-Project/weather-station/src/main/java/com/weather/centralstation/storage/CompactionWorker.java. Using fallback presentation compiler.[0m
2026.05.22 17:07:26 INFO  no build target found for /Users/habibaelkamary/Desktop/College(new)/DDIA/Labs/project/Weather-Stations-Monitoring-DDIA-Project/weather-station/src/main/java/com/weather/centralstation/storage/CompactionWorker.java. Using fallback presentation compiler.[0m
2026.05.22 17:07:26 INFO  no build target found for /Users/habibaelkamary/Desktop/College(new)/DDIA/Labs/project/Weather-Stations-Monitoring-DDIA-Project/weather-station/src/main/java/com/weather/centralstation/storage/KeyDirEntry.java. Using fallback presentation compiler.[0m
2026.05.22 17:07:27 INFO  no build target found for /Users/habibaelkamary/Desktop/College(new)/DDIA/Labs/project/Weather-Stations-Monitoring-DDIA-Project/weather-station/src/main/java/com/weather/centralstation/storage/KeyDirEntry.java. Using fallback presentation compiler.[0m
2026.05.22 17:07:27 WARN  no build target for: /Users/habibaelkamary/Desktop/College(new)/DDIA/Labs/project/Weather-Stations-Monitoring-DDIA-Project/weather-station/src/main/java/com/weather/centralstation/storage/KeyDirEntry.java[0m
May 22, 2026 5:07:27 PM org.eclipse.lsp4j.jsonrpc.RemoteEndpoint handleCancellation
WARNING: Unmatched cancel notification for request id 3236
2026.05.22 17:07:27 INFO  no build target found for /Users/habibaelkamary/Desktop/College(new)/DDIA/Labs/project/Weather-Stations-Monitoring-DDIA-Project/weather-station/src/main/java/com/weather/centralstation/storage/KeyDirEntry.java. Using fallback presentation compiler.[0m
2026.05.22 17:07:27 INFO  no build target found for /Users/habibaelkamary/Desktop/College(new)/DDIA/Labs/project/Weather-Stations-Monitoring-DDIA-Project/weather-station/src/main/java/com/weather/centralstation/storage/KeyDirEntry.java. Using fallback presentation compiler.[0m
2026.05.22 17:07:27 INFO  no build target found for /Users/habibaelkamary/Desktop/College(new)/DDIA/Labs/project/Weather-Stations-Monitoring-DDIA-Project/weather-station/src/main/java/com/weather/centralstation/storage/KeyDirEntry.java. Using fallback presentation compiler.[0m
2026.05.22 17:07:41 INFO  no build target found for /Users/habibaelkamary/Desktop/College(new)/DDIA/Labs/project/Weather-Stations-Monitoring-DDIA-Project/weather-station/src/main/java/com/weather/centralstation/storage/CompactionWorker.java. Using fallback presentation compiler.[0m
May 22, 2026 5:07:41 PM org.eclipse.lsp4j.jsonrpc.RemoteEndpoint handleCancellation
WARNING: Unmatched cancel notification for request id 3247
2026.05.22 17:07:41 INFO  no build target found for /Users/habibaelkamary/Desktop/College(new)/DDIA/Labs/project/Weather-Stations-Monitoring-DDIA-Project/weather-station/src/main/java/com/weather/centralstation/storage/CompactionWorker.java. Using fallback presentation compiler.[0m
2026.05.22 17:07:41 INFO  no build target found for /Users/habibaelkamary/Desktop/College(new)/DDIA/Labs/project/Weather-Stations-Monitoring-DDIA-Project/weather-station/src/main/java/com/weather/centralstation/storage/CompactionWorker.java. Using fallback presentation compiler.[0m
May 22, 2026 5:07:41 PM org.eclipse.lsp4j.jsonrpc.RemoteEndpoint handleCancellation
WARNING: Unmatched cancel notification for request id 3249
2026.05.22 17:07:41 INFO  no build target found for /Users/habibaelkamary/Desktop/College(new)/DDIA/Labs/project/Weather-Stations-Monitoring-DDIA-Project/weather-station/src/main/java/com/weather/centralstation/storage/CompactionWorker.java. Using fallback presentation compiler.[0m
2026.05.22 17:07:41 WARN  no build target for: /Users/habibaelkamary/Desktop/College(new)/DDIA/Labs/project/Weather-Stations-Monitoring-DDIA-Project/weather-station/src/main/java/com/weather/centralstation/storage/CompactionWorker.java[0m
2026.05.22 17:07:41 INFO  no build target found for /Users/habibaelkamary/Desktop/College(new)/DDIA/Labs/project/Weather-Stations-Monitoring-DDIA-Project/weather-station/src/main/java/com/weather/centralstation/storage/CompactionWorker.java. Using fallback presentation compiler.[0m
2026.05.22 17:07:41 INFO  no build target found for /Users/habibaelkamary/Desktop/College(new)/DDIA/Labs/project/Weather-Stations-Monitoring-DDIA-Project/weather-station/src/main/java/com/weather/centralstation/storage/KeyDirEntry.java. Using fallback presentation compiler.[0m
2026.05.22 17:08:00 INFO  no build target found for /Users/habibaelkamary/Desktop/College(new)/DDIA/Labs/project/Weather-Stations-Monitoring-DDIA-Project/weather-station/src/main/java/com/weather/centralstation/storage/CompactionWorker.java. Using fallback presentation compiler.[0m
May 22, 2026 5:08:07 PM org.eclipse.lsp4j.jsonrpc.RemoteEndpoint handleCancellation
WARNING: Unmatched cancel notification for request id 3274
2026.05.22 17:08:15 INFO  no build target found for /Users/habibaelkamary/Desktop/College(new)/DDIA/Labs/project/Weather-Stations-Monitoring-DDIA-Project/weather-station/src/main/java/com/weather/centralstation/storage/CompactionWorker.java. Using fallback presentation compiler.[0m
2026.05.22 17:08:16 INFO  no build target found for /Users/habibaelkamary/Desktop/College(new)/DDIA/Labs/project/Weather-Stations-Monitoring-DDIA-Project/weather-station/src/main/java/com/weather/centralstation/storage/CompactionWorker.java. Using fallback presentation compiler.[0m
May 22, 2026 5:08:43 PM org.eclipse.lsp4j.jsonrpc.RemoteEndpoint handleCancellation
WARNING: Unmatched cancel notification for request id 3404
2026.05.22 17:08:54 INFO  no build target found for /Users/habibaelkamary/Desktop/College(new)/DDIA/Labs/project/Weather-Stations-Monitoring-DDIA-Project/weather-station/src/main/java/com/weather/centralstation/storage/CompactionWorker.java. Using fallback presentation compiler.[0m
May 22, 2026 5:09:39 PM org.eclipse.lsp4j.jsonrpc.RemoteEndpoint handleCancellation
WARNING: Unmatched cancel notification for request id 3472
2026.05.22 17:10:02 INFO  no build target found for /Users/habibaelkamary/Desktop/College(new)/DDIA/Labs/project/Weather-Stations-Monitoring-DDIA-Project/weather-station/src/main/java/com/weather/centralstation/storage/CompactionWorker.java. Using fallback presentation compiler.[0m
2026.05.22 17:10:02 INFO  no build target found for /Users/habibaelkamary/Desktop/College(new)/DDIA/Labs/project/Weather-Stations-Monitoring-DDIA-Project/weather-station/src/main/java/com/weather/centralstation/storage/CompactionWorker.java. Using fallback presentation compiler.[0m
2026.05.22 17:10:03 INFO  no build target found for /Users/habibaelkamary/Desktop/College(new)/DDIA/Labs/project/Weather-Stations-Monitoring-DDIA-Project/weather-station/src/main/java/com/weather/centralstation/storage/CompactionWorker.java. Using fallback presentation compiler.[0m
2026.05.22 17:10:03 INFO  no build target found for /Users/habibaelkamary/Desktop/College(new)/DDIA/Labs/project/Weather-Stations-Monitoring-DDIA-Project/weather-station/src/main/java/com/weather/centralstation/storage/CompactionWorker.java. Using fallback presentation compiler.[0m
2026.05.22 17:10:03 INFO  no build target found for /Users/habibaelkamary/Desktop/College(new)/DDIA/Labs/project/Weather-Stations-Monitoring-DDIA-Project/weather-station/src/main/java/com/weather/centralstation/storage/CompactionWorker.java. Using fallback presentation compiler.[0m
2026.05.22 17:10:03 INFO  no build target found for /Users/habibaelkamary/Desktop/College(new)/DDIA/Labs/project/Weather-Stations-Monitoring-DDIA-Project/weather-station/src/main/java/com/weather/centralstation/storage/CompactionWorker.java. Using fallback presentation compiler.[0m
2026.05.22 17:10:04 INFO  no build target found for /Users/habibaelkamary/Desktop/College(new)/DDIA/Labs/project/Weather-Stations-Monitoring-DDIA-Project/weather-station/src/main/java/com/weather/centralstation/storage/CompactionWorker.java. Using fallback presentation compiler.[0m
2026.05.22 17:10:04 INFO  no build target found for /Users/habibaelkamary/Desktop/College(new)/DDIA/Labs/project/Weather-Stations-Monitoring-DDIA-Project/weather-station/src/main/java/com/weather/centralstation/storage/CompactionWorker.java. Using fallback presentation compiler.[0m
2026.05.22 17:10:04 INFO  no build target found for /Users/habibaelkamary/Desktop/College(new)/DDIA/Labs/project/Weather-Stations-Monitoring-DDIA-Project/weather-station/src/main/java/com/weather/centralstation/storage/CompactionWorker.java. Using fallback presentation compiler.[0m
2026.05.22 17:10:04 INFO  no build target found for /Users/habibaelkamary/Desktop/College(new)/DDIA/Labs/project/Weather-Stations-Monitoring-DDIA-Project/weather-station/src/main/java/com/weather/centralstation/storage/CompactionWorker.java. Using fallback presentation compiler.[0m
2026.05.22 17:10:05 INFO  no build target found for /Users/habibaelkamary/Desktop/College(new)/DDIA/Labs/project/Weather-Stations-Monitoring-DDIA-Project/weather-station/src/main/java/com/weather/centralstation/storage/CompactionWorker.java. Using fallback presentation compiler.[0m
2026.05.22 17:10:07 INFO  no build target found for /Users/habibaelkamary/Desktop/College(new)/DDIA/Labs/project/Weather-Stations-Monitoring-DDIA-Project/weather-station/src/main/java/com/weather/centralstation/storage/CompactionWorker.java. Using fallback presentation compiler.[0m
2026.05.22 17:10:07 INFO  no build target found for /Users/habibaelkamary/Desktop/College(new)/DDIA/Labs/project/Weather-Stations-Monitoring-DDIA-Project/weather-station/src/main/java/com/weather/centralstation/storage/CompactionWorker.java. Using fallback presentation compiler.[0m
May 22, 2026 5:10:07 PM org.eclipse.lsp4j.jsonrpc.RemoteEndpoint handleCancellation
WARNING: Unmatched cancel notification for request id 3519
2026.05.22 17:10:07 INFO  no build target found for /Users/habibaelkamary/Desktop/College(new)/DDIA/Labs/project/Weather-Stations-Monitoring-DDIA-Project/weather-station/src/main/java/com/weather/centralstation/storage/CompactionWorker.java. Using fallback presentation compiler.[0m
2026.05.22 17:10:07 INFO  no build target found for /Users/habibaelkamary/Desktop/College(new)/DDIA/Labs/project/Weather-Stations-Monitoring-DDIA-Project/weather-station/src/main/java/com/weather/centralstation/storage/CompactionWorker.java. Using fallback presentation compiler.[0m
2026.05.22 17:10:08 INFO  no build target found for /Users/habibaelkamary/Desktop/College(new)/DDIA/Labs/project/Weather-Stations-Monitoring-DDIA-Project/weather-station/src/main/java/com/weather/centralstation/storage/CompactionWorker.java. Using fallback presentation compiler.[0m
2026.05.22 17:10:08 INFO  no build target found for /Users/habibaelkamary/Desktop/College(new)/DDIA/Labs/project/Weather-Stations-Monitoring-DDIA-Project/weather-station/src/main/java/com/weather/centralstation/storage/CompactionWorker.java. Using fallback presentation compiler.[0m
2026.05.22 17:10:08 INFO  no build target found for /Users/habibaelkamary/Desktop/College(new)/DDIA/Labs/project/Weather-Stations-Monitoring-DDIA-Project/weather-station/src/main/java/com/weather/centralstation/storage/CompactionWorker.java. Using fallback presentation compiler.[0m
2026.05.22 17:10:08 INFO  no build target found for /Users/habibaelkamary/Desktop/College(new)/DDIA/Labs/project/Weather-Stations-Monitoring-DDIA-Project/weather-station/src/main/java/com/weather/centralstation/storage/CompactionWorker.java. Using fallback presentation compiler.[0m
2026.05.22 17:10:08 INFO  no build target found for /Users/habibaelkamary/Desktop/College(new)/DDIA/Labs/project/Weather-Stations-Monitoring-DDIA-Project/weather-station/src/main/java/com/weather/centralstation/storage/CompactionWorker.java. Using fallback presentation compiler.[0m
2026.05.22 17:10:08 INFO  no build target found for /Users/habibaelkamary/Desktop/College(new)/DDIA/Labs/project/Weather-Stations-Monitoring-DDIA-Project/weather-station/src/main/java/com/weather/centralstation/storage/CompactionWorker.java. Using fallback presentation compiler.[0m
2026.05.22 17:10:09 INFO  no build target found for /Users/habibaelkamary/Desktop/College(new)/DDIA/Labs/project/Weather-Stations-Monitoring-DDIA-Project/weather-station/src/main/java/com/weather/centralstation/storage/CompactionWorker.java. Using fallback presentation compiler.[0m
2026.05.22 17:10:09 INFO  no build target found for /Users/habibaelkamary/Desktop/College(new)/DDIA/Labs/project/Weather-Stations-Monitoring-DDIA-Project/weather-station/src/main/java/com/weather/centralstation/storage/CompactionWorker.java. Using fallback presentation compiler.[0m
2026.05.22 17:10:10 INFO  time: code lens generation in 1.34s[0m
2026.05.22 17:10:11 INFO  no build target found for /Users/habibaelkamary/Desktop/College(new)/DDIA/Labs/project/Weather-Stations-Monitoring-DDIA-Project/weather-station/src/main/java/com/weather/centralstation/storage/CompactionWorker.java. Using fallback presentation compiler.[0m
May 22, 2026 5:10:11 PM org.eclipse.lsp4j.jsonrpc.RemoteEndpoint handleCancellation
WARNING: Unmatched cancel notification for request id 3540
2026.05.22 17:10:35 INFO  no build target found for /Users/habibaelkamary/Desktop/College(new)/DDIA/Labs/project/Weather-Stations-Monitoring-DDIA-Project/weather-station/src/main/java/com/weather/centralstation/storage/CompactionWorker.java. Using fallback presentation compiler.[0m
May 22, 2026 5:10:36 PM org.eclipse.lsp4j.jsonrpc.RemoteEndpoint handleCancellation
WARNING: Unmatched cancel notification for request id 3585
2026.05.22 17:10:35 INFO  no build target found for /Users/habibaelkamary/Desktop/College(new)/DDIA/Labs/project/Weather-Stations-Monitoring-DDIA-Project/weather-station/src/main/java/com/weather/centralstation/storage/CompactionWorker.java. Using fallback presentation compiler.[0m
2026.05.22 17:10:35 INFO  no build target found for /Users/habibaelkamary/Desktop/College(new)/DDIA/Labs/project/Weather-Stations-Monitoring-DDIA-Project/weather-station/src/main/java/com/weather/centralstation/storage/CompactionWorker.java. Using fallback presentation compiler.[0m
May 22, 2026 5:10:36 PM org.eclipse.lsp4j.jsonrpc.RemoteEndpoint handleCancellation
WARNING: Unmatched cancel notification for request id 3586
2026.05.22 17:10:36 INFO  no build target found for /Users/habibaelkamary/Desktop/College(new)/DDIA/Labs/project/Weather-Stations-Monitoring-DDIA-Project/weather-station/src/main/java/com/weather/centralstation/storage/CompactionWorker.java. Using fallback presentation compiler.[0m
2026.05.22 17:10:36 INFO  no build target found for /Users/habibaelkamary/Desktop/College(new)/DDIA/Labs/project/Weather-Stations-Monitoring-DDIA-Project/weather-station/src/main/java/com/weather/centralstation/storage/CompactionWorker.java. Using fallback presentation compiler.[0m
2026.05.22 17:10:36 INFO  no build target found for /Users/habibaelkamary/Desktop/College(new)/DDIA/Labs/project/Weather-Stations-Monitoring-DDIA-Project/weather-station/src/main/java/com/weather/centralstation/storage/CompactionWorker.java. Using fallback presentation compiler.[0m
2026.05.22 17:10:36 INFO  no build target found for /Users/habibaelkamary/Desktop/College(new)/DDIA/Labs/project/Weather-Stations-Monitoring-DDIA-Project/weather-station/src/main/java/com/weather/centralstation/storage/CompactionWorker.java. Using fallback presentation compiler.[0m
2026.05.22 17:10:36 INFO  no build target found for /Users/habibaelkamary/Desktop/College(new)/DDIA/Labs/project/Weather-Stations-Monitoring-DDIA-Project/weather-station/src/main/java/com/weather/centralstation/storage/CompactionWorker.java. Using fallback presentation compiler.[0m
2026.05.22 17:10:36 INFO  no build target found for /Users/habibaelkamary/Desktop/College(new)/DDIA/Labs/project/Weather-Stations-Monitoring-DDIA-Project/weather-station/src/main/java/com/weather/centralstation/storage/CompactionWorker.java. Using fallback presentation compiler.[0m
2026.05.22 17:10:38 INFO  no build target found for /Users/habibaelkamary/Desktop/College(new)/DDIA/Labs/project/Weather-Stations-Monitoring-DDIA-Project/weather-station/src/main/java/com/weather/centralstation/storage/CompactionWorker.java. Using fallback presentation compiler.[0m
2026.05.22 17:10:39 INFO  no build target found for /Users/habibaelkamary/Desktop/College(new)/DDIA/Labs/project/Weather-Stations-Monitoring-DDIA-Project/weather-station/src/main/java/com/weather/centralstation/storage/CompactionWorker.java. Using fallback presentation compiler.[0m
2026.05.22 17:11:02 INFO  no build target found for /Users/habibaelkamary/Desktop/College(new)/DDIA/Labs/project/Weather-Stations-Monitoring-DDIA-Project/weather-station/src/main/java/com/weather/centralstation/storage/CompactionWorker.java. Using fallback presentation compiler.[0m
2026.05.22 17:11:26 WARN  no build target for: /Users/habibaelkamary/Desktop/College(new)/DDIA/Labs/project/Weather-Stations-Monitoring-DDIA-Project/weather-station/src/main/java/com/weather/centralstation/storage/CompactionWorker.java[0m
2026.05.22 17:11:26 INFO  no build target found for /Users/habibaelkamary/Desktop/College(new)/DDIA/Labs/project/Weather-Stations-Monitoring-DDIA-Project/weather-station/src/main/java/com/weather/centralstation/storage/CompactionWorker.java. Using fallback presentation compiler.[0m
2026.05.22 17:11:27 INFO  no build target found for /Users/habibaelkamary/Desktop/College(new)/DDIA/Labs/project/Weather-Stations-Monitoring-DDIA-Project/weather-station/src/main/java/com/weather/centralstation/storage/SegmentManager.java. Using fallback presentation compiler.[0m
2026.05.22 17:11:27 WARN  no build target for: /Users/habibaelkamary/Desktop/College(new)/DDIA/Labs/project/Weather-Stations-Monitoring-DDIA-Project/weather-station/src/main/java/com/weather/centralstation/storage/SegmentManager.java[0m
2026.05.22 17:11:28 INFO  no build target found for /Users/habibaelkamary/Desktop/College(new)/DDIA/Labs/project/Weather-Stations-Monitoring-DDIA-Project/weather-station/src/main/java/com/weather/centralstation/storage/SegmentManager.java. Using fallback presentation compiler.[0m
May 22, 2026 5:11:28 PM org.eclipse.lsp4j.jsonrpc.RemoteEndpoint handleCancellation
WARNING: Unmatched cancel notification for request id 3660
2026.05.22 17:11:28 INFO  no build target found for /Users/habibaelkamary/Desktop/College(new)/DDIA/Labs/project/Weather-Stations-Monitoring-DDIA-Project/weather-station/src/main/java/com/weather/centralstation/storage/SegmentManager.java. Using fallback presentation compiler.[0m
2026.05.22 17:11:31 INFO  no build target found for /Users/habibaelkamary/Desktop/College(new)/DDIA/Labs/project/Weather-Stations-Monitoring-DDIA-Project/weather-station/src/main/java/com/weather/centralstation/storage/SegmentManager.java. Using fallback presentation compiler.[0m
2026.05.22 17:11:41 INFO  no build target found for /Users/habibaelkamary/Desktop/College(new)/DDIA/Labs/project/Weather-Stations-Monitoring-DDIA-Project/weather-station/src/main/java/com/weather/centralstation/storage/CompactionWorker.java. Using fallback presentation compiler.[0m
May 22, 2026 5:11:41 PM org.eclipse.lsp4j.jsonrpc.RemoteEndpoint handleCancellation
WARNING: Unmatched cancel notification for request id 3673
2026.05.22 17:11:41 INFO  no build target found for /Users/habibaelkamary/Desktop/College(new)/DDIA/Labs/project/Weather-Stations-Monitoring-DDIA-Project/weather-station/src/main/java/com/weather/centralstation/storage/CompactionWorker.java. Using fallback presentation compiler.[0m
2026.05.22 17:11:41 INFO  no build target found for /Users/habibaelkamary/Desktop/College(new)/DDIA/Labs/project/Weather-Stations-Monitoring-DDIA-Project/weather-station/src/main/java/com/weather/centralstation/storage/CompactionWorker.java. Using fallback presentation compiler.[0m
2026.05.22 17:11:41 WARN  no build target for: /Users/habibaelkamary/Desktop/College(new)/DDIA/Labs/project/Weather-Stations-Monitoring-DDIA-Project/weather-station/src/main/java/com/weather/centralstation/storage/CompactionWorker.java[0m
2026.05.22 17:11:41 INFO  no build target found for /Users/habibaelkamary/Desktop/College(new)/DDIA/Labs/project/Weather-Stations-Monitoring-DDIA-Project/weather-station/src/main/java/com/weather/centralstation/storage/CompactionWorker.java. Using fallback presentation compiler.[0m
May 22, 2026 5:11:42 PM org.eclipse.lsp4j.jsonrpc.RemoteEndpoint handleCancellation
WARNING: Unmatched cancel notification for request id 3675
2026.05.22 17:11:42 INFO  no build target found for /Users/habibaelkamary/Desktop/College(new)/DDIA/Labs/project/Weather-Stations-Monitoring-DDIA-Project/weather-station/src/main/java/com/weather/centralstation/storage/CompactionWorker.java. Using fallback presentation compiler.[0m
2026.05.22 17:11:42 INFO  no build target found for /Users/habibaelkamary/Desktop/College(new)/DDIA/Labs/project/Weather-Stations-Monitoring-DDIA-Project/weather-station/src/main/java/com/weather/centralstation/storage/CompactionWorker.java. Using fallback presentation compiler.[0m
2026.05.22 17:12:03 INFO  no build target found for /Users/habibaelkamary/Desktop/College(new)/DDIA/Labs/project/Weather-Stations-Monitoring-DDIA-Project/weather-station/src/main/java/com/weather/centralstation/storage/CompactionWorker.java. Using fallback presentation compiler.[0m
2026.05.22 17:12:03 INFO  no build target found for /Users/habibaelkamary/Desktop/College(new)/DDIA/Labs/project/Weather-Stations-Monitoring-DDIA-Project/weather-station/src/main/java/com/weather/centralstation/storage/CompactionWorker.java. Using fallback presentation compiler.[0m
2026.05.22 17:12:03 INFO  no build target found for /Users/habibaelkamary/Desktop/College(new)/DDIA/Labs/project/Weather-Stations-Monitoring-DDIA-Project/weather-station/src/main/java/com/weather/centralstation/storage/CompactionWorker.java. Using fallback presentation compiler.[0m
2026.05.22 17:12:03 INFO  no build target found for /Users/habibaelkamary/Desktop/College(new)/DDIA/Labs/project/Weather-Stations-Monitoring-DDIA-Project/weather-station/src/main/java/com/weather/centralstation/storage/CompactionWorker.java. Using fallback presentation compiler.[0m
2026.05.22 17:12:03 INFO  no build target found for /Users/habibaelkamary/Desktop/College(new)/DDIA/Labs/project/Weather-Stations-Monitoring-DDIA-Project/weather-station/src/main/java/com/weather/centralstation/storage/CompactionWorker.java. Using fallback presentation compiler.[0m
2026.05.22 17:12:03 INFO  no build target found for /Users/habibaelkamary/Desktop/College(new)/DDIA/Labs/project/Weather-Stations-Monitoring-DDIA-Project/weather-station/src/main/java/com/weather/centralstation/storage/CompactionWorker.java. Using fallback presentation compiler.[0m
May 22, 2026 5:12:03 PM org.eclipse.lsp4j.jsonrpc.RemoteEndpoint handleCancellation
WARNING: Unmatched cancel notification for request id 3719
2026.05.22 17:12:03 INFO  no build target found for /Users/habibaelkamary/Desktop/College(new)/DDIA/Labs/project/Weather-Stations-Monitoring-DDIA-Project/weather-station/src/main/java/com/weather/centralstation/storage/CompactionWorker.java. Using fallback presentation compiler.[0m
2026.05.22 17:12:08 INFO  no build target found for /Users/habibaelkamary/Desktop/College(new)/DDIA/Labs/project/Weather-Stations-Monitoring-DDIA-Project/weather-station/src/main/java/com/weather/centralstation/storage/CompactionWorker.java. Using fallback presentation compiler.[0m
2026.05.22 17:12:08 INFO  no build target found for /Users/habibaelkamary/Desktop/College(new)/DDIA/Labs/project/Weather-Stations-Monitoring-DDIA-Project/weather-station/src/main/java/com/weather/centralstation/storage/CompactionWorker.java. Using fallback presentation compiler.[0m
2026.05.22 17:12:14 INFO  no build target found for /Users/habibaelkamary/Desktop/College(new)/DDIA/Labs/project/Weather-Stations-Monitoring-DDIA-Project/weather-station/src/main/java/com/weather/centralstation/storage/CompactionWorker.java. Using fallback presentation compiler.[0m
2026.05.22 17:12:14 INFO  no build target found for /Users/habibaelkamary/Desktop/College(new)/DDIA/Labs/project/Weather-Stations-Monitoring-DDIA-Project/weather-station/src/main/java/com/weather/centralstation/storage/CompactionWorker.java. Using fallback presentation compiler.[0m
2026.05.22 17:12:16 INFO  no build target found for /Users/habibaelkamary/Desktop/College(new)/DDIA/Labs/project/Weather-Stations-Monitoring-DDIA-Project/weather-station/src/main/java/com/weather/centralstation/storage/CompactionWorker.java. Using fallback presentation compiler.[0m
2026.05.22 17:12:16 INFO  no build target found for /Users/habibaelkamary/Desktop/College(new)/DDIA/Labs/project/Weather-Stations-Monitoring-DDIA-Project/weather-station/src/main/java/com/weather/centralstation/storage/CompactionWorker.java. Using fallback presentation compiler.[0m
2026.05.22 17:12:16 INFO  no build target found for /Users/habibaelkamary/Desktop/College(new)/DDIA/Labs/project/Weather-Stations-Monitoring-DDIA-Project/weather-station/src/main/java/com/weather/centralstation/storage/CompactionWorker.java. Using fallback presentation compiler.[0m
2026.05.22 17:12:16 INFO  no build target found for /Users/habibaelkamary/Desktop/College(new)/DDIA/Labs/project/Weather-Stations-Monitoring-DDIA-Project/weather-station/src/main/java/com/weather/centralstation/storage/CompactionWorker.java. Using fallback presentation compiler.[0m
2026.05.22 17:12:16 INFO  no build target found for /Users/habibaelkamary/Desktop/College(new)/DDIA/Labs/project/Weather-Stations-Monitoring-DDIA-Project/weather-station/src/main/java/com/weather/centralstation/storage/CompactionWorker.java. Using fallback presentation compiler.[0m
2026.05.22 17:12:17 INFO  no build target found for /Users/habibaelkamary/Desktop/College(new)/DDIA/Labs/project/Weather-Stations-Monitoring-DDIA-Project/weather-station/src/main/java/com/weather/centralstation/storage/CompactionWorker.java. Using fallback presentation compiler.[0m
2026.05.22 17:12:17 INFO  no build target found for /Users/habibaelkamary/Desktop/College(new)/DDIA/Labs/project/Weather-Stations-Monitoring-DDIA-Project/weather-station/src/main/java/com/weather/centralstation/storage/CompactionWorker.java. Using fallback presentation compiler.[0m
2026.05.22 17:12:17 INFO  no build target found for /Users/habibaelkamary/Desktop/College(new)/DDIA/Labs/project/Weather-Stations-Monitoring-DDIA-Project/weather-station/src/main/java/com/weather/centralstation/storage/CompactionWorker.java. Using fallback presentation compiler.[0m
2026.05.22 17:12:17 INFO  no build target found for /Users/habibaelkamary/Desktop/College(new)/DDIA/Labs/project/Weather-Stations-Monitoring-DDIA-Project/weather-station/src/main/java/com/weather/centralstation/storage/CompactionWorker.java. Using fallback presentation compiler.[0m
2026.05.22 17:12:17 INFO  no build target found for /Users/habibaelkamary/Desktop/College(new)/DDIA/Labs/project/Weather-Stations-Monitoring-DDIA-Project/weather-station/src/main/java/com/weather/centralstation/storage/CompactionWorker.java. Using fallback presentation compiler.[0m
2026.05.22 17:12:20 INFO  no build target found for /Users/habibaelkamary/Desktop/College(new)/DDIA/Labs/project/Weather-Stations-Monitoring-DDIA-Project/weather-station/src/main/java/com/weather/centralstation/storage/CompactionWorker.java. Using fallback presentation compiler.[0m
2026.05.22 17:12:20 INFO  no build target found for /Users/habibaelkamary/Desktop/College(new)/DDIA/Labs/project/Weather-Stations-Monitoring-DDIA-Project/weather-station/src/main/java/com/weather/centralstation/storage/CompactionWorker.java. Using fallback presentation compiler.[0m
2026.05.22 17:12:22 INFO  no build target found for /Users/habibaelkamary/Desktop/College(new)/DDIA/Labs/project/Weather-Stations-Monitoring-DDIA-Project/weather-station/src/main/java/com/weather/centralstation/storage/CompactionWorker.java. Using fallback presentation compiler.[0m
May 22, 2026 5:12:39 PM org.eclipse.lsp4j.jsonrpc.RemoteEndpoint handleCancellation
WARNING: Unmatched cancel notification for request id 3764
2026.05.22 17:12:49 INFO  no build target found for /Users/habibaelkamary/Desktop/College(new)/DDIA/Labs/project/Weather-Stations-Monitoring-DDIA-Project/weather-station/src/main/java/com/weather/centralstation/storage/CompactionWorker.java. Using fallback presentation compiler.[0m
2026.05.22 17:12:51 INFO  no build target found for /Users/habibaelkamary/Desktop/College(new)/DDIA/Labs/project/Weather-Stations-Monitoring-DDIA-Project/weather-station/src/main/java/com/weather/centralstation/storage/CompactionWorker.java. Using fallback presentation compiler.[0m
2026.05.22 17:15:36 INFO  no build target found for /Users/habibaelkamary/Desktop/College(new)/DDIA/Labs/project/Weather-Stations-Monitoring-DDIA-Project/weather-station/src/main/java/com/weather/centralstation/storage/CompactionWorker.java. Using fallback presentation compiler.[0m
2026.05.22 17:16:55 INFO  no build target found for /Users/habibaelkamary/Desktop/College(new)/DDIA/Labs/project/Weather-Stations-Monitoring-DDIA-Project/weather-station/src/main/java/com/weather/centralstation/storage/CompactionWorker.java. Using fallback presentation compiler.[0m
2026.05.22 17:16:56 INFO  no build target found for /Users/habibaelkamary/Desktop/College(new)/DDIA/Labs/project/Weather-Stations-Monitoring-DDIA-Project/weather-station/src/main/java/com/weather/centralstation/storage/CompactionWorker.java. Using fallback presentation compiler.[0m
2026.05.22 17:16:56 INFO  no build target found for /Users/habibaelkamary/Desktop/College(new)/DDIA/Labs/project/Weather-Stations-Monitoring-DDIA-Project/weather-station/src/main/java/com/weather/centralstation/storage/CompactionWorker.java. Using fallback presentation compiler.[0m
2026.05.22 17:16:56 INFO  no build target found for /Users/habibaelkamary/Desktop/College(new)/DDIA/Labs/project/Weather-Stations-Monitoring-DDIA-Project/weather-station/src/main/java/com/weather/centralstation/storage/CompactionWorker.java. Using fallback presentation compiler.[0m
2026.05.22 17:16:56 INFO  no build target found for /Users/habibaelkamary/Desktop/College(new)/DDIA/Labs/project/Weather-Stations-Monitoring-DDIA-Project/weather-station/src/main/java/com/weather/centralstation/storage/CompactionWorker.java. Using fallback presentation compiler.[0m
2026.05.22 17:16:56 INFO  no build target found for /Users/habibaelkamary/Desktop/College(new)/DDIA/Labs/project/Weather-Stations-Monitoring-DDIA-Project/weather-station/src/main/java/com/weather/centralstation/storage/CompactionWorker.java. Using fallback presentation compiler.[0m
2026.05.22 17:16:57 INFO  no build target found for /Users/habibaelkamary/Desktop/College(new)/DDIA/Labs/project/Weather-Stations-Monitoring-DDIA-Project/weather-station/src/main/java/com/weather/centralstation/storage/CompactionWorker.java. Using fallback presentation compiler.[0m
2026.05.22 17:16:56 INFO  no build target found for /Users/habibaelkamary/Desktop/College(new)/DDIA/Labs/project/Weather-Stations-Monitoring-DDIA-Project/weather-station/src/main/java/com/weather/centralstation/storage/CompactionWorker.java. Using fallback presentation compiler.[0m
2026.05.22 17:16:57 INFO  no build target found for /Users/habibaelkamary/Desktop/College(new)/DDIA/Labs/project/Weather-Stations-Monitoring-DDIA-Project/weather-station/src/main/java/com/weather/centralstation/storage/CompactionWorker.java. Using fallback presentation compiler.[0m
2026.05.22 17:16:57 INFO  no build target found for /Users/habibaelkamary/Desktop/College(new)/DDIA/Labs/project/Weather-Stations-Monitoring-DDIA-Project/weather-station/src/main/java/com/weather/centralstation/storage/CompactionWorker.java. Using fallback presentation compiler.[0m
2026.05.22 17:16:57 INFO  no build target found for /Users/habibaelkamary/Desktop/College(new)/DDIA/Labs/project/Weather-Stations-Monitoring-DDIA-Project/weather-station/src/main/java/com/weather/centralstation/storage/CompactionWorker.java. Using fallback presentation compiler.[0m
2026.05.22 17:16:57 INFO  no build target found for /Users/habibaelkamary/Desktop/College(new)/DDIA/Labs/project/Weather-Stations-Monitoring-DDIA-Project/weather-station/src/main/java/com/weather/centralstation/storage/CompactionWorker.java. Using fallback presentation compiler.[0m
May 22, 2026 5:16:58 PM org.eclipse.lsp4j.jsonrpc.RemoteEndpoint handleCancellation
WARNING: Unmatched cancel notification for request id 3826
2026.05.22 17:17:06 WARN  no build target for: /Users/habibaelkamary/Desktop/College(new)/DDIA/Labs/project/Weather-Stations-Monitoring-DDIA-Project/weather-station/src/main/java/com/weather/centralstation/storage/CompactionWorker.java[0m
2026.05.22 17:17:06 INFO  no build target found for /Users/habibaelkamary/Desktop/College(new)/DDIA/Labs/project/Weather-Stations-Monitoring-DDIA-Project/weather-station/src/main/java/com/weather/centralstation/storage/CompactionWorker.java. Using fallback presentation compiler.[0m
2026.05.22 17:17:10 INFO  no build target found for /Users/habibaelkamary/Desktop/College(new)/DDIA/Labs/project/Weather-Stations-Monitoring-DDIA-Project/weather-station/src/main/java/com/weather/centralstation/storage/CompactionWorker.java. Using fallback presentation compiler.[0m
2026.05.22 17:17:11 INFO  no build target found for /Users/habibaelkamary/Desktop/College(new)/DDIA/Labs/project/Weather-Stations-Monitoring-DDIA-Project/weather-station/src/main/java/com/weather/centralstation/storage/CompactionWorker.java. Using fallback presentation compiler.[0m
2026.05.22 17:17:11 INFO  no build target found for /Users/habibaelkamary/Desktop/College(new)/DDIA/Labs/project/Weather-Stations-Monitoring-DDIA-Project/weather-station/src/main/java/com/weather/centralstation/storage/CompactionWorker.java. Using fallback presentation compiler.[0m
2026.05.22 17:17:21 INFO  no build target found for /Users/habibaelkamary/Desktop/College(new)/DDIA/Labs/project/Weather-Stations-Monitoring-DDIA-Project/weather-station/src/main/java/com/weather/centralstation/storage/CompactionWorker.java. Using fallback presentation compiler.[0m
2026.05.22 17:17:21 INFO  no build target found for /Users/habibaelkamary/Desktop/College(new)/DDIA/Labs/project/Weather-Stations-Monitoring-DDIA-Project/weather-station/src/main/java/com/weather/centralstation/storage/CompactionWorker.java. Using fallback presentation compiler.[0m
2026.05.22 17:17:21 INFO  no build target found for /Users/habibaelkamary/Desktop/College(new)/DDIA/Labs/project/Weather-Stations-Monitoring-DDIA-Project/weather-station/src/main/java/com/weather/centralstation/storage/CompactionWorker.java. Using fallback presentation compiler.[0m
2026.05.22 17:17:24 INFO  no build target found for /Users/habibaelkamary/Desktop/College(new)/DDIA/Labs/project/Weather-Stations-Monitoring-DDIA-Project/weather-station/src/main/java/com/weather/centralstation/storage/CompactionWorker.java. Using fallback presentation compiler.[0m
2026.05.22 17:17:24 INFO  no build target found for /Users/habibaelkamary/Desktop/College(new)/DDIA/Labs/project/Weather-Stations-Monitoring-DDIA-Project/weather-station/src/main/java/com/weather/centralstation/storage/CompactionWorker.java. Using fallback presentation compiler.[0m
2026.05.22 17:17:24 INFO  no build target found for /Users/habibaelkamary/Desktop/College(new)/DDIA/Labs/project/Weather-Stations-Monitoring-DDIA-Project/weather-station/src/main/java/com/weather/centralstation/storage/CompactionWorker.java. Using fallback presentation compiler.[0m
2026.05.22 17:17:25 INFO  no build target found for /Users/habibaelkamary/Desktop/College(new)/DDIA/Labs/project/Weather-Stations-Monitoring-DDIA-Project/weather-station/src/main/java/com/weather/centralstation/storage/CompactionWorker.java. Using fallback presentation compiler.[0m
2026.05.22 17:17:25 INFO  no build target found for /Users/habibaelkamary/Desktop/College(new)/DDIA/Labs/project/Weather-Stations-Monitoring-DDIA-Project/weather-station/src/main/java/com/weather/centralstation/storage/CompactionWorker.java. Using fallback presentation compiler.[0m
2026.05.22 17:17:25 INFO  no build target found for /Users/habibaelkamary/Desktop/College(new)/DDIA/Labs/project/Weather-Stations-Monitoring-DDIA-Project/weather-station/src/main/java/com/weather/centralstation/storage/CompactionWorker.java. Using fallback presentation compiler.[0m
2026.05.22 17:17:25 INFO  no build target found for /Users/habibaelkamary/Desktop/College(new)/DDIA/Labs/project/Weather-Stations-Monitoring-DDIA-Project/weather-station/src/main/java/com/weather/centralstation/storage/CompactionWorker.java. Using fallback presentation compiler.[0m
2026.05.22 17:17:25 INFO  no build target found for /Users/habibaelkamary/Desktop/College(new)/DDIA/Labs/project/Weather-Stations-Monitoring-DDIA-Project/weather-station/src/main/java/com/weather/centralstation/storage/CompactionWorker.java. Using fallback presentation compiler.[0m
2026.05.22 17:17:25 INFO  no build target found for /Users/habibaelkamary/Desktop/College(new)/DDIA/Labs/project/Weather-Stations-Monitoring-DDIA-Project/weather-station/src/main/java/com/weather/centralstation/storage/CompactionWorker.java. Using fallback presentation compiler.[0m
2026.05.22 17:17:27 INFO  no build target found for /Users/habibaelkamary/Desktop/College(new)/DDIA/Labs/project/Weather-Stations-Monitoring-DDIA-Project/weather-station/src/main/java/com/weather/centralstation/storage/CompactionWorker.java. Using fallback presentation compiler.[0m
2026.05.22 17:17:27 INFO  no build target found for /Users/habibaelkamary/Desktop/College(new)/DDIA/Labs/project/Weather-Stations-Monitoring-DDIA-Project/weather-station/src/main/java/com/weather/centralstation/storage/CompactionWorker.java. Using fallback presentation compiler.[0m
2026.05.22 17:17:27 INFO  no build target found for /Users/habibaelkamary/Desktop/College(new)/DDIA/Labs/project/Weather-Stations-Monitoring-DDIA-Project/weather-station/src/main/java/com/weather/centralstation/storage/CompactionWorker.java. Using fallback presentation compiler.[0m
2026.05.22 17:17:29 INFO  no build target found for /Users/habibaelkamary/Desktop/College(new)/DDIA/Labs/project/Weather-Stations-Monitoring-DDIA-Project/weather-station/src/main/java/com/weather/centralstation/storage/CompactionWorker.java. Using fallback presentation compiler.[0m
2026.05.22 17:17:29 INFO  no build target found for /Users/habibaelkamary/Desktop/College(new)/DDIA/Labs/project/Weather-Stations-Monitoring-DDIA-Project/weather-station/src/main/java/com/weather/centralstation/storage/CompactionWorker.java. Using fallback presentation compiler.[0m
2026.05.22 17:17:29 INFO  no build target found for /Users/habibaelkamary/Desktop/College(new)/DDIA/Labs/project/Weather-Stations-Monitoring-DDIA-Project/weather-station/src/main/java/com/weather/centralstation/storage/CompactionWorker.java. Using fallback presentation compiler.[0m
2026.05.22 17:17:29 INFO  no build target found for /Users/habibaelkamary/Desktop/College(new)/DDIA/Labs/project/Weather-Stations-Monitoring-DDIA-Project/weather-station/src/main/java/com/weather/centralstation/storage/CompactionWorker.java. Using fallback presentation compiler.[0m
2026.05.22 17:17:33 INFO  no build target found for /Users/habibaelkamary/Desktop/College(new)/DDIA/Labs/project/Weather-Stations-Monitoring-DDIA-Project/weather-station/src/main/java/com/weather/centralstation/storage/CompactionWorker.java. Using fallback presentation compiler.[0m
2026.05.22 17:17:43 WARN  no build target for: /Users/habibaelkamary/Desktop/College(new)/DDIA/Labs/project/Weather-Stations-Monitoring-DDIA-Project/weather-station/src/main/java/com/weather/centralstation/storage/CompactionWorker.java[0m
2026.05.22 17:17:43 INFO  no build target found for /Users/habibaelkamary/Desktop/College(new)/DDIA/Labs/project/Weather-Stations-Monitoring-DDIA-Project/weather-station/src/main/java/com/weather/centralstation/storage/CompactionWorker.java. Using fallback presentation compiler.[0m
2026.05.22 17:17:52 INFO  no build target found for /Users/habibaelkamary/Desktop/College(new)/DDIA/Labs/project/Weather-Stations-Monitoring-DDIA-Project/weather-station/src/main/java/com/weather/centralstation/storage/CompactionWorker.java. Using fallback presentation compiler.[0m
May 22, 2026 5:18:01 PM org.eclipse.lsp4j.jsonrpc.RemoteEndpoint handleCancellation
WARNING: Unmatched cancel notification for request id 3940
2026.05.22 17:18:04 INFO  no build target found for /Users/habibaelkamary/Desktop/College(new)/DDIA/Labs/project/Weather-Stations-Monitoring-DDIA-Project/weather-station/src/main/java/com/weather/centralstation/storage/CompactionWorker.java. Using fallback presentation compiler.[0m
2026.05.22 17:18:16 INFO  no build target found for /Users/habibaelkamary/Desktop/College(new)/DDIA/Labs/project/Weather-Stations-Monitoring-DDIA-Project/weather-station/src/main/java/com/weather/centralstation/storage/CompactionWorker.java. Using fallback presentation compiler.[0m
2026.05.22 17:19:00 INFO  no build target found for /Users/habibaelkamary/Desktop/College(new)/DDIA/Labs/project/Weather-Stations-Monitoring-DDIA-Project/weather-station/src/main/java/com/weather/centralstation/storage/CompactionWorker.java. Using fallback presentation compiler.[0m
May 22, 2026 5:21:02 PM org.eclipse.lsp4j.jsonrpc.RemoteEndpoint handleCancellation
WARNING: Unmatched cancel notification for request id 3984
2026.05.22 17:21:09 INFO  no build target found for /Users/habibaelkamary/Desktop/College(new)/DDIA/Labs/project/Weather-Stations-Monitoring-DDIA-Project/weather-station/src/main/java/com/weather/centralstation/storage/CompactionWorker.java. Using fallback presentation compiler.[0m
2026.05.22 17:21:09 INFO  no build target found for /Users/habibaelkamary/Desktop/College(new)/DDIA/Labs/project/Weather-Stations-Monitoring-DDIA-Project/weather-station/src/main/java/com/weather/centralstation/storage/CompactionWorker.java. Using fallback presentation compiler.[0m
2026.05.22 17:21:10 INFO  no build target found for /Users/habibaelkamary/Desktop/College(new)/DDIA/Labs/project/Weather-Stations-Monitoring-DDIA-Project/weather-station/src/main/java/com/weather/centralstation/storage/CompactionWorker.java. Using fallback presentation compiler.[0m
2026.05.22 17:21:11 INFO  no build target found for /Users/habibaelkamary/Desktop/College(new)/DDIA/Labs/project/Weather-Stations-Monitoring-DDIA-Project/weather-station/src/main/java/com/weather/centralstation/storage/CompactionWorker.java. Using fallback presentation compiler.[0m
2026.05.22 17:21:21 INFO  no build target found for /Users/habibaelkamary/Desktop/College(new)/DDIA/Labs/project/Weather-Stations-Monitoring-DDIA-Project/weather-station/src/main/java/com/weather/centralstation/storage/CompactionWorker.java. Using fallback presentation compiler.[0m
2026.05.22 17:21:21 INFO  no build target found for /Users/habibaelkamary/Desktop/College(new)/DDIA/Labs/project/Weather-Stations-Monitoring-DDIA-Project/weather-station/src/main/java/com/weather/centralstation/storage/CompactionWorker.java. Using fallback presentation compiler.[0m
2026.05.22 17:21:22 INFO  no build target found for /Users/habibaelkamary/Desktop/College(new)/DDIA/Labs/project/Weather-Stations-Monitoring-DDIA-Project/weather-station/src/main/java/com/weather/centralstation/storage/CompactionWorker.java. Using fallback presentation compiler.[0m
2026.05.22 17:21:22 INFO  no build target found for /Users/habibaelkamary/Desktop/College(new)/DDIA/Labs/project/Weather-Stations-Monitoring-DDIA-Project/weather-station/src/main/java/com/weather/centralstation/storage/CompactionWorker.java. Using fallback presentation compiler.[0m
2026.05.22 17:21:22 INFO  no build target found for /Users/habibaelkamary/Desktop/College(new)/DDIA/Labs/project/Weather-Stations-Monitoring-DDIA-Project/weather-station/src/main/java/com/weather/centralstation/storage/CompactionWorker.java. Using fallback presentation compiler.[0m
2026.05.22 17:21:22 INFO  no build target found for /Users/habibaelkamary/Desktop/College(new)/DDIA/Labs/project/Weather-Stations-Monitoring-DDIA-Project/weather-station/src/main/java/com/weather/centralstation/storage/CompactionWorker.java. Using fallback presentation compiler.[0m
2026.05.22 17:21:56 INFO  no build target found for /Users/habibaelkamary/Desktop/College(new)/DDIA/Labs/project/Weather-Stations-Monitoring-DDIA-Project/weather-station/src/main/java/com/weather/centralstation/storage/CompactionWorker.java. Using fallback presentation compiler.[0m
2026.05.22 17:21:56 INFO  no build target found for /Users/habibaelkamary/Desktop/College(new)/DDIA/Labs/project/Weather-Stations-Monitoring-DDIA-Project/weather-station/src/main/java/com/weather/centralstation/storage/CompactionWorker.java. Using fallback presentation compiler.[0m
2026.05.22 17:21:56 WARN  no build target for: /Users/habibaelkamary/Desktop/College(new)/DDIA/Labs/project/Weather-Stations-Monitoring-DDIA-Project/weather-station/src/main/java/com/weather/centralstation/storage/CompactionWorker.java[0m
2026.05.22 17:21:56 INFO  no build target found for /Users/habibaelkamary/Desktop/College(new)/DDIA/Labs/project/Weather-Stations-Monitoring-DDIA-Project/weather-station/src/main/java/com/weather/centralstation/storage/CompactionWorker.java. Using fallback presentation compiler.[0m
2026.05.22 17:22:36 INFO  no build target found for /Users/habibaelkamary/Desktop/College(new)/DDIA/Labs/project/Weather-Stations-Monitoring-DDIA-Project/weather-station/src/main/java/com/weather/centralstation/storage/BitCaskStore.java. Using fallback presentation compiler.[0m
May 22, 2026 5:22:36 PM org.eclipse.lsp4j.jsonrpc.RemoteEndpoint handleCancellation
WARNING: Unmatched cancel notification for request id 4075
2026.05.22 17:22:36 INFO  no build target found for /Users/habibaelkamary/Desktop/College(new)/DDIA/Labs/project/Weather-Stations-Monitoring-DDIA-Project/weather-station/src/main/java/com/weather/centralstation/storage/BitCaskStore.java. Using fallback presentation compiler.[0m
2026.05.22 17:22:36 INFO  no build target found for /Users/habibaelkamary/Desktop/College(new)/DDIA/Labs/project/Weather-Stations-Monitoring-DDIA-Project/weather-station/src/main/java/com/weather/centralstation/storage/BitCaskStore.java. Using fallback presentation compiler.[0m
May 22, 2026 5:22:36 PM org.eclipse.lsp4j.jsonrpc.RemoteEndpoint handleCancellation
WARNING: Unmatched cancel notification for request id 4077
2026.05.22 17:22:36 INFO  no build target found for /Users/habibaelkamary/Desktop/College(new)/DDIA/Labs/project/Weather-Stations-Monitoring-DDIA-Project/weather-station/src/main/java/com/weather/centralstation/storage/BitCaskStore.java. Using fallback presentation compiler.[0m
2026.05.22 17:22:36 WARN  no build target for: /Users/habibaelkamary/Desktop/College(new)/DDIA/Labs/project/Weather-Stations-Monitoring-DDIA-Project/weather-station/src/main/java/com/weather/centralstation/storage/BitCaskStore.java[0m
2026.05.22 17:22:36 INFO  no build target found for /Users/habibaelkamary/Desktop/College(new)/DDIA/Labs/project/Weather-Stations-Monitoring-DDIA-Project/weather-station/src/main/java/com/weather/centralstation/storage/BitCaskStore.java. Using fallback presentation compiler.[0m
2026.05.22 17:22:39 INFO  no build target found for /Users/habibaelkamary/Desktop/College(new)/DDIA/Labs/project/Weather-Stations-Monitoring-DDIA-Project/weather-station/src/main/java/com/weather/centralstation/CentralStation.java. Using fallback presentation compiler.[0m
May 22, 2026 5:22:40 PM org.eclipse.lsp4j.jsonrpc.RemoteEndpoint handleCancellation
WARNING: Unmatched cancel notification for request id 4084
2026.05.22 17:22:39 INFO  no build target found for /Users/habibaelkamary/Desktop/College(new)/DDIA/Labs/project/Weather-Stations-Monitoring-DDIA-Project/weather-station/src/main/java/com/weather/centralstation/CentralStation.java. Using fallback presentation compiler.[0m
2026.05.22 17:22:39 INFO  no build target found for /Users/habibaelkamary/Desktop/College(new)/DDIA/Labs/project/Weather-Stations-Monitoring-DDIA-Project/weather-station/src/main/java/com/weather/centralstation/CentralStation.java. Using fallback presentation compiler.[0m
2026.05.22 17:22:40 WARN  no build target for: /Users/habibaelkamary/Desktop/College(new)/DDIA/Labs/project/Weather-Stations-Monitoring-DDIA-Project/weather-station/src/main/java/com/weather/centralstation/CentralStation.java[0m
May 22, 2026 5:22:40 PM org.eclipse.lsp4j.jsonrpc.RemoteEndpoint handleCancellation
WARNING: Unmatched cancel notification for request id 4086
2026.05.22 17:22:39 INFO  no build target found for /Users/habibaelkamary/Desktop/College(new)/DDIA/Labs/project/Weather-Stations-Monitoring-DDIA-Project/weather-station/src/main/java/com/weather/centralstation/CentralStation.java. Using fallback presentation compiler.[0m
2026.05.22 17:22:40 INFO  no build target found for /Users/habibaelkamary/Desktop/College(new)/DDIA/Labs/project/Weather-Stations-Monitoring-DDIA-Project/weather-station/src/main/java/com/weather/centralstation/CentralStation.java. Using fallback presentation compiler.[0m
2026.05.22 17:22:39 INFO  no build target found for /Users/habibaelkamary/Desktop/College(new)/DDIA/Labs/project/Weather-Stations-Monitoring-DDIA-Project/weather-station/src/main/java/com/weather/centralstation/CentralStation.java. Using fallback presentation compiler.[0m
2026.05.22 17:22:39 INFO  no build target found for /Users/habibaelkamary/Desktop/College(new)/DDIA/Labs/project/Weather-Stations-Monitoring-DDIA-Project/weather-station/src/main/java/com/weather/centralstation/CentralStation.java. Using fallback presentation compiler.[0m
May 22, 2026 5:22:40 PM org.eclipse.lsp4j.jsonrpc.RemoteEndpoint handleCancellation
WARNING: Unmatched cancel notification for request id 4088
2026.05.22 17:22:40 INFO  no build target found for /Users/habibaelkamary/Desktop/College(new)/DDIA/Labs/project/Weather-Stations-Monitoring-DDIA-Project/weather-station/src/main/java/com/weather/centralstation/CentralStation.java. Using fallback presentation compiler.[0m
2026.05.22 17:24:06 INFO  no build target found for /Users/habibaelkamary/Desktop/College(new)/DDIA/Labs/project/Weather-Stations-Monitoring-DDIA-Project/weather-station/src/main/java/com/weather/centralstation/storage/CompactionWorker.java. Using fallback presentation compiler.[0m
May 22, 2026 5:24:06 PM org.eclipse.lsp4j.jsonrpc.RemoteEndpoint handleCancellation
WARNING: Unmatched cancel notification for request id 4123
2026.05.22 17:24:06 INFO  no build target found for /Users/habibaelkamary/Desktop/College(new)/DDIA/Labs/project/Weather-Stations-Monitoring-DDIA-Project/weather-station/src/main/java/com/weather/centralstation/storage/CompactionWorker.java. Using fallback presentation compiler.[0m
2026.05.22 17:24:06 INFO  no build target found for /Users/habibaelkamary/Desktop/College(new)/DDIA/Labs/project/Weather-Stations-Monitoring-DDIA-Project/weather-station/src/main/java/com/weather/centralstation/storage/CompactionWorker.java. Using fallback presentation compiler.[0m
May 22, 2026 5:24:06 PM org.eclipse.lsp4j.jsonrpc.RemoteEndpoint handleCancellation
WARNING: Unmatched cancel notification for request id 4125
2026.05.22 17:24:06 INFO  no build target found for /Users/habibaelkamary/Desktop/College(new)/DDIA/Labs/project/Weather-Stations-Monitoring-DDIA-Project/weather-station/src/main/java/com/weather/centralstation/storage/CompactionWorker.java. Using fallback presentation compiler.[0m
2026.05.22 17:24:06 INFO  no build target found for /Users/habibaelkamary/Desktop/College(new)/DDIA/Labs/project/Weather-Stations-Monitoring-DDIA-Project/weather-station/src/main/java/com/weather/centralstation/storage/CompactionWorker.java. Using fallback presentation compiler.[0m
2026.05.22 17:24:06 WARN  no build target for: /Users/habibaelkamary/Desktop/College(new)/DDIA/Labs/project/Weather-Stations-Monitoring-DDIA-Project/weather-station/src/main/java/com/weather/centralstation/storage/CompactionWorker.java[0m
2026.05.22 17:24:06 INFO  no build target found for /Users/habibaelkamary/Desktop/College(new)/DDIA/Labs/project/Weather-Stations-Monitoring-DDIA-Project/weather-station/src/main/java/com/weather/centralstation/storage/CompactionWorker.java. Using fallback presentation compiler.[0m
2026.05.22 17:25:22 INFO  no build target found for /Users/habibaelkamary/Desktop/College(new)/DDIA/Labs/project/Weather-Stations-Monitoring-DDIA-Project/weather-station/src/main/java/com/weather/centralstation/storage/CompactionWorker.java. Using fallback presentation compiler.[0m
2026.05.22 17:25:28 INFO  no build target found for /Users/habibaelkamary/Desktop/College(new)/DDIA/Labs/project/Weather-Stations-Monitoring-DDIA-Project/weather-station/src/main/java/com/weather/centralstation/storage/SegmentManager.java. Using fallback presentation compiler.[0m
May 22, 2026 5:25:28 PM org.eclipse.lsp4j.jsonrpc.RemoteEndpoint handleCancellation
WARNING: Unmatched cancel notification for request id 4134
2026.05.22 17:25:28 INFO  no build target found for /Users/habibaelkamary/Desktop/College(new)/DDIA/Labs/project/Weather-Stations-Monitoring-DDIA-Project/weather-station/src/main/java/com/weather/centralstation/storage/SegmentManager.java. Using fallback presentation compiler.[0m
2026.05.22 17:25:28 WARN  no build target for: /Users/habibaelkamary/Desktop/College(new)/DDIA/Labs/project/Weather-Stations-Monitoring-DDIA-Project/weather-station/src/main/java/com/weather/centralstation/storage/SegmentManager.java[0m
2026.05.22 17:25:28 INFO  no build target found for /Users/habibaelkamary/Desktop/College(new)/DDIA/Labs/project/Weather-Stations-Monitoring-DDIA-Project/weather-station/src/main/java/com/weather/centralstation/storage/SegmentManager.java. Using fallback presentation compiler.[0m
2026.05.22 17:25:28 INFO  no build target found for /Users/habibaelkamary/Desktop/College(new)/DDIA/Labs/project/Weather-Stations-Monitoring-DDIA-Project/weather-station/src/main/java/com/weather/centralstation/storage/SegmentManager.java. Using fallback presentation compiler.[0m
2026.05.22 17:27:00 INFO  no build target found for /Users/habibaelkamary/Desktop/College(new)/DDIA/Labs/project/Weather-Stations-Monitoring-DDIA-Project/weather-station/src/main/java/com/weather/centralstation/storage/BitCaskStore.java. Using fallback presentation compiler.[0m
May 22, 2026 5:27:00 PM org.eclipse.lsp4j.jsonrpc.RemoteEndpoint handleCancellation
WARNING: Unmatched cancel notification for request id 4155
2026.05.22 17:27:00 INFO  no build target found for /Users/habibaelkamary/Desktop/College(new)/DDIA/Labs/project/Weather-Stations-Monitoring-DDIA-Project/weather-station/src/main/java/com/weather/centralstation/storage/BitCaskStore.java. Using fallback presentation compiler.[0m
2026.05.22 17:27:00 INFO  no build target found for /Users/habibaelkamary/Desktop/College(new)/DDIA/Labs/project/Weather-Stations-Monitoring-DDIA-Project/weather-station/src/main/java/com/weather/centralstation/storage/BitCaskStore.java. Using fallback presentation compiler.[0m
May 22, 2026 5:27:00 PM org.eclipse.lsp4j.jsonrpc.RemoteEndpoint handleCancellation
WARNING: Unmatched cancel notification for request id 4156
2026.05.22 17:27:00 INFO  no build target found for /Users/habibaelkamary/Desktop/College(new)/DDIA/Labs/project/Weather-Stations-Monitoring-DDIA-Project/weather-station/src/main/java/com/weather/centralstation/storage/BitCaskStore.java. Using fallback presentation compiler.[0m
2026.05.22 17:27:00 WARN  no build target for: /Users/habibaelkamary/Desktop/College(new)/DDIA/Labs/project/Weather-Stations-Monitoring-DDIA-Project/weather-station/src/main/java/com/weather/centralstation/storage/BitCaskStore.java[0m
2026.05.22 17:27:00 INFO  no build target found for /Users/habibaelkamary/Desktop/College(new)/DDIA/Labs/project/Weather-Stations-Monitoring-DDIA-Project/weather-station/src/main/java/com/weather/centralstation/storage/BitCaskStore.java. Using fallback presentation compiler.[0m
2026.05.22 17:27:01 INFO  no build target found for /Users/habibaelkamary/Desktop/College(new)/DDIA/Labs/project/Weather-Stations-Monitoring-DDIA-Project/weather-station/src/main/java/com/weather/centralstation/storage/BitCaskStore.java. Using fallback presentation compiler.[0m
2026.05.22 17:27:02 INFO  no build target found for /Users/habibaelkamary/Desktop/College(new)/DDIA/Labs/project/Weather-Stations-Monitoring-DDIA-Project/weather-station/src/main/java/com/weather/centralstation/storage/BitCaskStore.java. Using fallback presentation compiler.[0m
2026.05.22 17:28:20 INFO  no build target found for /Users/habibaelkamary/Desktop/College(new)/DDIA/Labs/project/Weather-Stations-Monitoring-DDIA-Project/weather-station/src/main/java/com/weather/centralstation/storage/CompactionWorker.java. Using fallback presentation compiler.[0m
May 22, 2026 5:28:20 PM org.eclipse.lsp4j.jsonrpc.RemoteEndpoint handleCancellation
WARNING: Unmatched cancel notification for request id 4171
2026.05.22 17:28:20 INFO  no build target found for /Users/habibaelkamary/Desktop/College(new)/DDIA/Labs/project/Weather-Stations-Monitoring-DDIA-Project/weather-station/src/main/java/com/weather/centralstation/storage/CompactionWorker.java. Using fallback presentation compiler.[0m
2026.05.22 17:28:20 INFO  no build target found for /Users/habibaelkamary/Desktop/College(new)/DDIA/Labs/project/Weather-Stations-Monitoring-DDIA-Project/weather-station/src/main/java/com/weather/centralstation/storage/CompactionWorker.java. Using fallback presentation compiler.[0m
May 22, 2026 5:28:20 PM org.eclipse.lsp4j.jsonrpc.RemoteEndpoint handleCancellation
WARNING: Unmatched cancel notification for request id 4172
2026.05.22 17:28:20 INFO  no build target found for /Users/habibaelkamary/Desktop/College(new)/DDIA/Labs/project/Weather-Stations-Monitoring-DDIA-Project/weather-station/src/main/java/com/weather/centralstation/storage/CompactionWorker.java. Using fallback presentation compiler.[0m
2026.05.22 17:28:20 INFO  no build target found for /Users/habibaelkamary/Desktop/College(new)/DDIA/Labs/project/Weather-Stations-Monitoring-DDIA-Project/weather-station/src/main/java/com/weather/centralstation/storage/CompactionWorker.java. Using fallback presentation compiler.[0m
2026.05.22 17:28:20 WARN  no build target for: /Users/habibaelkamary/Desktop/College(new)/DDIA/Labs/project/Weather-Stations-Monitoring-DDIA-Project/weather-station/src/main/java/com/weather/centralstation/storage/CompactionWorker.java[0m
2026.05.22 17:28:20 INFO  no build target found for /Users/habibaelkamary/Desktop/College(new)/DDIA/Labs/project/Weather-Stations-Monitoring-DDIA-Project/weather-station/src/main/java/com/weather/centralstation/storage/CompactionWorker.java. Using fallback presentation compiler.[0m
2026.05.22 17:28:24 INFO  no build target found for /Users/habibaelkamary/Desktop/College(new)/DDIA/Labs/project/Weather-Stations-Monitoring-DDIA-Project/weather-station/src/main/java/com/weather/centralstation/storage/CompactionWorker.java. Using fallback presentation compiler.[0m
2026.05.22 17:28:59 INFO  no build target found for /Users/habibaelkamary/Desktop/College(new)/DDIA/Labs/project/Weather-Stations-Monitoring-DDIA-Project/weather-station/src/main/java/com/weather/centralstation/storage/CompactionWorker.java. Using fallback presentation compiler.[0m
2026.05.22 17:28:59 INFO  no build target found for /Users/habibaelkamary/Desktop/College(new)/DDIA/Labs/project/Weather-Stations-Monitoring-DDIA-Project/weather-station/src/main/java/com/weather/centralstation/storage/CompactionWorker.java. Using fallback presentation compiler.[0m
2026.05.22 17:28:59 INFO  no build target found for /Users/habibaelkamary/Desktop/College(new)/DDIA/Labs/project/Weather-Stations-Monitoring-DDIA-Project/weather-station/src/main/java/com/weather/centralstation/storage/CompactionWorker.java. Using fallback presentation compiler.[0m
2026.05.22 17:29:00 INFO  no build target found for /Users/habibaelkamary/Desktop/College(new)/DDIA/Labs/project/Weather-Stations-Monitoring-DDIA-Project/weather-station/src/main/java/com/weather/centralstation/storage/CompactionWorker.java. Using fallback presentation compiler.[0m
2026.05.22 17:29:00 INFO  no build target found for /Users/habibaelkamary/Desktop/College(new)/DDIA/Labs/project/Weather-Stations-Monitoring-DDIA-Project/weather-station/src/main/java/com/weather/centralstation/storage/CompactionWorker.java. Using fallback presentation compiler.[0m
2026.05.22 17:29:00 INFO  no build target found for /Users/habibaelkamary/Desktop/College(new)/DDIA/Labs/project/Weather-Stations-Monitoring-DDIA-Project/weather-station/src/main/java/com/weather/centralstation/storage/CompactionWorker.java. Using fallback presentation compiler.[0m
2026.05.22 17:29:01 INFO  no build target found for /Users/habibaelkamary/Desktop/College(new)/DDIA/Labs/project/Weather-Stations-Monitoring-DDIA-Project/weather-station/src/main/java/com/weather/centralstation/storage/CompactionWorker.java. Using fallback presentation compiler.[0m
2026.05.22 17:29:01 INFO  no build target found for /Users/habibaelkamary/Desktop/College(new)/DDIA/Labs/project/Weather-Stations-Monitoring-DDIA-Project/weather-station/src/main/java/com/weather/centralstation/storage/CompactionWorker.java. Using fallback presentation compiler.[0m
2026.05.22 17:29:01 INFO  no build target found for /Users/habibaelkamary/Desktop/College(new)/DDIA/Labs/project/Weather-Stations-Monitoring-DDIA-Project/weather-station/src/main/java/com/weather/centralstation/storage/CompactionWorker.java. Using fallback presentation compiler.[0m
2026.05.22 17:29:01 INFO  no build target found for /Users/habibaelkamary/Desktop/College(new)/DDIA/Labs/project/Weather-Stations-Monitoring-DDIA-Project/weather-station/src/main/java/com/weather/centralstation/storage/CompactionWorker.java. Using fallback presentation compiler.[0m
2026.05.22 17:29:01 INFO  no build target found for /Users/habibaelkamary/Desktop/College(new)/DDIA/Labs/project/Weather-Stations-Monitoring-DDIA-Project/weather-station/src/main/java/com/weather/centralstation/storage/CompactionWorker.java. Using fallback presentation compiler.[0m
2026.05.22 17:29:01 INFO  no build target found for /Users/habibaelkamary/Desktop/College(new)/DDIA/Labs/project/Weather-Stations-Monitoring-DDIA-Project/weather-station/src/main/java/com/weather/centralstation/storage/CompactionWorker.java. Using fallback presentation compiler.[0m
2026.05.22 17:29:01 INFO  no build target found for /Users/habibaelkamary/Desktop/College(new)/DDIA/Labs/project/Weather-Stations-Monitoring-DDIA-Project/weather-station/src/main/java/com/weather/centralstation/storage/CompactionWorker.java. Using fallback presentation compiler.[0m
2026.05.22 17:29:01 INFO  no build target found for /Users/habibaelkamary/Desktop/College(new)/DDIA/Labs/project/Weather-Stations-Monitoring-DDIA-Project/weather-station/src/main/java/com/weather/centralstation/storage/CompactionWorker.java. Using fallback presentation compiler.[0m
2026.05.22 17:29:02 INFO  no build target found for /Users/habibaelkamary/Desktop/College(new)/DDIA/Labs/project/Weather-Stations-Monitoring-DDIA-Project/weather-station/src/main/java/com/weather/centralstation/storage/CompactionWorker.java. Using fallback presentation compiler.[0m
2026.05.22 17:29:02 INFO  no build target found for /Users/habibaelkamary/Desktop/College(new)/DDIA/Labs/project/Weather-Stations-Monitoring-DDIA-Project/weather-station/src/main/java/com/weather/centralstation/storage/CompactionWorker.java. Using fallback presentation compiler.[0m
2026.05.22 17:29:02 INFO  no build target found for /Users/habibaelkamary/Desktop/College(new)/DDIA/Labs/project/Weather-Stations-Monitoring-DDIA-Project/weather-station/src/main/java/com/weather/centralstation/storage/CompactionWorker.java. Using fallback presentation compiler.[0m
2026.05.22 17:29:17 INFO  no build target found for /Users/habibaelkamary/Desktop/College(new)/DDIA/Labs/project/Weather-Stations-Monitoring-DDIA-Project/weather-station/src/main/java/com/weather/centralstation/storage/CompactionWorker.java. Using fallback presentation compiler.[0m
2026.05.22 17:29:18 WARN  no build target for: /Users/habibaelkamary/Desktop/College(new)/DDIA/Labs/project/Weather-Stations-Monitoring-DDIA-Project/weather-station/src/main/java/com/weather/centralstation/storage/CompactionWorker.java[0m
2026.05.22 17:29:18 INFO  no build target found for /Users/habibaelkamary/Desktop/College(new)/DDIA/Labs/project/Weather-Stations-Monitoring-DDIA-Project/weather-station/src/main/java/com/weather/centralstation/storage/CompactionWorker.java. Using fallback presentation compiler.[0m
2026.05.22 17:29:18 INFO  no build target found for /Users/habibaelkamary/Desktop/College(new)/DDIA/Labs/project/Weather-Stations-Monitoring-DDIA-Project/weather-station/src/main/java/com/weather/centralstation/storage/CompactionWorker.java. Using fallback presentation compiler.[0m
2026.05.22 17:29:18 INFO  no build target found for /Users/habibaelkamary/Desktop/College(new)/DDIA/Labs/project/Weather-Stations-Monitoring-DDIA-Project/weather-station/src/main/java/com/weather/centralstation/storage/CompactionWorker.java. Using fallback presentation compiler.[0m
2026.05.22 17:29:18 INFO  no build target found for /Users/habibaelkamary/Desktop/College(new)/DDIA/Labs/project/Weather-Stations-Monitoring-DDIA-Project/weather-station/src/main/java/com/weather/centralstation/storage/CompactionWorker.java. Using fallback presentation compiler.[0m
2026.05.22 17:29:18 INFO  no build target found for /Users/habibaelkamary/Desktop/College(new)/DDIA/Labs/project/Weather-Stations-Monitoring-DDIA-Project/weather-station/src/main/java/com/weather/centralstation/storage/CompactionWorker.java. Using fallback presentation compiler.[0m
2026.05.22 17:29:18 INFO  no build target found for /Users/habibaelkamary/Desktop/College(new)/DDIA/Labs/project/Weather-Stations-Monitoring-DDIA-Project/weather-station/src/main/java/com/weather/centralstation/storage/CompactionWorker.java. Using fallback presentation compiler.[0m
2026.05.22 17:29:18 INFO  no build target found for /Users/habibaelkamary/Desktop/College(new)/DDIA/Labs/project/Weather-Stations-Monitoring-DDIA-Project/weather-station/src/main/java/com/weather/centralstation/storage/CompactionWorker.java. Using fallback presentation compiler.[0m
2026.05.22 17:29:19 INFO  no build target found for /Users/habibaelkamary/Desktop/College(new)/DDIA/Labs/project/Weather-Stations-Monitoring-DDIA-Project/weather-station/src/main/java/com/weather/centralstation/storage/CompactionWorker.java. Using fallback presentation compiler.[0m
2026.05.22 17:29:19 INFO  no build target found for /Users/habibaelkamary/Desktop/College(new)/DDIA/Labs/project/Weather-Stations-Monitoring-DDIA-Project/weather-station/src/main/java/com/weather/centralstation/storage/CompactionWorker.java. Using fallback presentation compiler.[0m
2026.05.22 17:29:20 INFO  no build target found for /Users/habibaelkamary/Desktop/College(new)/DDIA/Labs/project/Weather-Stations-Monitoring-DDIA-Project/weather-station/src/main/java/com/weather/centralstation/storage/CompactionWorker.java. Using fallback presentation compiler.[0m
2026.05.22 17:29:19 INFO  no build target found for /Users/habibaelkamary/Desktop/College(new)/DDIA/Labs/project/Weather-Stations-Monitoring-DDIA-Project/weather-station/src/main/java/com/weather/centralstation/storage/CompactionWorker.java. Using fallback presentation compiler.[0m
2026.05.22 17:29:19 INFO  no build target found for /Users/habibaelkamary/Desktop/College(new)/DDIA/Labs/project/Weather-Stations-Monitoring-DDIA-Project/weather-station/src/main/java/com/weather/centralstation/storage/CompactionWorker.java. Using fallback presentation compiler.[0m
2026.05.22 17:29:20 INFO  no build target found for /Users/habibaelkamary/Desktop/College(new)/DDIA/Labs/project/Weather-Stations-Monitoring-DDIA-Project/weather-station/src/main/java/com/weather/centralstation/storage/CompactionWorker.java. Using fallback presentation compiler.[0m
2026.05.22 17:29:19 INFO  no build target found for /Users/habibaelkamary/Desktop/College(new)/DDIA/Labs/project/Weather-Stations-Monitoring-DDIA-Project/weather-station/src/main/java/com/weather/centralstation/storage/CompactionWorker.java. Using fallback presentation compiler.[0m
2026.05.22 17:29:21 INFO  no build target found for /Users/habibaelkamary/Desktop/College(new)/DDIA/Labs/project/Weather-Stations-Monitoring-DDIA-Project/weather-station/src/main/java/com/weather/centralstation/storage/CompactionWorker.java. Using fallback presentation compiler.[0m
2026.05.22 17:29:21 INFO  no build target found for /Users/habibaelkamary/Desktop/College(new)/DDIA/Labs/project/Weather-Stations-Monitoring-DDIA-Project/weather-station/src/main/java/com/weather/centralstation/storage/CompactionWorker.java. Using fallback presentation compiler.[0m
2026.05.22 17:29:21 INFO  no build target found for /Users/habibaelkamary/Desktop/College(new)/DDIA/Labs/project/Weather-Stations-Monitoring-DDIA-Project/weather-station/src/main/java/com/weather/centralstation/storage/CompactionWorker.java. Using fallback presentation compiler.[0m
2026.05.22 17:29:22 INFO  no build target found for /Users/habibaelkamary/Desktop/College(new)/DDIA/Labs/project/Weather-Stations-Monitoring-DDIA-Project/weather-station/src/main/java/com/weather/centralstation/storage/CompactionWorker.java. Using fallback presentation compiler.[0m
2026.05.22 17:29:23 INFO  time: code lens generation in 1.02s[0m
2026.05.22 17:29:24 INFO  no build target found for /Users/habibaelkamary/Desktop/College(new)/DDIA/Labs/project/Weather-Stations-Monitoring-DDIA-Project/weather-station/src/main/java/com/weather/centralstation/storage/CompactionWorker.java. Using fallback presentation compiler.[0m
2026.05.22 17:29:24 INFO  no build target found for /Users/habibaelkamary/Desktop/College(new)/DDIA/Labs/project/Weather-Stations-Monitoring-DDIA-Project/weather-station/src/main/java/com/weather/centralstation/storage/CompactionWorker.java. Using fallback presentation compiler.[0m
2026.05.22 17:29:24 INFO  no build target found for /Users/habibaelkamary/Desktop/College(new)/DDIA/Labs/project/Weather-Stations-Monitoring-DDIA-Project/weather-station/src/main/java/com/weather/centralstation/storage/CompactionWorker.java. Using fallback presentation compiler.[0m
2026.05.22 17:29:24 INFO  no build target found for /Users/habibaelkamary/Desktop/College(new)/DDIA/Labs/project/Weather-Stations-Monitoring-DDIA-Project/weather-station/src/main/java/com/weather/centralstation/storage/CompactionWorker.java. Using fallback presentation compiler.[0m
2026.05.22 17:29:24 INFO  no build target found for /Users/habibaelkamary/Desktop/College(new)/DDIA/Labs/project/Weather-Stations-Monitoring-DDIA-Project/weather-station/src/main/java/com/weather/centralstation/storage/CompactionWorker.java. Using fallback presentation compiler.[0m
2026.05.22 17:29:24 INFO  no build target found for /Users/habibaelkamary/Desktop/College(new)/DDIA/Labs/project/Weather-Stations-Monitoring-DDIA-Project/weather-station/src/main/java/com/weather/centralstation/storage/CompactionWorker.java. Using fallback presentation compiler.[0m
2026.05.22 17:29:24 INFO  no build target found for /Users/habibaelkamary/Desktop/College(new)/DDIA/Labs/project/Weather-Stations-Monitoring-DDIA-Project/weather-station/src/main/java/com/weather/centralstation/storage/CompactionWorker.java. Using fallback presentation compiler.[0m
2026.05.22 17:29:24 INFO  no build target found for /Users/habibaelkamary/Desktop/College(new)/DDIA/Labs/project/Weather-Stations-Monitoring-DDIA-Project/weather-station/src/main/java/com/weather/centralstation/storage/CompactionWorker.java. Using fallback presentation compiler.[0m
2026.05.22 17:29:24 INFO  no build target found for /Users/habibaelkamary/Desktop/College(new)/DDIA/Labs/project/Weather-Stations-Monitoring-DDIA-Project/weather-station/src/main/java/com/weather/centralstation/storage/CompactionWorker.java. Using fallback presentation compiler.[0m
2026.05.22 17:29:25 INFO  no build target found for /Users/habibaelkamary/Desktop/College(new)/DDIA/Labs/project/Weather-Stations-Monitoring-DDIA-Project/weather-station/src/main/java/com/weather/centralstation/storage/CompactionWorker.java. Using fallback presentation compiler.[0m
2026.05.22 17:29:25 INFO  no build target found for /Users/habibaelkamary/Desktop/College(new)/DDIA/Labs/project/Weather-Stations-Monitoring-DDIA-Project/weather-station/src/main/java/com/weather/centralstation/storage/CompactionWorker.java. Using fallback presentation compiler.[0m
2026.05.22 17:29:25 INFO  no build target found for /Users/habibaelkamary/Desktop/College(new)/DDIA/Labs/project/Weather-Stations-Monitoring-DDIA-Project/weather-station/src/main/java/com/weather/centralstation/storage/CompactionWorker.java. Using fallback presentation compiler.[0m
2026.05.22 17:29:25 INFO  no build target found for /Users/habibaelkamary/Desktop/College(new)/DDIA/Labs/project/Weather-Stations-Monitoring-DDIA-Project/weather-station/src/main/java/com/weather/centralstation/storage/CompactionWorker.java. Using fallback presentation compiler.[0m
2026.05.22 17:29:24 INFO  no build target found for /Users/habibaelkamary/Desktop/College(new)/DDIA/Labs/project/Weather-Stations-Monitoring-DDIA-Project/weather-station/src/main/java/com/weather/centralstation/storage/CompactionWorker.java. Using fallback presentation compiler.[0m
2026.05.22 17:29:25 INFO  no build target found for /Users/habibaelkamary/Desktop/College(new)/DDIA/Labs/project/Weather-Stations-Monitoring-DDIA-Project/weather-station/src/main/java/com/weather/centralstation/storage/CompactionWorker.java. Using fallback presentation compiler.[0m
2026.05.22 17:29:25 INFO  no build target found for /Users/habibaelkamary/Desktop/College(new)/DDIA/Labs/project/Weather-Stations-Monitoring-DDIA-Project/weather-station/src/main/java/com/weather/centralstation/storage/CompactionWorker.java. Using fallback presentation compiler.[0m
2026.05.22 17:29:26 INFO  no build target found for /Users/habibaelkamary/Desktop/College(new)/DDIA/Labs/project/Weather-Stations-Monitoring-DDIA-Project/weather-station/src/main/java/com/weather/centralstation/storage/CompactionWorker.java. Using fallback presentation compiler.[0m
2026.05.22 17:29:26 INFO  no build target found for /Users/habibaelkamary/Desktop/College(new)/DDIA/Labs/project/Weather-Stations-Monitoring-DDIA-Project/weather-station/src/main/java/com/weather/centralstation/storage/CompactionWorker.java. Using fallback presentation compiler.[0m
2026.05.22 17:29:26 INFO  no build target found for /Users/habibaelkamary/Desktop/College(new)/DDIA/Labs/project/Weather-Stations-Monitoring-DDIA-Project/weather-station/src/main/java/com/weather/centralstation/storage/CompactionWorker.java. Using fallback presentation compiler.[0m
2026.05.22 17:29:26 INFO  no build target found for /Users/habibaelkamary/Desktop/College(new)/DDIA/Labs/project/Weather-Stations-Monitoring-DDIA-Project/weather-station/src/main/java/com/weather/centralstation/storage/CompactionWorker.java. Using fallback presentation compiler.[0m
2026.05.22 17:29:26 INFO  no build target found for /Users/habibaelkamary/Desktop/College(new)/DDIA/Labs/project/Weather-Stations-Monitoring-DDIA-Project/weather-station/src/main/java/com/weather/centralstation/storage/CompactionWorker.java. Using fallback presentation compiler.[0m
2026.05.22 17:29:26 INFO  no build target found for /Users/habibaelkamary/Desktop/College(new)/DDIA/Labs/project/Weather-Stations-Monitoring-DDIA-Project/weather-station/src/main/java/com/weather/centralstation/storage/CompactionWorker.java. Using fallback presentation compiler.[0m
2026.05.22 17:29:26 INFO  no build target found for /Users/habibaelkamary/Desktop/College(new)/DDIA/Labs/project/Weather-Stations-Monitoring-DDIA-Project/weather-station/src/main/java/com/weather/centralstation/storage/CompactionWorker.java. Using fallback presentation compiler.[0m
2026.05.22 17:29:26 INFO  no build target found for /Users/habibaelkamary/Desktop/College(new)/DDIA/Labs/project/Weather-Stations-Monitoring-DDIA-Project/weather-station/src/main/java/com/weather/centralstation/storage/CompactionWorker.java. Using fallback presentation compiler.[0m
2026.05.22 17:29:26 INFO  no build target found for /Users/habibaelkamary/Desktop/College(new)/DDIA/Labs/project/Weather-Stations-Monitoring-DDIA-Project/weather-station/src/main/java/com/weather/centralstation/storage/CompactionWorker.java. Using fallback presentation compiler.[0m
2026.05.22 17:29:26 INFO  no build target found for /Users/habibaelkamary/Desktop/College(new)/DDIA/Labs/project/Weather-Stations-Monitoring-DDIA-Project/weather-station/src/main/java/com/weather/centralstation/storage/CompactionWorker.java. Using fallback presentation compiler.[0m
2026.05.22 17:29:27 INFO  no build target found for /Users/habibaelkamary/Desktop/College(new)/DDIA/Labs/project/Weather-Stations-Monitoring-DDIA-Project/weather-station/src/main/java/com/weather/centralstation/storage/CompactionWorker.java. Using fallback presentation compiler.[0m
2026.05.22 17:29:27 INFO  no build target found for /Users/habibaelkamary/Desktop/College(new)/DDIA/Labs/project/Weather-Stations-Monitoring-DDIA-Project/weather-station/src/main/java/com/weather/centralstation/storage/CompactionWorker.java. Using fallback presentation compiler.[0m
2026.05.22 17:29:27 INFO  no build target found for /Users/habibaelkamary/Desktop/College(new)/DDIA/Labs/project/Weather-Stations-Monitoring-DDIA-Project/weather-station/src/main/java/com/weather/centralstation/storage/CompactionWorker.java. Using fallback presentation compiler.[0m
2026.05.22 17:29:27 INFO  no build target found for /Users/habibaelkamary/Desktop/College(new)/DDIA/Labs/project/Weather-Stations-Monitoring-DDIA-Project/weather-station/src/main/java/com/weather/centralstation/storage/CompactionWorker.java. Using fallback presentation compiler.[0m
2026.05.22 17:29:27 INFO  no build target found for /Users/habibaelkamary/Desktop/College(new)/DDIA/Labs/project/Weather-Stations-Monitoring-DDIA-Project/weather-station/src/main/java/com/weather/centralstation/storage/CompactionWorker.java. Using fallback presentation compiler.[0m
2026.05.22 17:29:27 INFO  no build target found for /Users/habibaelkamary/Desktop/College(new)/DDIA/Labs/project/Weather-Stations-Monitoring-DDIA-Project/weather-station/src/main/java/com/weather/centralstation/storage/CompactionWorker.java. Using fallback presentation compiler.[0m
2026.05.22 17:29:27 INFO  no build target found for /Users/habibaelkamary/Desktop/College(new)/DDIA/Labs/project/Weather-Stations-Monitoring-DDIA-Project/weather-station/src/main/java/com/weather/centralstation/storage/CompactionWorker.java. Using fallback presentation compiler.[0m
2026.05.22 17:29:27 INFO  no build target found for /Users/habibaelkamary/Desktop/College(new)/DDIA/Labs/project/Weather-Stations-Monitoring-DDIA-Project/weather-station/src/main/java/com/weather/centralstation/storage/CompactionWorker.java. Using fallback presentation compiler.[0m
2026.05.22 17:29:27 INFO  no build target found for /Users/habibaelkamary/Desktop/College(new)/DDIA/Labs/project/Weather-Stations-Monitoring-DDIA-Project/weather-station/src/main/java/com/weather/centralstation/storage/CompactionWorker.java. Using fallback presentation compiler.[0m
2026.05.22 17:29:27 INFO  no build target found for /Users/habibaelkamary/Desktop/College(new)/DDIA/Labs/project/Weather-Stations-Monitoring-DDIA-Project/weather-station/src/main/java/com/weather/centralstation/storage/CompactionWorker.java. Using fallback presentation compiler.[0m
2026.05.22 17:29:28 INFO  no build target found for /Users/habibaelkamary/Desktop/College(new)/DDIA/Labs/project/Weather-Stations-Monitoring-DDIA-Project/weather-station/src/main/java/com/weather/centralstation/storage/CompactionWorker.java. Using fallback presentation compiler.[0m
2026.05.22 17:29:28 INFO  no build target found for /Users/habibaelkamary/Desktop/College(new)/DDIA/Labs/project/Weather-Stations-Monitoring-DDIA-Project/weather-station/src/main/java/com/weather/centralstation/storage/CompactionWorker.java. Using fallback presentation compiler.[0m
2026.05.22 17:29:28 INFO  no build target found for /Users/habibaelkamary/Desktop/College(new)/DDIA/Labs/project/Weather-Stations-Monitoring-DDIA-Project/weather-station/src/main/java/com/weather/centralstation/storage/CompactionWorker.java. Using fallback presentation compiler.[0m
2026.05.22 17:29:28 INFO  no build target found for /Users/habibaelkamary/Desktop/College(new)/DDIA/Labs/project/Weather-Stations-Monitoring-DDIA-Project/weather-station/src/main/java/com/weather/centralstation/storage/CompactionWorker.java. Using fallback presentation compiler.[0m
2026.05.22 17:29:28 INFO  no build target found for /Users/habibaelkamary/Desktop/College(new)/DDIA/Labs/project/Weather-Stations-Monitoring-DDIA-Project/weather-station/src/main/java/com/weather/centralstation/storage/CompactionWorker.java. Using fallback presentation compiler.[0m
2026.05.22 17:29:28 INFO  no build target found for /Users/habibaelkamary/Desktop/College(new)/DDIA/Labs/project/Weather-Stations-Monitoring-DDIA-Project/weather-station/src/main/java/com/weather/centralstation/storage/CompactionWorker.java. Using fallback presentation compiler.[0m
2026.05.22 17:29:28 INFO  no build target found for /Users/habibaelkamary/Desktop/College(new)/DDIA/Labs/project/Weather-Stations-Monitoring-DDIA-Project/weather-station/src/main/java/com/weather/centralstation/storage/CompactionWorker.java. Using fallback presentation compiler.[0m
2026.05.22 17:29:28 INFO  no build target found for /Users/habibaelkamary/Desktop/College(new)/DDIA/Labs/project/Weather-Stations-Monitoring-DDIA-Project/weather-station/src/main/java/com/weather/centralstation/storage/CompactionWorker.java. Using fallback presentation compiler.[0m
2026.05.22 17:29:29 INFO  no build target found for /Users/habibaelkamary/Desktop/College(new)/DDIA/Labs/project/Weather-Stations-Monitoring-DDIA-Project/weather-station/src/main/java/com/weather/centralstation/storage/CompactionWorker.java. Using fallback presentation compiler.[0m
2026.05.22 17:29:29 INFO  no build target found for /Users/habibaelkamary/Desktop/College(new)/DDIA/Labs/project/Weather-Stations-Monitoring-DDIA-Project/weather-station/src/main/java/com/weather/centralstation/storage/CompactionWorker.java. Using fallback presentation compiler.[0m
2026.05.22 17:29:29 INFO  no build target found for /Users/habibaelkamary/Desktop/College(new)/DDIA/Labs/project/Weather-Stations-Monitoring-DDIA-Project/weather-station/src/main/java/com/weather/centralstation/storage/CompactionWorker.java. Using fallback presentation compiler.[0m
2026.05.22 17:29:29 INFO  no build target found for /Users/habibaelkamary/Desktop/College(new)/DDIA/Labs/project/Weather-Stations-Monitoring-DDIA-Project/weather-station/src/main/java/com/weather/centralstation/storage/CompactionWorker.java. Using fallback presentation compiler.[0m
2026.05.22 17:29:29 INFO  no build target found for /Users/habibaelkamary/Desktop/College(new)/DDIA/Labs/project/Weather-Stations-Monitoring-DDIA-Project/weather-station/src/main/java/com/weather/centralstation/storage/CompactionWorker.java. Using fallback presentation compiler.[0m
2026.05.22 17:29:29 INFO  no build target found for /Users/habibaelkamary/Desktop/College(new)/DDIA/Labs/project/Weather-Stations-Monitoring-DDIA-Project/weather-station/src/main/java/com/weather/centralstation/storage/CompactionWorker.java. Using fallback presentation compiler.[0m
2026.05.22 17:29:29 INFO  no build target found for /Users/habibaelkamary/Desktop/College(new)/DDIA/Labs/project/Weather-Stations-Monitoring-DDIA-Project/weather-station/src/main/java/com/weather/centralstation/storage/CompactionWorker.java. Using fallback presentation compiler.[0m
2026.05.22 17:29:30 INFO  no build target found for /Users/habibaelkamary/Desktop/College(new)/DDIA/Labs/project/Weather-Stations-Monitoring-DDIA-Project/weather-station/src/main/java/com/weather/centralstation/storage/CompactionWorker.java. Using fallback presentation compiler.[0m
2026.05.22 17:29:30 INFO  no build target found for /Users/habibaelkamary/Desktop/College(new)/DDIA/Labs/project/Weather-Stations-Monitoring-DDIA-Project/weather-station/src/main/java/com/weather/centralstation/storage/CompactionWorker.java. Using fallback presentation compiler.[0m
2026.05.22 17:29:30 INFO  no build target found for /Users/habibaelkamary/Desktop/College(new)/DDIA/Labs/project/Weather-Stations-Monitoring-DDIA-Project/weather-station/src/main/java/com/weather/centralstation/storage/CompactionWorker.java. Using fallback presentation compiler.[0m
2026.05.22 17:29:30 INFO  no build target found for /Users/habibaelkamary/Desktop/College(new)/DDIA/Labs/project/Weather-Stations-Monitoring-DDIA-Project/weather-station/src/main/java/com/weather/centralstation/storage/CompactionWorker.java. Using fallback presentation compiler.[0m
2026.05.22 17:29:30 INFO  no build target found for /Users/habibaelkamary/Desktop/College(new)/DDIA/Labs/project/Weather-Stations-Monitoring-DDIA-Project/weather-station/src/main/java/com/weather/centralstation/storage/CompactionWorker.java. Using fallback presentation compiler.[0m
2026.05.22 17:29:30 INFO  no build target found for /Users/habibaelkamary/Desktop/College(new)/DDIA/Labs/project/Weather-Stations-Monitoring-DDIA-Project/weather-station/src/main/java/com/weather/centralstation/storage/CompactionWorker.java. Using fallback presentation compiler.[0m
2026.05.22 17:29:31 INFO  no build target found for /Users/habibaelkamary/Desktop/College(new)/DDIA/Labs/project/Weather-Stations-Monitoring-DDIA-Project/weather-station/src/main/java/com/weather/centralstation/storage/CompactionWorker.java. Using fallback presentation compiler.[0m
2026.05.22 17:29:30 INFO  no build target found for /Users/habibaelkamary/Desktop/College(new)/DDIA/Labs/project/Weather-Stations-Monitoring-DDIA-Project/weather-station/src/main/java/com/weather/centralstation/storage/CompactionWorker.java. Using fallback presentation compiler.[0m
2026.05.22 17:29:30 INFO  no build target found for /Users/habibaelkamary/Desktop/College(new)/DDIA/Labs/project/Weather-Stations-Monitoring-DDIA-Project/weather-station/src/main/java/com/weather/centralstation/storage/CompactionWorker.java. Using fallback presentation compiler.[0m
2026.05.22 17:29:31 INFO  no build target found for /Users/habibaelkamary/Desktop/College(new)/DDIA/Labs/project/Weather-Stations-Monitoring-DDIA-Project/weather-station/src/main/java/com/weather/centralstation/storage/CompactionWorker.java. Using fallback presentation compiler.[0m
2026.05.22 17:29:31 INFO  no build target found for /Users/habibaelkamary/Desktop/College(new)/DDIA/Labs/project/Weather-Stations-Monitoring-DDIA-Project/weather-station/src/main/java/com/weather/centralstation/storage/CompactionWorker.java. Using fallback presentation compiler.[0m
2026.05.22 17:29:33 WARN  no build target for: /Users/habibaelkamary/Desktop/College(new)/DDIA/Labs/project/Weather-Stations-Monitoring-DDIA-Project/weather-station/src/main/java/com/weather/centralstation/storage/CompactionWorker.java[0m
2026.05.22 17:29:33 INFO  no build target found for /Users/habibaelkamary/Desktop/College(new)/DDIA/Labs/project/Weather-Stations-Monitoring-DDIA-Project/weather-station/src/main/java/com/weather/centralstation/storage/CompactionWorker.java. Using fallback presentation compiler.[0m
2026.05.22 17:29:36 INFO  no build target found for /Users/habibaelkamary/Desktop/College(new)/DDIA/Labs/project/Weather-Stations-Monitoring-DDIA-Project/weather-station/src/main/java/com/weather/centralstation/storage/CompactionWorker.java. Using fallback presentation compiler.[0m
2026.05.22 17:29:36 INFO  no build target found for /Users/habibaelkamary/Desktop/College(new)/DDIA/Labs/project/Weather-Stations-Monitoring-DDIA-Project/weather-station/src/main/java/com/weather/centralstation/storage/CompactionWorker.java. Using fallback presentation compiler.[0m
2026.05.22 17:29:36 INFO  no build target found for /Users/habibaelkamary/Desktop/College(new)/DDIA/Labs/project/Weather-Stations-Monitoring-DDIA-Project/weather-station/src/main/java/com/weather/centralstation/storage/CompactionWorker.java. Using fallback presentation compiler.[0m
2026.05.22 17:29:36 INFO  no build target found for /Users/habibaelkamary/Desktop/College(new)/DDIA/Labs/project/Weather-Stations-Monitoring-DDIA-Project/weather-station/src/main/java/com/weather/centralstation/storage/CompactionWorker.java. Using fallback presentation compiler.[0m
2026.05.22 17:29:37 INFO  no build target found for /Users/habibaelkamary/Desktop/College(new)/DDIA/Labs/project/Weather-Stations-Monitoring-DDIA-Project/weather-station/src/main/java/com/weather/centralstation/storage/CompactionWorker.java. Using fallback presentation compiler.[0m
2026.05.22 17:29:37 INFO  no build target found for /Users/habibaelkamary/Desktop/College(new)/DDIA/Labs/project/Weather-Stations-Monitoring-DDIA-Project/weather-station/src/main/java/com/weather/centralstation/storage/CompactionWorker.java. Using fallback presentation compiler.[0m
2026.05.22 17:29:37 INFO  no build target found for /Users/habibaelkamary/Desktop/College(new)/DDIA/Labs/project/Weather-Stations-Monitoring-DDIA-Project/weather-station/src/main/java/com/weather/centralstation/storage/CompactionWorker.java. Using fallback presentation compiler.[0m
2026.05.22 17:29:37 INFO  no build target found for /Users/habibaelkamary/Desktop/College(new)/DDIA/Labs/project/Weather-Stations-Monitoring-DDIA-Project/weather-station/src/main/java/com/weather/centralstation/storage/CompactionWorker.java. Using fallback presentation compiler.[0m
2026.05.22 17:29:37 INFO  no build target found for /Users/habibaelkamary/Desktop/College(new)/DDIA/Labs/project/Weather-Stations-Monitoring-DDIA-Project/weather-station/src/main/java/com/weather/centralstation/storage/CompactionWorker.java. Using fallback presentation compiler.[0m
2026.05.22 17:29:38 INFO  no build target found for /Users/habibaelkamary/Desktop/College(new)/DDIA/Labs/project/Weather-Stations-Monitoring-DDIA-Project/weather-station/src/main/java/com/weather/centralstation/storage/CompactionWorker.java. Using fallback presentation compiler.[0m
2026.05.22 17:29:44 WARN  no build target for: /Users/habibaelkamary/Desktop/College(new)/DDIA/Labs/project/Weather-Stations-Monitoring-DDIA-Project/weather-station/src/main/java/com/weather/centralstation/storage/CompactionWorker.java[0m
2026.05.22 17:29:44 INFO  no build target found for /Users/habibaelkamary/Desktop/College(new)/DDIA/Labs/project/Weather-Stations-Monitoring-DDIA-Project/weather-station/src/main/java/com/weather/centralstation/storage/CompactionWorker.java. Using fallback presentation compiler.[0m
2026.05.22 17:32:31 INFO  no build target found for /Users/habibaelkamary/Desktop/College(new)/DDIA/Labs/project/Weather-Stations-Monitoring-DDIA-Project/weather-station/src/main/java/com/weather/centralstation/storage/CompactionWorker.java. Using fallback presentation compiler.[0m
2026.05.22 17:32:31 INFO  no build target found for /Users/habibaelkamary/Desktop/College(new)/DDIA/Labs/project/Weather-Stations-Monitoring-DDIA-Project/weather-station/src/main/java/com/weather/centralstation/storage/CompactionWorker.java. Using fallback presentation compiler.[0m
2026.05.22 17:32:34 INFO  no build target found for /Users/habibaelkamary/Desktop/College(new)/DDIA/Labs/project/Weather-Stations-Monitoring-DDIA-Project/weather-station/src/main/java/com/weather/centralstation/storage/CompactionWorker.java. Using fallback presentation compiler.[0m
2026.05.22 17:32:34 INFO  no build target found for /Users/habibaelkamary/Desktop/College(new)/DDIA/Labs/project/Weather-Stations-Monitoring-DDIA-Project/weather-station/src/main/java/com/weather/centralstation/storage/BitCaskStore.java. Using fallback presentation compiler.[0m
May 22, 2026 5:32:34 PM org.eclipse.lsp4j.jsonrpc.RemoteEndpoint handleCancellation
WARNING: Unmatched cancel notification for request id 4447
2026.05.22 17:32:34 INFO  no build target found for /Users/habibaelkamary/Desktop/College(new)/DDIA/Labs/project/Weather-Stations-Monitoring-DDIA-Project/weather-station/src/main/java/com/weather/centralstation/storage/BitCaskStore.java. Using fallback presentation compiler.[0m
2026.05.22 17:32:34 INFO  no build target found for /Users/habibaelkamary/Desktop/College(new)/DDIA/Labs/project/Weather-Stations-Monitoring-DDIA-Project/weather-station/src/main/java/com/weather/centralstation/storage/BitCaskStore.java. Using fallback presentation compiler.[0m
2026.05.22 17:32:34 WARN  no build target for: /Users/habibaelkamary/Desktop/College(new)/DDIA/Labs/project/Weather-Stations-Monitoring-DDIA-Project/weather-station/src/main/java/com/weather/centralstation/storage/BitCaskStore.java[0m
2026.05.22 17:32:34 INFO  no build target found for /Users/habibaelkamary/Desktop/College(new)/DDIA/Labs/project/Weather-Stations-Monitoring-DDIA-Project/weather-station/src/main/java/com/weather/centralstation/storage/BitCaskStore.java. Using fallback presentation compiler.[0m
2026.05.22 17:32:36 INFO  no build target found for /Users/habibaelkamary/Desktop/College(new)/DDIA/Labs/project/Weather-Stations-Monitoring-DDIA-Project/weather-station/src/main/java/com/weather/centralstation/storage/SegmentManager.java. Using fallback presentation compiler.[0m
May 22, 2026 5:32:36 PM org.eclipse.lsp4j.jsonrpc.RemoteEndpoint handleCancellation
WARNING: Unmatched cancel notification for request id 4455
2026.05.22 17:32:36 INFO  no build target found for /Users/habibaelkamary/Desktop/College(new)/DDIA/Labs/project/Weather-Stations-Monitoring-DDIA-Project/weather-station/src/main/java/com/weather/centralstation/storage/SegmentManager.java. Using fallback presentation compiler.[0m
2026.05.22 17:32:36 WARN  no build target for: /Users/habibaelkamary/Desktop/College(new)/DDIA/Labs/project/Weather-Stations-Monitoring-DDIA-Project/weather-station/src/main/java/com/weather/centralstation/storage/SegmentManager.java[0m
2026.05.22 17:32:36 INFO  no build target found for /Users/habibaelkamary/Desktop/College(new)/DDIA/Labs/project/Weather-Stations-Monitoring-DDIA-Project/weather-station/src/main/java/com/weather/centralstation/storage/SegmentManager.java. Using fallback presentation compiler.[0m
2026.05.22 17:32:37 INFO  no build target found for /Users/habibaelkamary/Desktop/College(new)/DDIA/Labs/project/Weather-Stations-Monitoring-DDIA-Project/weather-station/src/main/java/com/weather/centralstation/storage/SegmentManager.java. Using fallback presentation compiler.[0m
2026.05.22 17:32:37 INFO  no build target found for /Users/habibaelkamary/Desktop/College(new)/DDIA/Labs/project/Weather-Stations-Monitoring-DDIA-Project/weather-station/src/main/java/com/weather/centralstation/storage/BitCaskStore.java. Using fallback presentation compiler.[0m
2026.05.22 17:32:37 INFO  no build target found for /Users/habibaelkamary/Desktop/College(new)/DDIA/Labs/project/Weather-Stations-Monitoring-DDIA-Project/weather-station/src/main/java/com/weather/centralstation/storage/BitCaskStore.java. Using fallback presentation compiler.[0m
2026.05.22 17:32:37 WARN  no build target for: /Users/habibaelkamary/Desktop/College(new)/DDIA/Labs/project/Weather-Stations-Monitoring-DDIA-Project/weather-station/src/main/java/com/weather/centralstation/storage/BitCaskStore.java[0m
2026.05.22 17:32:37 INFO  no build target found for /Users/habibaelkamary/Desktop/College(new)/DDIA/Labs/project/Weather-Stations-Monitoring-DDIA-Project/weather-station/src/main/java/com/weather/centralstation/storage/BitCaskStore.java. Using fallback presentation compiler.[0m
2026.05.22 17:32:37 INFO  no build target found for /Users/habibaelkamary/Desktop/College(new)/DDIA/Labs/project/Weather-Stations-Monitoring-DDIA-Project/weather-station/src/main/java/com/weather/centralstation/storage/BitCaskStore.java. Using fallback presentation compiler.[0m
2026.05.22 17:32:42 INFO  no build target found for /Users/habibaelkamary/Desktop/College(new)/DDIA/Labs/project/Weather-Stations-Monitoring-DDIA-Project/weather-station/src/main/java/com/weather/centralstation/storage/BitCaskStore.java. Using fallback presentation compiler.[0m
2026.05.22 17:32:45 INFO  no build target found for /Users/habibaelkamary/Desktop/College(new)/DDIA/Labs/project/Weather-Stations-Monitoring-DDIA-Project/weather-station/src/main/java/com/weather/centralstation/storage/BitCaskStore.java. Using fallback presentation compiler.[0m
2026.05.22 17:33:26 INFO  no build target found for /Users/habibaelkamary/Desktop/College(new)/DDIA/Labs/project/Weather-Stations-Monitoring-DDIA-Project/weather-station/src/main/java/com/weather/centralstation/storage/BitCaskStore.java. Using fallback presentation compiler.[0m
2026.05.22 17:33:26 INFO  no build target found for /Users/habibaelkamary/Desktop/College(new)/DDIA/Labs/project/Weather-Stations-Monitoring-DDIA-Project/weather-station/src/main/java/com/weather/centralstation/storage/BitCaskStore.java. Using fallback presentation compiler.[0m
May 22, 2026 5:33:27 PM org.eclipse.lsp4j.jsonrpc.RemoteEndpoint handleCancellation
WARNING: Unmatched cancel notification for request id 4485
2026.05.22 17:33:27 INFO  no build target found for /Users/habibaelkamary/Desktop/College(new)/DDIA/Labs/project/Weather-Stations-Monitoring-DDIA-Project/weather-station/src/main/java/com/weather/centralstation/storage/BitCaskStore.java. Using fallback presentation compiler.[0m
2026.05.22 17:33:27 INFO  no build target found for /Users/habibaelkamary/Desktop/College(new)/DDIA/Labs/project/Weather-Stations-Monitoring-DDIA-Project/weather-station/src/main/java/com/weather/centralstation/storage/BitCaskStore.java. Using fallback presentation compiler.[0m
2026.05.22 17:33:28 INFO  no build target found for /Users/habibaelkamary/Desktop/College(new)/DDIA/Labs/project/Weather-Stations-Monitoring-DDIA-Project/weather-station/src/main/java/com/weather/centralstation/storage/BitCaskStore.java. Using fallback presentation compiler.[0m
May 22, 2026 5:36:23 PM org.eclipse.lsp4j.jsonrpc.RemoteEndpoint handleCancellation
WARNING: Unmatched cancel notification for request id 4497
2026.05.22 17:36:42 INFO  no build target found for /Users/habibaelkamary/Desktop/College(new)/DDIA/Labs/project/Weather-Stations-Monitoring-DDIA-Project/weather-station/src/main/java/com/weather/centralstation/storage/BitCaskStore.java. Using fallback presentation compiler.[0m
2026.05.22 17:36:42 INFO  no build target found for /Users/habibaelkamary/Desktop/College(new)/DDIA/Labs/project/Weather-Stations-Monitoring-DDIA-Project/weather-station/src/main/java/com/weather/centralstation/storage/BitCaskStore.java. Using fallback presentation compiler.[0m
2026.05.22 17:36:42 INFO  no build target found for /Users/habibaelkamary/Desktop/College(new)/DDIA/Labs/project/Weather-Stations-Monitoring-DDIA-Project/weather-station/src/main/java/com/weather/centralstation/storage/BitCaskStore.java. Using fallback presentation compiler.[0m
2026.05.22 17:36:42 INFO  no build target found for /Users/habibaelkamary/Desktop/College(new)/DDIA/Labs/project/Weather-Stations-Monitoring-DDIA-Project/weather-station/src/main/java/com/weather/centralstation/storage/BitCaskStore.java. Using fallback presentation compiler.[0m
2026.05.22 17:36:42 INFO  no build target found for /Users/habibaelkamary/Desktop/College(new)/DDIA/Labs/project/Weather-Stations-Monitoring-DDIA-Project/weather-station/src/main/java/com/weather/centralstation/storage/BitCaskStore.java. Using fallback presentation compiler.[0m
2026.05.22 17:36:43 INFO  no build target found for /Users/habibaelkamary/Desktop/College(new)/DDIA/Labs/project/Weather-Stations-Monitoring-DDIA-Project/weather-station/src/main/java/com/weather/centralstation/storage/BitCaskStore.java. Using fallback presentation compiler.[0m
2026.05.22 17:36:43 INFO  no build target found for /Users/habibaelkamary/Desktop/College(new)/DDIA/Labs/project/Weather-Stations-Monitoring-DDIA-Project/weather-station/src/main/java/com/weather/centralstation/storage/BitCaskStore.java. Using fallback presentation compiler.[0m
2026.05.22 17:36:43 INFO  no build target found for /Users/habibaelkamary/Desktop/College(new)/DDIA/Labs/project/Weather-Stations-Monitoring-DDIA-Project/weather-station/src/main/java/com/weather/centralstation/storage/BitCaskStore.java. Using fallback presentation compiler.[0m
2026.05.22 17:36:44 INFO  no build target found for /Users/habibaelkamary/Desktop/College(new)/DDIA/Labs/project/Weather-Stations-Monitoring-DDIA-Project/weather-station/src/main/java/com/weather/centralstation/storage/BitCaskStore.java. Using fallback presentation compiler.[0m
2026.05.22 17:36:45 INFO  no build target found for /Users/habibaelkamary/Desktop/College(new)/DDIA/Labs/project/Weather-Stations-Monitoring-DDIA-Project/weather-station/src/main/java/com/weather/centralstation/storage/BitCaskStore.java. Using fallback presentation compiler.[0m
2026.05.22 17:36:45 INFO  no build target found for /Users/habibaelkamary/Desktop/College(new)/DDIA/Labs/project/Weather-Stations-Monitoring-DDIA-Project/weather-station/src/main/java/com/weather/centralstation/storage/BitCaskStore.java. Using fallback presentation compiler.[0m
2026.05.22 17:36:45 INFO  no build target found for /Users/habibaelkamary/Desktop/College(new)/DDIA/Labs/project/Weather-Stations-Monitoring-DDIA-Project/weather-station/src/main/java/com/weather/centralstation/storage/BitCaskStore.java. Using fallback presentation compiler.[0m
2026.05.22 17:36:45 INFO  no build target found for /Users/habibaelkamary/Desktop/College(new)/DDIA/Labs/project/Weather-Stations-Monitoring-DDIA-Project/weather-station/src/main/java/com/weather/centralstation/storage/BitCaskStore.java. Using fallback presentation compiler.[0m
2026.05.22 17:36:45 INFO  no build target found for /Users/habibaelkamary/Desktop/College(new)/DDIA/Labs/project/Weather-Stations-Monitoring-DDIA-Project/weather-station/src/main/java/com/weather/centralstation/storage/BitCaskStore.java. Using fallback presentation compiler.[0m
2026.05.22 17:36:45 INFO  no build target found for /Users/habibaelkamary/Desktop/College(new)/DDIA/Labs/project/Weather-Stations-Monitoring-DDIA-Project/weather-station/src/main/java/com/weather/centralstation/storage/BitCaskStore.java. Using fallback presentation compiler.[0m
2026.05.22 17:36:45 INFO  no build target found for /Users/habibaelkamary/Desktop/College(new)/DDIA/Labs/project/Weather-Stations-Monitoring-DDIA-Project/weather-station/src/main/java/com/weather/centralstation/storage/BitCaskStore.java. Using fallback presentation compiler.[0m
2026.05.22 17:36:45 INFO  no build target found for /Users/habibaelkamary/Desktop/College(new)/DDIA/Labs/project/Weather-Stations-Monitoring-DDIA-Project/weather-station/src/main/java/com/weather/centralstation/storage/BitCaskStore.java. Using fallback presentation compiler.[0m
2026.05.22 17:36:46 INFO  no build target found for /Users/habibaelkamary/Desktop/College(new)/DDIA/Labs/project/Weather-Stations-Monitoring-DDIA-Project/weather-station/src/main/java/com/weather/centralstation/storage/BitCaskStore.java. Using fallback presentation compiler.[0m
2026.05.22 17:36:46 INFO  no build target found for /Users/habibaelkamary/Desktop/College(new)/DDIA/Labs/project/Weather-Stations-Monitoring-DDIA-Project/weather-station/src/main/java/com/weather/centralstation/storage/BitCaskStore.java. Using fallback presentation compiler.[0m
2026.05.22 17:36:46 INFO  no build target found for /Users/habibaelkamary/Desktop/College(new)/DDIA/Labs/project/Weather-Stations-Monitoring-DDIA-Project/weather-station/src/main/java/com/weather/centralstation/storage/BitCaskStore.java. Using fallback presentation compiler.[0m
2026.05.22 17:36:46 INFO  no build target found for /Users/habibaelkamary/Desktop/College(new)/DDIA/Labs/project/Weather-Stations-Monitoring-DDIA-Project/weather-station/src/main/java/com/weather/centralstation/storage/BitCaskStore.java. Using fallback presentation compiler.[0m
2026.05.22 17:36:45 INFO  no build target found for /Users/habibaelkamary/Desktop/College(new)/DDIA/Labs/project/Weather-Stations-Monitoring-DDIA-Project/weather-station/src/main/java/com/weather/centralstation/storage/BitCaskStore.java. Using fallback presentation compiler.[0m
2026.05.22 17:36:46 INFO  no build target found for /Users/habibaelkamary/Desktop/College(new)/DDIA/Labs/project/Weather-Stations-Monitoring-DDIA-Project/weather-station/src/main/java/com/weather/centralstation/storage/BitCaskStore.java. Using fallback presentation compiler.[0m
2026.05.22 17:36:47 INFO  no build target found for /Users/habibaelkamary/Desktop/College(new)/DDIA/Labs/project/Weather-Stations-Monitoring-DDIA-Project/weather-station/src/main/java/com/weather/centralstation/storage/BitCaskStore.java. Using fallback presentation compiler.[0m
2026.05.22 17:36:47 INFO  no build target found for /Users/habibaelkamary/Desktop/College(new)/DDIA/Labs/project/Weather-Stations-Monitoring-DDIA-Project/weather-station/src/main/java/com/weather/centralstation/storage/BitCaskStore.java. Using fallback presentation compiler.[0m
2026.05.22 17:36:47 INFO  no build target found for /Users/habibaelkamary/Desktop/College(new)/DDIA/Labs/project/Weather-Stations-Monitoring-DDIA-Project/weather-station/src/main/java/com/weather/centralstation/storage/BitCaskStore.java. Using fallback presentation compiler.[0m
2026.05.22 17:36:47 INFO  time: code lens generation in 1.25s[0m
2026.05.22 17:36:47 INFO  no build target found for /Users/habibaelkamary/Desktop/College(new)/DDIA/Labs/project/Weather-Stations-Monitoring-DDIA-Project/weather-station/src/main/java/com/weather/centralstation/storage/BitCaskStore.java. Using fallback presentation compiler.[0m
2026.05.22 17:36:48 INFO  no build target found for /Users/habibaelkamary/Desktop/College(new)/DDIA/Labs/project/Weather-Stations-Monitoring-DDIA-Project/weather-station/src/main/java/com/weather/centralstation/storage/BitCaskStore.java. Using fallback presentation compiler.[0m
2026.05.22 17:36:48 INFO  no build target found for /Users/habibaelkamary/Desktop/College(new)/DDIA/Labs/project/Weather-Stations-Monitoring-DDIA-Project/weather-station/src/main/java/com/weather/centralstation/storage/BitCaskStore.java. Using fallback presentation compiler.[0m
2026.05.22 17:36:48 INFO  no build target found for /Users/habibaelkamary/Desktop/College(new)/DDIA/Labs/project/Weather-Stations-Monitoring-DDIA-Project/weather-station/src/main/java/com/weather/centralstation/storage/BitCaskStore.java. Using fallback presentation compiler.[0m
2026.05.22 17:36:48 INFO  no build target found for /Users/habibaelkamary/Desktop/College(new)/DDIA/Labs/project/Weather-Stations-Monitoring-DDIA-Project/weather-station/src/main/java/com/weather/centralstation/storage/BitCaskStore.java. Using fallback presentation compiler.[0m
2026.05.22 17:36:48 INFO  no build target found for /Users/habibaelkamary/Desktop/College(new)/DDIA/Labs/project/Weather-Stations-Monitoring-DDIA-Project/weather-station/src/main/java/com/weather/centralstation/storage/BitCaskStore.java. Using fallback presentation compiler.[0m
2026.05.22 17:36:48 INFO  no build target found for /Users/habibaelkamary/Desktop/College(new)/DDIA/Labs/project/Weather-Stations-Monitoring-DDIA-Project/weather-station/src/main/java/com/weather/centralstation/storage/BitCaskStore.java. Using fallback presentation compiler.[0m
2026.05.22 17:36:48 INFO  no build target found for /Users/habibaelkamary/Desktop/College(new)/DDIA/Labs/project/Weather-Stations-Monitoring-DDIA-Project/weather-station/src/main/java/com/weather/centralstation/storage/BitCaskStore.java. Using fallback presentation compiler.[0m
2026.05.22 17:36:49 INFO  no build target found for /Users/habibaelkamary/Desktop/College(new)/DDIA/Labs/project/Weather-Stations-Monitoring-DDIA-Project/weather-station/src/main/java/com/weather/centralstation/storage/BitCaskStore.java. Using fallback presentation compiler.[0m
2026.05.22 17:36:48 INFO  no build target found for /Users/habibaelkamary/Desktop/College(new)/DDIA/Labs/project/Weather-Stations-Monitoring-DDIA-Project/weather-station/src/main/java/com/weather/centralstation/storage/BitCaskStore.java. Using fallback presentation compiler.[0m
2026.05.22 17:36:49 INFO  no build target found for /Users/habibaelkamary/Desktop/College(new)/DDIA/Labs/project/Weather-Stations-Monitoring-DDIA-Project/weather-station/src/main/java/com/weather/centralstation/storage/BitCaskStore.java. Using fallback presentation compiler.[0m
2026.05.22 17:36:49 INFO  no build target found for /Users/habibaelkamary/Desktop/College(new)/DDIA/Labs/project/Weather-Stations-Monitoring-DDIA-Project/weather-station/src/main/java/com/weather/centralstation/storage/BitCaskStore.java. Using fallback presentation compiler.[0m
2026.05.22 17:36:49 INFO  no build target found for /Users/habibaelkamary/Desktop/College(new)/DDIA/Labs/project/Weather-Stations-Monitoring-DDIA-Project/weather-station/src/main/java/com/weather/centralstation/storage/BitCaskStore.java. Using fallback presentation compiler.[0m
2026.05.22 17:36:49 INFO  no build target found for /Users/habibaelkamary/Desktop/College(new)/DDIA/Labs/project/Weather-Stations-Monitoring-DDIA-Project/weather-station/src/main/java/com/weather/centralstation/storage/BitCaskStore.java. Using fallback presentation compiler.[0m
2026.05.22 17:36:49 INFO  no build target found for /Users/habibaelkamary/Desktop/College(new)/DDIA/Labs/project/Weather-Stations-Monitoring-DDIA-Project/weather-station/src/main/java/com/weather/centralstation/storage/BitCaskStore.java. Using fallback presentation compiler.[0m
2026.05.22 17:36:50 INFO  no build target found for /Users/habibaelkamary/Desktop/College(new)/DDIA/Labs/project/Weather-Stations-Monitoring-DDIA-Project/weather-station/src/main/java/com/weather/centralstation/storage/BitCaskStore.java. Using fallback presentation compiler.[0m
2026.05.22 17:36:49 INFO  no build target found for /Users/habibaelkamary/Desktop/College(new)/DDIA/Labs/project/Weather-Stations-Monitoring-DDIA-Project/weather-station/src/main/java/com/weather/centralstation/storage/BitCaskStore.java. Using fallback presentation compiler.[0m
2026.05.22 17:36:51 INFO  no build target found for /Users/habibaelkamary/Desktop/College(new)/DDIA/Labs/project/Weather-Stations-Monitoring-DDIA-Project/weather-station/src/main/java/com/weather/centralstation/storage/BitCaskStore.java. Using fallback presentation compiler.[0m
2026.05.22 17:36:51 INFO  no build target found for /Users/habibaelkamary/Desktop/College(new)/DDIA/Labs/project/Weather-Stations-Monitoring-DDIA-Project/weather-station/src/main/java/com/weather/centralstation/storage/BitCaskStore.java. Using fallback presentation compiler.[0m
2026.05.22 17:36:51 INFO  no build target found for /Users/habibaelkamary/Desktop/College(new)/DDIA/Labs/project/Weather-Stations-Monitoring-DDIA-Project/weather-station/src/main/java/com/weather/centralstation/storage/BitCaskStore.java. Using fallback presentation compiler.[0m
2026.05.22 17:36:51 INFO  no build target found for /Users/habibaelkamary/Desktop/College(new)/DDIA/Labs/project/Weather-Stations-Monitoring-DDIA-Project/weather-station/src/main/java/com/weather/centralstation/storage/BitCaskStore.java. Using fallback presentation compiler.[0m
2026.05.22 17:36:51 INFO  no build target found for /Users/habibaelkamary/Desktop/College(new)/DDIA/Labs/project/Weather-Stations-Monitoring-DDIA-Project/weather-station/src/main/java/com/weather/centralstation/storage/BitCaskStore.java. Using fallback presentation compiler.[0m
2026.05.22 17:36:51 INFO  no build target found for /Users/habibaelkamary/Desktop/College(new)/DDIA/Labs/project/Weather-Stations-Monitoring-DDIA-Project/weather-station/src/main/java/com/weather/centralstation/storage/BitCaskStore.java. Using fallback presentation compiler.[0m
2026.05.22 17:36:51 INFO  no build target found for /Users/habibaelkamary/Desktop/College(new)/DDIA/Labs/project/Weather-Stations-Monitoring-DDIA-Project/weather-station/src/main/java/com/weather/centralstation/storage/BitCaskStore.java. Using fallback presentation compiler.[0m
2026.05.22 17:36:51 INFO  no build target found for /Users/habibaelkamary/Desktop/College(new)/DDIA/Labs/project/Weather-Stations-Monitoring-DDIA-Project/weather-station/src/main/java/com/weather/centralstation/storage/BitCaskStore.java. Using fallback presentation compiler.[0m
2026.05.22 17:36:51 INFO  no build target found for /Users/habibaelkamary/Desktop/College(new)/DDIA/Labs/project/Weather-Stations-Monitoring-DDIA-Project/weather-station/src/main/java/com/weather/centralstation/storage/BitCaskStore.java. Using fallback presentation compiler.[0m
2026.05.22 17:36:52 INFO  no build target found for /Users/habibaelkamary/Desktop/College(new)/DDIA/Labs/project/Weather-Stations-Monitoring-DDIA-Project/weather-station/src/main/java/com/weather/centralstation/storage/BitCaskStore.java. Using fallback presentation compiler.[0m
2026.05.22 17:36:52 INFO  no build target found for /Users/habibaelkamary/Desktop/College(new)/DDIA/Labs/project/Weather-Stations-Monitoring-DDIA-Project/weather-station/src/main/java/com/weather/centralstation/storage/BitCaskStore.java. Using fallback presentation compiler.[0m
2026.05.22 17:36:52 INFO  no build target found for /Users/habibaelkamary/Desktop/College(new)/DDIA/Labs/project/Weather-Stations-Monitoring-DDIA-Project/weather-station/src/main/java/com/weather/centralstation/storage/BitCaskStore.java. Using fallback presentation compiler.[0m
2026.05.22 17:36:52 INFO  no build target found for /Users/habibaelkamary/Desktop/College(new)/DDIA/Labs/project/Weather-Stations-Monitoring-DDIA-Project/weather-station/src/main/java/com/weather/centralstation/storage/BitCaskStore.java. Using fallback presentation compiler.[0m
2026.05.22 17:36:52 INFO  no build target found for /Users/habibaelkamary/Desktop/College(new)/DDIA/Labs/project/Weather-Stations-Monitoring-DDIA-Project/weather-station/src/main/java/com/weather/centralstation/storage/BitCaskStore.java. Using fallback presentation compiler.[0m
2026.05.22 17:36:52 INFO  no build target found for /Users/habibaelkamary/Desktop/College(new)/DDIA/Labs/project/Weather-Stations-Monitoring-DDIA-Project/weather-station/src/main/java/com/weather/centralstation/storage/BitCaskStore.java. Using fallback presentation compiler.[0m
2026.05.22 17:36:52 INFO  no build target found for /Users/habibaelkamary/Desktop/College(new)/DDIA/Labs/project/Weather-Stations-Monitoring-DDIA-Project/weather-station/src/main/java/com/weather/centralstation/storage/BitCaskStore.java. Using fallback presentation compiler.[0m
2026.05.22 17:36:52 INFO  no build target found for /Users/habibaelkamary/Desktop/College(new)/DDIA/Labs/project/Weather-Stations-Monitoring-DDIA-Project/weather-station/src/main/java/com/weather/centralstation/storage/BitCaskStore.java. Using fallback presentation compiler.[0m
2026.05.22 17:36:52 INFO  no build target found for /Users/habibaelkamary/Desktop/College(new)/DDIA/Labs/project/Weather-Stations-Monitoring-DDIA-Project/weather-station/src/main/java/com/weather/centralstation/storage/BitCaskStore.java. Using fallback presentation compiler.[0m
2026.05.22 17:36:52 INFO  no build target found for /Users/habibaelkamary/Desktop/College(new)/DDIA/Labs/project/Weather-Stations-Monitoring-DDIA-Project/weather-station/src/main/java/com/weather/centralstation/storage/BitCaskStore.java. Using fallback presentation compiler.[0m
2026.05.22 17:36:53 INFO  no build target found for /Users/habibaelkamary/Desktop/College(new)/DDIA/Labs/project/Weather-Stations-Monitoring-DDIA-Project/weather-station/src/main/java/com/weather/centralstation/storage/BitCaskStore.java. Using fallback presentation compiler.[0m
2026.05.22 17:36:53 INFO  no build target found for /Users/habibaelkamary/Desktop/College(new)/DDIA/Labs/project/Weather-Stations-Monitoring-DDIA-Project/weather-station/src/main/java/com/weather/centralstation/storage/BitCaskStore.java. Using fallback presentation compiler.[0m
2026.05.22 17:36:53 INFO  no build target found for /Users/habibaelkamary/Desktop/College(new)/DDIA/Labs/project/Weather-Stations-Monitoring-DDIA-Project/weather-station/src/main/java/com/weather/centralstation/storage/BitCaskStore.java. Using fallback presentation compiler.[0m
2026.05.22 17:36:53 INFO  no build target found for /Users/habibaelkamary/Desktop/College(new)/DDIA/Labs/project/Weather-Stations-Monitoring-DDIA-Project/weather-station/src/main/java/com/weather/centralstation/storage/BitCaskStore.java. Using fallback presentation compiler.[0m
2026.05.22 17:36:52 INFO  no build target found for /Users/habibaelkamary/Desktop/College(new)/DDIA/Labs/project/Weather-Stations-Monitoring-DDIA-Project/weather-station/src/main/java/com/weather/centralstation/storage/BitCaskStore.java. Using fallback presentation compiler.[0m
2026.05.22 17:36:53 INFO  no build target found for /Users/habibaelkamary/Desktop/College(new)/DDIA/Labs/project/Weather-Stations-Monitoring-DDIA-Project/weather-station/src/main/java/com/weather/centralstation/storage/BitCaskStore.java. Using fallback presentation compiler.[0m
2026.05.22 17:36:53 INFO  no build target found for /Users/habibaelkamary/Desktop/College(new)/DDIA/Labs/project/Weather-Stations-Monitoring-DDIA-Project/weather-station/src/main/java/com/weather/centralstation/storage/BitCaskStore.java. Using fallback presentation compiler.[0m
2026.05.22 17:36:53 INFO  no build target found for /Users/habibaelkamary/Desktop/College(new)/DDIA/Labs/project/Weather-Stations-Monitoring-DDIA-Project/weather-station/src/main/java/com/weather/centralstation/storage/BitCaskStore.java. Using fallback presentation compiler.[0m
2026.05.22 17:36:54 INFO  no build target found for /Users/habibaelkamary/Desktop/College(new)/DDIA/Labs/project/Weather-Stations-Monitoring-DDIA-Project/weather-station/src/main/java/com/weather/centralstation/storage/BitCaskStore.java. Using fallback presentation compiler.[0m
2026.05.22 17:36:54 INFO  no build target found for /Users/habibaelkamary/Desktop/College(new)/DDIA/Labs/project/Weather-Stations-Monitoring-DDIA-Project/weather-station/src/main/java/com/weather/centralstation/storage/BitCaskStore.java. Using fallback presentation compiler.[0m
2026.05.22 17:36:54 INFO  no build target found for /Users/habibaelkamary/Desktop/College(new)/DDIA/Labs/project/Weather-Stations-Monitoring-DDIA-Project/weather-station/src/main/java/com/weather/centralstation/storage/BitCaskStore.java. Using fallback presentation compiler.[0m
2026.05.22 17:36:54 INFO  no build target found for /Users/habibaelkamary/Desktop/College(new)/DDIA/Labs/project/Weather-Stations-Monitoring-DDIA-Project/weather-station/src/main/java/com/weather/centralstation/storage/BitCaskStore.java. Using fallback presentation compiler.[0m
2026.05.22 17:36:54 INFO  no build target found for /Users/habibaelkamary/Desktop/College(new)/DDIA/Labs/project/Weather-Stations-Monitoring-DDIA-Project/weather-station/src/main/java/com/weather/centralstation/storage/BitCaskStore.java. Using fallback presentation compiler.[0m
2026.05.22 17:36:55 INFO  no build target found for /Users/habibaelkamary/Desktop/College(new)/DDIA/Labs/project/Weather-Stations-Monitoring-DDIA-Project/weather-station/src/main/java/com/weather/centralstation/storage/BitCaskStore.java. Using fallback presentation compiler.[0m
2026.05.22 17:36:55 INFO  no build target found for /Users/habibaelkamary/Desktop/College(new)/DDIA/Labs/project/Weather-Stations-Monitoring-DDIA-Project/weather-station/src/main/java/com/weather/centralstation/storage/BitCaskStore.java. Using fallback presentation compiler.[0m
2026.05.22 17:36:55 INFO  no build target found for /Users/habibaelkamary/Desktop/College(new)/DDIA/Labs/project/Weather-Stations-Monitoring-DDIA-Project/weather-station/src/main/java/com/weather/centralstation/storage/BitCaskStore.java. Using fallback presentation compiler.[0m
2026.05.22 17:36:55 INFO  no build target found for /Users/habibaelkamary/Desktop/College(new)/DDIA/Labs/project/Weather-Stations-Monitoring-DDIA-Project/weather-station/src/main/java/com/weather/centralstation/storage/BitCaskStore.java. Using fallback presentation compiler.[0m
2026.05.22 17:36:55 INFO  no build target found for /Users/habibaelkamary/Desktop/College(new)/DDIA/Labs/project/Weather-Stations-Monitoring-DDIA-Project/weather-station/src/main/java/com/weather/centralstation/storage/BitCaskStore.java. Using fallback presentation compiler.[0m
2026.05.22 17:36:56 INFO  no build target found for /Users/habibaelkamary/Desktop/College(new)/DDIA/Labs/project/Weather-Stations-Monitoring-DDIA-Project/weather-station/src/main/java/com/weather/centralstation/storage/BitCaskStore.java. Using fallback presentation compiler.[0m
2026.05.22 17:36:55 INFO  no build target found for /Users/habibaelkamary/Desktop/College(new)/DDIA/Labs/project/Weather-Stations-Monitoring-DDIA-Project/weather-station/src/main/java/com/weather/centralstation/storage/BitCaskStore.java. Using fallback presentation compiler.[0m
2026.05.22 17:36:55 INFO  no build target found for /Users/habibaelkamary/Desktop/College(new)/DDIA/Labs/project/Weather-Stations-Monitoring-DDIA-Project/weather-station/src/main/java/com/weather/centralstation/storage/BitCaskStore.java. Using fallback presentation compiler.[0m
2026.05.22 17:36:56 INFO  no build target found for /Users/habibaelkamary/Desktop/College(new)/DDIA/Labs/project/Weather-Stations-Monitoring-DDIA-Project/weather-station/src/main/java/com/weather/centralstation/storage/BitCaskStore.java. Using fallback presentation compiler.[0m
2026.05.22 17:36:56 INFO  no build target found for /Users/habibaelkamary/Desktop/College(new)/DDIA/Labs/project/Weather-Stations-Monitoring-DDIA-Project/weather-station/src/main/java/com/weather/centralstation/storage/BitCaskStore.java. Using fallback presentation compiler.[0m
2026.05.22 17:36:56 INFO  no build target found for /Users/habibaelkamary/Desktop/College(new)/DDIA/Labs/project/Weather-Stations-Monitoring-DDIA-Project/weather-station/src/main/java/com/weather/centralstation/storage/BitCaskStore.java. Using fallback presentation compiler.[0m
2026.05.22 17:36:56 INFO  no build target found for /Users/habibaelkamary/Desktop/College(new)/DDIA/Labs/project/Weather-Stations-Monitoring-DDIA-Project/weather-station/src/main/java/com/weather/centralstation/storage/BitCaskStore.java. Using fallback presentation compiler.[0m
2026.05.22 17:36:56 INFO  no build target found for /Users/habibaelkamary/Desktop/College(new)/DDIA/Labs/project/Weather-Stations-Monitoring-DDIA-Project/weather-station/src/main/java/com/weather/centralstation/storage/BitCaskStore.java. Using fallback presentation compiler.[0m
2026.05.22 17:36:57 INFO  no build target found for /Users/habibaelkamary/Desktop/College(new)/DDIA/Labs/project/Weather-Stations-Monitoring-DDIA-Project/weather-station/src/main/java/com/weather/centralstation/storage/BitCaskStore.java. Using fallback presentation compiler.[0m
2026.05.22 17:36:57 INFO  no build target found for /Users/habibaelkamary/Desktop/College(new)/DDIA/Labs/project/Weather-Stations-Monitoring-DDIA-Project/weather-station/src/main/java/com/weather/centralstation/storage/BitCaskStore.java. Using fallback presentation compiler.[0m
2026.05.22 17:36:57 INFO  no build target found for /Users/habibaelkamary/Desktop/College(new)/DDIA/Labs/project/Weather-Stations-Monitoring-DDIA-Project/weather-station/src/main/java/com/weather/centralstation/storage/BitCaskStore.java. Using fallback presentation compiler.[0m
2026.05.22 17:36:58 INFO  no build target found for /Users/habibaelkamary/Desktop/College(new)/DDIA/Labs/project/Weather-Stations-Monitoring-DDIA-Project/weather-station/src/main/java/com/weather/centralstation/storage/BitCaskStore.java. Using fallback presentation compiler.[0m
2026.05.22 17:36:57 INFO  no build target found for /Users/habibaelkamary/Desktop/College(new)/DDIA/Labs/project/Weather-Stations-Monitoring-DDIA-Project/weather-station/src/main/java/com/weather/centralstation/storage/BitCaskStore.java. Using fallback presentation compiler.[0m
May 22, 2026 5:36:58 PM org.eclipse.lsp4j.jsonrpc.RemoteEndpoint handleCancellation
WARNING: Unmatched cancel notification for request id 4670
May 22, 2026 5:36:58 PM org.eclipse.lsp4j.jsonrpc.RemoteEndpoint handleCancellation
WARNING: Unmatched cancel notification for request id 4671
2026.05.22 17:36:58 INFO  no build target found for /Users/habibaelkamary/Desktop/College(new)/DDIA/Labs/project/Weather-Stations-Monitoring-DDIA-Project/weather-station/src/main/java/com/weather/centralstation/storage/BitCaskStore.java. Using fallback presentation compiler.[0m
2026.05.22 17:36:58 INFO  no build target found for /Users/habibaelkamary/Desktop/College(new)/DDIA/Labs/project/Weather-Stations-Monitoring-DDIA-Project/weather-station/src/main/java/com/weather/centralstation/storage/BitCaskStore.java. Using fallback presentation compiler.[0m
2026.05.22 17:36:58 INFO  no build target found for /Users/habibaelkamary/Desktop/College(new)/DDIA/Labs/project/Weather-Stations-Monitoring-DDIA-Project/weather-station/src/main/java/com/weather/centralstation/storage/BitCaskStore.java. Using fallback presentation compiler.[0m
2026.05.22 17:36:58 INFO  no build target found for /Users/habibaelkamary/Desktop/College(new)/DDIA/Labs/project/Weather-Stations-Monitoring-DDIA-Project/weather-station/src/main/java/com/weather/centralstation/storage/BitCaskStore.java. Using fallback presentation compiler.[0m
2026.05.22 17:36:58 INFO  time: code lens generation in 1.55s[0m
2026.05.22 17:36:58 INFO  time: code lens generation in 1.01s[0m
2026.05.22 17:36:58 INFO  no build target found for /Users/habibaelkamary/Desktop/College(new)/DDIA/Labs/project/Weather-Stations-Monitoring-DDIA-Project/weather-station/src/main/java/com/weather/centralstation/storage/BitCaskStore.java. Using fallback presentation compiler.[0m
2026.05.22 17:36:58 INFO  no build target found for /Users/habibaelkamary/Desktop/College(new)/DDIA/Labs/project/Weather-Stations-Monitoring-DDIA-Project/weather-station/src/main/java/com/weather/centralstation/storage/BitCaskStore.java. Using fallback presentation compiler.[0m
2026.05.22 17:36:58 INFO  no build target found for /Users/habibaelkamary/Desktop/College(new)/DDIA/Labs/project/Weather-Stations-Monitoring-DDIA-Project/weather-station/src/main/java/com/weather/centralstation/storage/BitCaskStore.java. Using fallback presentation compiler.[0m
2026.05.22 17:36:58 INFO  no build target found for /Users/habibaelkamary/Desktop/College(new)/DDIA/Labs/project/Weather-Stations-Monitoring-DDIA-Project/weather-station/src/main/java/com/weather/centralstation/storage/BitCaskStore.java. Using fallback presentation compiler.[0m
2026.05.22 17:36:58 INFO  no build target found for /Users/habibaelkamary/Desktop/College(new)/DDIA/Labs/project/Weather-Stations-Monitoring-DDIA-Project/weather-station/src/main/java/com/weather/centralstation/storage/BitCaskStore.java. Using fallback presentation compiler.[0m
2026.05.22 17:36:58 INFO  no build target found for /Users/habibaelkamary/Desktop/College(new)/DDIA/Labs/project/Weather-Stations-Monitoring-DDIA-Project/weather-station/src/main/java/com/weather/centralstation/storage/BitCaskStore.java. Using fallback presentation compiler.[0m
2026.05.22 17:36:59 INFO  no build target found for /Users/habibaelkamary/Desktop/College(new)/DDIA/Labs/project/Weather-Stations-Monitoring-DDIA-Project/weather-station/src/main/java/com/weather/centralstation/storage/BitCaskStore.java. Using fallback presentation compiler.[0m
2026.05.22 17:36:59 INFO  no build target found for /Users/habibaelkamary/Desktop/College(new)/DDIA/Labs/project/Weather-Stations-Monitoring-DDIA-Project/weather-station/src/main/java/com/weather/centralstation/storage/BitCaskStore.java. Using fallback presentation compiler.[0m
2026.05.22 17:36:59 INFO  no build target found for /Users/habibaelkamary/Desktop/College(new)/DDIA/Labs/project/Weather-Stations-Monitoring-DDIA-Project/weather-station/src/main/java/com/weather/centralstation/storage/BitCaskStore.java. Using fallback presentation compiler.[0m
2026.05.22 17:36:59 INFO  no build target found for /Users/habibaelkamary/Desktop/College(new)/DDIA/Labs/project/Weather-Stations-Monitoring-DDIA-Project/weather-station/src/main/java/com/weather/centralstation/storage/BitCaskStore.java. Using fallback presentation compiler.[0m
2026.05.22 17:36:59 INFO  no build target found for /Users/habibaelkamary/Desktop/College(new)/DDIA/Labs/project/Weather-Stations-Monitoring-DDIA-Project/weather-station/src/main/java/com/weather/centralstation/storage/BitCaskStore.java. Using fallback presentation compiler.[0m
2026.05.22 17:36:59 INFO  no build target found for /Users/habibaelkamary/Desktop/College(new)/DDIA/Labs/project/Weather-Stations-Monitoring-DDIA-Project/weather-station/src/main/java/com/weather/centralstation/storage/BitCaskStore.java. Using fallback presentation compiler.[0m
2026.05.22 17:36:59 INFO  no build target found for /Users/habibaelkamary/Desktop/College(new)/DDIA/Labs/project/Weather-Stations-Monitoring-DDIA-Project/weather-station/src/main/java/com/weather/centralstation/storage/BitCaskStore.java. Using fallback presentation compiler.[0m
2026.05.22 17:37:00 INFO  no build target found for /Users/habibaelkamary/Desktop/College(new)/DDIA/Labs/project/Weather-Stations-Monitoring-DDIA-Project/weather-station/src/main/java/com/weather/centralstation/storage/BitCaskStore.java. Using fallback presentation compiler.[0m
2026.05.22 17:36:59 INFO  no build target found for /Users/habibaelkamary/Desktop/College(new)/DDIA/Labs/project/Weather-Stations-Monitoring-DDIA-Project/weather-station/src/main/java/com/weather/centralstation/storage/BitCaskStore.java. Using fallback presentation compiler.[0m
2026.05.22 17:36:59 INFO  no build target found for /Users/habibaelkamary/Desktop/College(new)/DDIA/Labs/project/Weather-Stations-Monitoring-DDIA-Project/weather-station/src/main/java/com/weather/centralstation/storage/BitCaskStore.java. Using fallback presentation compiler.[0m
2026.05.22 17:37:00 INFO  no build target found for /Users/habibaelkamary/Desktop/College(new)/DDIA/Labs/project/Weather-Stations-Monitoring-DDIA-Project/weather-station/src/main/java/com/weather/centralstation/storage/BitCaskStore.java. Using fallback presentation compiler.[0m
2026.05.22 17:37:00 INFO  no build target found for /Users/habibaelkamary/Desktop/College(new)/DDIA/Labs/project/Weather-Stations-Monitoring-DDIA-Project/weather-station/src/main/java/com/weather/centralstation/storage/BitCaskStore.java. Using fallback presentation compiler.[0m
2026.05.22 17:37:00 INFO  no build target found for /Users/habibaelkamary/Desktop/College(new)/DDIA/Labs/project/Weather-Stations-Monitoring-DDIA-Project/weather-station/src/main/java/com/weather/centralstation/storage/BitCaskStore.java. Using fallback presentation compiler.[0m
2026.05.22 17:37:00 INFO  no build target found for /Users/habibaelkamary/Desktop/College(new)/DDIA/Labs/project/Weather-Stations-Monitoring-DDIA-Project/weather-station/src/main/java/com/weather/centralstation/storage/BitCaskStore.java. Using fallback presentation compiler.[0m
2026.05.22 17:37:00 INFO  no build target found for /Users/habibaelkamary/Desktop/College(new)/DDIA/Labs/project/Weather-Stations-Monitoring-DDIA-Project/weather-station/src/main/java/com/weather/centralstation/storage/BitCaskStore.java. Using fallback presentation compiler.[0m
2026.05.22 17:37:00 INFO  no build target found for /Users/habibaelkamary/Desktop/College(new)/DDIA/Labs/project/Weather-Stations-Monitoring-DDIA-Project/weather-station/src/main/java/com/weather/centralstation/storage/BitCaskStore.java. Using fallback presentation compiler.[0m
2026.05.22 17:37:00 INFO  no build target found for /Users/habibaelkamary/Desktop/College(new)/DDIA/Labs/project/Weather-Stations-Monitoring-DDIA-Project/weather-station/src/main/java/com/weather/centralstation/storage/BitCaskStore.java. Using fallback presentation compiler.[0m
2026.05.22 17:37:01 INFO  no build target found for /Users/habibaelkamary/Desktop/College(new)/DDIA/Labs/project/Weather-Stations-Monitoring-DDIA-Project/weather-station/src/main/java/com/weather/centralstation/storage/BitCaskStore.java. Using fallback presentation compiler.[0m
2026.05.22 17:37:01 INFO  no build target found for /Users/habibaelkamary/Desktop/College(new)/DDIA/Labs/project/Weather-Stations-Monitoring-DDIA-Project/weather-station/src/main/java/com/weather/centralstation/storage/BitCaskStore.java. Using fallback presentation compiler.[0m
2026.05.22 17:37:01 INFO  no build target found for /Users/habibaelkamary/Desktop/College(new)/DDIA/Labs/project/Weather-Stations-Monitoring-DDIA-Project/weather-station/src/main/java/com/weather/centralstation/storage/BitCaskStore.java. Using fallback presentation compiler.[0m
2026.05.22 17:37:01 INFO  no build target found for /Users/habibaelkamary/Desktop/College(new)/DDIA/Labs/project/Weather-Stations-Monitoring-DDIA-Project/weather-station/src/main/java/com/weather/centralstation/storage/BitCaskStore.java. Using fallback presentation compiler.[0m
2026.05.22 17:37:02 INFO  no build target found for /Users/habibaelkamary/Desktop/College(new)/DDIA/Labs/project/Weather-Stations-Monitoring-DDIA-Project/weather-station/src/main/java/com/weather/centralstation/storage/BitCaskStore.java. Using fallback presentation compiler.[0m
2026.05.22 17:37:01 INFO  no build target found for /Users/habibaelkamary/Desktop/College(new)/DDIA/Labs/project/Weather-Stations-Monitoring-DDIA-Project/weather-station/src/main/java/com/weather/centralstation/storage/BitCaskStore.java. Using fallback presentation compiler.[0m
2026.05.22 17:37:01 INFO  no build target found for /Users/habibaelkamary/Desktop/College(new)/DDIA/Labs/project/Weather-Stations-Monitoring-DDIA-Project/weather-station/src/main/java/com/weather/centralstation/storage/BitCaskStore.java. Using fallback presentation compiler.[0m
2026.05.22 17:37:01 INFO  no build target found for /Users/habibaelkamary/Desktop/College(new)/DDIA/Labs/project/Weather-Stations-Monitoring-DDIA-Project/weather-station/src/main/java/com/weather/centralstation/storage/BitCaskStore.java. Using fallback presentation compiler.[0m
2026.05.22 17:37:01 INFO  no build target found for /Users/habibaelkamary/Desktop/College(new)/DDIA/Labs/project/Weather-Stations-Monitoring-DDIA-Project/weather-station/src/main/java/com/weather/centralstation/storage/BitCaskStore.java. Using fallback presentation compiler.[0m
2026.05.22 17:37:02 INFO  no build target found for /Users/habibaelkamary/Desktop/College(new)/DDIA/Labs/project/Weather-Stations-Monitoring-DDIA-Project/weather-station/src/main/java/com/weather/centralstation/storage/BitCaskStore.java. Using fallback presentation compiler.[0m
2026.05.22 17:37:02 INFO  no build target found for /Users/habibaelkamary/Desktop/College(new)/DDIA/Labs/project/Weather-Stations-Monitoring-DDIA-Project/weather-station/src/main/java/com/weather/centralstation/storage/BitCaskStore.java. Using fallback presentation compiler.[0m
2026.05.22 17:37:02 INFO  no build target found for /Users/habibaelkamary/Desktop/College(new)/DDIA/Labs/project/Weather-Stations-Monitoring-DDIA-Project/weather-station/src/main/java/com/weather/centralstation/storage/BitCaskStore.java. Using fallback presentation compiler.[0m
2026.05.22 17:37:02 INFO  no build target found for /Users/habibaelkamary/Desktop/College(new)/DDIA/Labs/project/Weather-Stations-Monitoring-DDIA-Project/weather-station/src/main/java/com/weather/centralstation/storage/BitCaskStore.java. Using fallback presentation compiler.[0m
2026.05.22 17:37:02 INFO  no build target found for /Users/habibaelkamary/Desktop/College(new)/DDIA/Labs/project/Weather-Stations-Monitoring-DDIA-Project/weather-station/src/main/java/com/weather/centralstation/storage/BitCaskStore.java. Using fallback presentation compiler.[0m
2026.05.22 17:37:03 INFO  no build target found for /Users/habibaelkamary/Desktop/College(new)/DDIA/Labs/project/Weather-Stations-Monitoring-DDIA-Project/weather-station/src/main/java/com/weather/centralstation/storage/BitCaskStore.java. Using fallback presentation compiler.[0m
2026.05.22 17:37:02 INFO  no build target found for /Users/habibaelkamary/Desktop/College(new)/DDIA/Labs/project/Weather-Stations-Monitoring-DDIA-Project/weather-station/src/main/java/com/weather/centralstation/storage/BitCaskStore.java. Using fallback presentation compiler.[0m
2026.05.22 17:37:03 INFO  no build target found for /Users/habibaelkamary/Desktop/College(new)/DDIA/Labs/project/Weather-Stations-Monitoring-DDIA-Project/weather-station/src/main/java/com/weather/centralstation/storage/BitCaskStore.java. Using fallback presentation compiler.[0m
2026.05.22 17:37:03 INFO  no build target found for /Users/habibaelkamary/Desktop/College(new)/DDIA/Labs/project/Weather-Stations-Monitoring-DDIA-Project/weather-station/src/main/java/com/weather/centralstation/storage/BitCaskStore.java. Using fallback presentation compiler.[0m
2026.05.22 17:37:03 INFO  no build target found for /Users/habibaelkamary/Desktop/College(new)/DDIA/Labs/project/Weather-Stations-Monitoring-DDIA-Project/weather-station/src/main/java/com/weather/centralstation/storage/BitCaskStore.java. Using fallback presentation compiler.[0m
2026.05.22 17:37:03 INFO  no build target found for /Users/habibaelkamary/Desktop/College(new)/DDIA/Labs/project/Weather-Stations-Monitoring-DDIA-Project/weather-station/src/main/java/com/weather/centralstation/storage/BitCaskStore.java. Using fallback presentation compiler.[0m
2026.05.22 17:37:04 INFO  no build target found for /Users/habibaelkamary/Desktop/College(new)/DDIA/Labs/project/Weather-Stations-Monitoring-DDIA-Project/weather-station/src/main/java/com/weather/centralstation/storage/BitCaskStore.java. Using fallback presentation compiler.[0m
2026.05.22 17:37:03 INFO  no build target found for /Users/habibaelkamary/Desktop/College(new)/DDIA/Labs/project/Weather-Stations-Monitoring-DDIA-Project/weather-station/src/main/java/com/weather/centralstation/storage/BitCaskStore.java. Using fallback presentation compiler.[0m
2026.05.22 17:37:04 INFO  time: code lens generation in 1.01s[0m
2026.05.22 17:37:03 INFO  no build target found for /Users/habibaelkamary/Desktop/College(new)/DDIA/Labs/project/Weather-Stations-Monitoring-DDIA-Project/weather-station/src/main/java/com/weather/centralstation/storage/BitCaskStore.java. Using fallback presentation compiler.[0m
2026.05.22 17:37:04 INFO  no build target found for /Users/habibaelkamary/Desktop/College(new)/DDIA/Labs/project/Weather-Stations-Monitoring-DDIA-Project/weather-station/src/main/java/com/weather/centralstation/storage/BitCaskStore.java. Using fallback presentation compiler.[0m
2026.05.22 17:37:03 INFO  no build target found for /Users/habibaelkamary/Desktop/College(new)/DDIA/Labs/project/Weather-Stations-Monitoring-DDIA-Project/weather-station/src/main/java/com/weather/centralstation/storage/BitCaskStore.java. Using fallback presentation compiler.[0m
2026.05.22 17:37:07 INFO  no build target found for /Users/habibaelkamary/Desktop/College(new)/DDIA/Labs/project/Weather-Stations-Monitoring-DDIA-Project/weather-station/src/main/java/com/weather/centralstation/storage/BitCaskStore.java. Using fallback presentation compiler.[0m
2026.05.22 17:37:14 INFO  no build target found for /Users/habibaelkamary/Desktop/College(new)/DDIA/Labs/project/Weather-Stations-Monitoring-DDIA-Project/weather-station/src/main/java/com/weather/centralstation/storage/BitCaskStore.java. Using fallback presentation compiler.[0m
2026.05.22 17:37:26 WARN  no build target for: /Users/habibaelkamary/Desktop/College(new)/DDIA/Labs/project/Weather-Stations-Monitoring-DDIA-Project/weather-station/src/main/java/com/weather/centralstation/storage/BitCaskStore.java[0m
2026.05.22 17:37:26 INFO  no build target found for /Users/habibaelkamary/Desktop/College(new)/DDIA/Labs/project/Weather-Stations-Monitoring-DDIA-Project/weather-station/src/main/java/com/weather/centralstation/storage/BitCaskStore.java. Using fallback presentation compiler.[0m
2026.05.22 17:37:28 INFO  no build target found for /Users/habibaelkamary/Desktop/College(new)/DDIA/Labs/project/Weather-Stations-Monitoring-DDIA-Project/weather-station/src/main/java/com/weather/centralstation/storage/BitCaskStore.java. Using fallback presentation compiler.[0m
2026.05.22 17:37:29 INFO  no build target found for /Users/habibaelkamary/Desktop/College(new)/DDIA/Labs/project/Weather-Stations-Monitoring-DDIA-Project/weather-station/src/main/java/com/weather/centralstation/storage/BitCaskStore.java. Using fallback presentation compiler.[0m
2026.05.22 17:37:29 INFO  no build target found for /Users/habibaelkamary/Desktop/College(new)/DDIA/Labs/project/Weather-Stations-Monitoring-DDIA-Project/weather-station/src/main/java/com/weather/centralstation/storage/BitCaskStore.java. Using fallback presentation compiler.[0m
2026.05.22 17:38:21 INFO  no build target found for /Users/habibaelkamary/Desktop/College(new)/DDIA/Labs/project/Weather-Stations-Monitoring-DDIA-Project/weather-station/src/main/java/com/weather/centralstation/storage/BitCaskStore.java. Using fallback presentation compiler.[0m
2026.05.22 17:38:40 INFO  no build target found for /Users/habibaelkamary/Desktop/College(new)/DDIA/Labs/project/Weather-Stations-Monitoring-DDIA-Project/weather-station/src/main/java/com/weather/centralstation/storage/BitCaskStore.java. Using fallback presentation compiler.[0m
2026.05.22 17:38:40 INFO  no build target found for /Users/habibaelkamary/Desktop/College(new)/DDIA/Labs/project/Weather-Stations-Monitoring-DDIA-Project/weather-station/src/main/java/com/weather/centralstation/storage/BitCaskStore.java. Using fallback presentation compiler.[0m
2026.05.22 17:38:41 INFO  no build target found for /Users/habibaelkamary/Desktop/College(new)/DDIA/Labs/project/Weather-Stations-Monitoring-DDIA-Project/weather-station/src/main/java/com/weather/centralstation/storage/BitCaskStore.java. Using fallback presentation compiler.[0m
2026.05.22 17:38:41 INFO  no build target found for /Users/habibaelkamary/Desktop/College(new)/DDIA/Labs/project/Weather-Stations-Monitoring-DDIA-Project/weather-station/src/main/java/com/weather/centralstation/storage/BitCaskStore.java. Using fallback presentation compiler.[0m
2026.05.22 17:38:53 INFO  no build target found for /Users/habibaelkamary/Desktop/College(new)/DDIA/Labs/project/Weather-Stations-Monitoring-DDIA-Project/weather-station/src/main/java/com/weather/centralstation/storage/BitCaskStore.java. Using fallback presentation compiler.[0m
2026.05.22 17:38:53 INFO  no build target found for /Users/habibaelkamary/Desktop/College(new)/DDIA/Labs/project/Weather-Stations-Monitoring-DDIA-Project/weather-station/src/main/java/com/weather/centralstation/storage/BitCaskStore.java. Using fallback presentation compiler.[0m
2026.05.22 17:39:05 INFO  no build target found for /Users/habibaelkamary/Desktop/College(new)/DDIA/Labs/project/Weather-Stations-Monitoring-DDIA-Project/weather-station/src/main/java/com/weather/centralstation/storage/BitCaskStore.java. Using fallback presentation compiler.[0m
2026.05.22 17:44:00 INFO  no build target found for /Users/habibaelkamary/Desktop/College(new)/DDIA/Labs/project/Weather-Stations-Monitoring-DDIA-Project/weather-station/src/main/java/com/weather/centralstation/storage/BitCaskStore.java. Using fallback presentation compiler.[0m
2026.05.22 17:44:31 INFO  no build target found for /Users/habibaelkamary/Desktop/College(new)/DDIA/Labs/project/Weather-Stations-Monitoring-DDIA-Project/weather-station/src/main/java/com/weather/centralstation/storage/BitCaskStore.java. Using fallback presentation compiler.[0m
2026.05.22 17:44:34 INFO  no build target found for /Users/habibaelkamary/Desktop/College(new)/DDIA/Labs/project/Weather-Stations-Monitoring-DDIA-Project/weather-station/src/main/java/com/weather/centralstation/storage/CompactionWorker.java. Using fallback presentation compiler.[0m
2026.05.22 17:44:34 WARN  no build target for: /Users/habibaelkamary/Desktop/College(new)/DDIA/Labs/project/Weather-Stations-Monitoring-DDIA-Project/weather-station/src/main/java/com/weather/centralstation/storage/CompactionWorker.java[0m
2026.05.22 17:44:34 INFO  no build target found for /Users/habibaelkamary/Desktop/College(new)/DDIA/Labs/project/Weather-Stations-Monitoring-DDIA-Project/weather-station/src/main/java/com/weather/centralstation/storage/CompactionWorker.java. Using fallback presentation compiler.[0m
2026.05.22 17:44:34 INFO  no build target found for /Users/habibaelkamary/Desktop/College(new)/DDIA/Labs/project/Weather-Stations-Monitoring-DDIA-Project/weather-station/src/main/java/com/weather/centralstation/storage/CompactionWorker.java. Using fallback presentation compiler.[0m
May 22, 2026 5:44:34 PM org.eclipse.lsp4j.jsonrpc.RemoteEndpoint handleCancellation
WARNING: Unmatched cancel notification for request id 4830
2026.05.22 17:44:34 INFO  no build target found for /Users/habibaelkamary/Desktop/College(new)/DDIA/Labs/project/Weather-Stations-Monitoring-DDIA-Project/weather-station/src/main/java/com/weather/centralstation/storage/CompactionWorker.java. Using fallback presentation compiler.[0m
May 22, 2026 5:44:34 PM org.eclipse.lsp4j.jsonrpc.RemoteEndpoint handleCancellation
WARNING: Unmatched cancel notification for request id 4833
2026.05.22 17:44:34 INFO  no build target found for /Users/habibaelkamary/Desktop/College(new)/DDIA/Labs/project/Weather-Stations-Monitoring-DDIA-Project/weather-station/src/main/java/com/weather/centralstation/storage/CompactionWorker.java. Using fallback presentation compiler.[0m
2026.05.22 17:44:35 INFO  no build target found for /Users/habibaelkamary/Desktop/College(new)/DDIA/Labs/project/Weather-Stations-Monitoring-DDIA-Project/weather-station/src/main/java/com/weather/centralstation/storage/CompactionWorker.java. Using fallback presentation compiler.[0m
2026.05.22 17:44:35 INFO  no build target found for /Users/habibaelkamary/Desktop/College(new)/DDIA/Labs/project/Weather-Stations-Monitoring-DDIA-Project/weather-station/src/main/java/com/weather/centralstation/storage/CompactionWorker.java. Using fallback presentation compiler.[0m
2026.05.22 17:45:18 INFO  no build target found for /Users/habibaelkamary/Desktop/College(new)/DDIA/Labs/project/Weather-Stations-Monitoring-DDIA-Project/weather-station/src/main/java/com/weather/centralstation/storage/CompactionWorker.java. Using fallback presentation compiler.[0m
2026.05.22 17:45:27 INFO  no build target found for /Users/habibaelkamary/Desktop/College(new)/DDIA/Labs/project/Weather-Stations-Monitoring-DDIA-Project/weather-station/src/main/java/com/weather/centralstation/storage/CompactionWorker.java. Using fallback presentation compiler.[0m
2026.05.22 17:45:29 INFO  no build target found for /Users/habibaelkamary/Desktop/College(new)/DDIA/Labs/project/Weather-Stations-Monitoring-DDIA-Project/weather-station/src/main/java/com/weather/centralstation/CentralStation.java. Using fallback presentation compiler.[0m
2026.05.22 17:45:29 INFO  no build target found for /Users/habibaelkamary/Desktop/College(new)/DDIA/Labs/project/Weather-Stations-Monitoring-DDIA-Project/weather-station/src/main/java/com/weather/centralstation/CentralStation.java. Using fallback presentation compiler.[0m
2026.05.22 17:45:29 WARN  no build target for: /Users/habibaelkamary/Desktop/College(new)/DDIA/Labs/project/Weather-Stations-Monitoring-DDIA-Project/weather-station/src/main/java/com/weather/centralstation/CentralStation.java[0m
May 22, 2026 5:45:30 PM org.eclipse.lsp4j.jsonrpc.RemoteEndpoint handleCancellation
WARNING: Unmatched cancel notification for request id 4877
2026.05.22 17:45:29 INFO  no build target found for /Users/habibaelkamary/Desktop/College(new)/DDIA/Labs/project/Weather-Stations-Monitoring-DDIA-Project/weather-station/src/main/java/com/weather/centralstation/CentralStation.java. Using fallback presentation compiler.[0m
2026.05.22 17:45:29 INFO  no build target found for /Users/habibaelkamary/Desktop/College(new)/DDIA/Labs/project/Weather-Stations-Monitoring-DDIA-Project/weather-station/src/main/java/com/weather/centralstation/CentralStation.java. Using fallback presentation compiler.[0m
2026.05.22 17:45:30 INFO  no build target found for /Users/habibaelkamary/Desktop/College(new)/DDIA/Labs/project/Weather-Stations-Monitoring-DDIA-Project/weather-station/src/main/java/com/weather/centralstation/CentralStation.java. Using fallback presentation compiler.[0m
2026.05.22 17:45:29 INFO  no build target found for /Users/habibaelkamary/Desktop/College(new)/DDIA/Labs/project/Weather-Stations-Monitoring-DDIA-Project/weather-station/src/main/java/com/weather/centralstation/CentralStation.java. Using fallback presentation compiler.[0m
May 22, 2026 5:45:30 PM org.eclipse.lsp4j.jsonrpc.RemoteEndpoint handleCancellation
WARNING: Unmatched cancel notification for request id 4881
2026.05.22 17:45:29 INFO  no build target found for /Users/habibaelkamary/Desktop/College(new)/DDIA/Labs/project/Weather-Stations-Monitoring-DDIA-Project/weather-station/src/main/java/com/weather/centralstation/storage/BitCaskStore.java. Using fallback presentation compiler.[0m
2026.05.22 17:45:30 WARN  no build target for: /Users/habibaelkamary/Desktop/College(new)/DDIA/Labs/project/Weather-Stations-Monitoring-DDIA-Project/weather-station/src/main/java/com/weather/centralstation/storage/BitCaskStore.java[0m
2026.05.22 17:45:30 INFO  no build target found for /Users/habibaelkamary/Desktop/College(new)/DDIA/Labs/project/Weather-Stations-Monitoring-DDIA-Project/weather-station/src/main/java/com/weather/centralstation/storage/BitCaskStore.java. Using fallback presentation compiler.[0m
2026.05.22 17:45:29 INFO  no build target found for /Users/habibaelkamary/Desktop/College(new)/DDIA/Labs/project/Weather-Stations-Monitoring-DDIA-Project/weather-station/src/main/java/com/weather/centralstation/storage/BitCaskStore.java. Using fallback presentation compiler.[0m
2026.05.22 17:45:30 INFO  no build target found for /Users/habibaelkamary/Desktop/College(new)/DDIA/Labs/project/Weather-Stations-Monitoring-DDIA-Project/weather-station/src/main/java/com/weather/centralstation/storage/BitCaskStore.java. Using fallback presentation compiler.[0m
2026.05.22 17:45:30 INFO  no build target found for /Users/habibaelkamary/Desktop/College(new)/DDIA/Labs/project/Weather-Stations-Monitoring-DDIA-Project/weather-station/src/main/java/com/weather/centralstation/storage/BitCaskStore.java. Using fallback presentation compiler.[0m
2026.05.22 17:45:32 INFO  no build target found for /Users/habibaelkamary/Desktop/College(new)/DDIA/Labs/project/Weather-Stations-Monitoring-DDIA-Project/weather-station/src/main/java/com/weather/centralstation/storage/BitCaskStore.java. Using fallback presentation compiler.[0m
2026.05.22 17:45:32 INFO  no build target found for /Users/habibaelkamary/Desktop/College(new)/DDIA/Labs/project/Weather-Stations-Monitoring-DDIA-Project/weather-station/src/main/java/com/weather/centralstation/storage/BitCaskStore.java. Using fallback presentation compiler.[0m
2026.05.22 17:45:32 INFO  no build target found for /Users/habibaelkamary/Desktop/College(new)/DDIA/Labs/project/Weather-Stations-Monitoring-DDIA-Project/weather-station/src/main/java/com/weather/centralstation/storage/BitCaskStore.java. Using fallback presentation compiler.[0m
2026.05.22 17:45:33 INFO  no build target found for /Users/habibaelkamary/Desktop/College(new)/DDIA/Labs/project/Weather-Stations-Monitoring-DDIA-Project/weather-station/src/main/java/com/weather/centralstation/storage/BitCaskStore.java. Using fallback presentation compiler.[0m
2026.05.22 17:45:32 INFO  no build target found for /Users/habibaelkamary/Desktop/College(new)/DDIA/Labs/project/Weather-Stations-Monitoring-DDIA-Project/weather-station/src/main/java/com/weather/centralstation/storage/BitCaskStore.java. Using fallback presentation compiler.[0m
2026.05.22 17:45:32 INFO  no build target found for /Users/habibaelkamary/Desktop/College(new)/DDIA/Labs/project/Weather-Stations-Monitoring-DDIA-Project/weather-station/src/main/java/com/weather/centralstation/storage/BitCaskStore.java. Using fallback presentation compiler.[0m
2026.05.22 17:45:33 INFO  no build target found for /Users/habibaelkamary/Desktop/College(new)/DDIA/Labs/project/Weather-Stations-Monitoring-DDIA-Project/weather-station/src/main/java/com/weather/centralstation/storage/BitCaskStore.java. Using fallback presentation compiler.[0m
2026.05.22 17:45:33 INFO  no build target found for /Users/habibaelkamary/Desktop/College(new)/DDIA/Labs/project/Weather-Stations-Monitoring-DDIA-Project/weather-station/src/main/java/com/weather/centralstation/storage/BitCaskStore.java. Using fallback presentation compiler.[0m
2026.05.22 17:45:33 INFO  no build target found for /Users/habibaelkamary/Desktop/College(new)/DDIA/Labs/project/Weather-Stations-Monitoring-DDIA-Project/weather-station/src/main/java/com/weather/centralstation/storage/BitCaskStore.java. Using fallback presentation compiler.[0m
2026.05.22 17:45:34 INFO  no build target found for /Users/habibaelkamary/Desktop/College(new)/DDIA/Labs/project/Weather-Stations-Monitoring-DDIA-Project/weather-station/src/main/java/com/weather/centralstation/storage/BitCaskStore.java. Using fallback presentation compiler.[0m
2026.05.22 17:45:33 INFO  no build target found for /Users/habibaelkamary/Desktop/College(new)/DDIA/Labs/project/Weather-Stations-Monitoring-DDIA-Project/weather-station/src/main/java/com/weather/centralstation/storage/BitCaskStore.java. Using fallback presentation compiler.[0m
2026.05.22 17:45:33 INFO  no build target found for /Users/habibaelkamary/Desktop/College(new)/DDIA/Labs/project/Weather-Stations-Monitoring-DDIA-Project/weather-station/src/main/java/com/weather/centralstation/storage/BitCaskStore.java. Using fallback presentation compiler.[0m
2026.05.22 17:45:34 INFO  no build target found for /Users/habibaelkamary/Desktop/College(new)/DDIA/Labs/project/Weather-Stations-Monitoring-DDIA-Project/weather-station/src/main/java/com/weather/centralstation/storage/BitCaskStore.java. Using fallback presentation compiler.[0m
2026.05.22 17:45:34 INFO  no build target found for /Users/habibaelkamary/Desktop/College(new)/DDIA/Labs/project/Weather-Stations-Monitoring-DDIA-Project/weather-station/src/main/java/com/weather/centralstation/storage/BitCaskStore.java. Using fallback presentation compiler.[0m
2026.05.22 17:45:34 INFO  no build target found for /Users/habibaelkamary/Desktop/College(new)/DDIA/Labs/project/Weather-Stations-Monitoring-DDIA-Project/weather-station/src/main/java/com/weather/centralstation/storage/BitCaskStore.java. Using fallback presentation compiler.[0m
2026.05.22 17:45:34 INFO  no build target found for /Users/habibaelkamary/Desktop/College(new)/DDIA/Labs/project/Weather-Stations-Monitoring-DDIA-Project/weather-station/src/main/java/com/weather/centralstation/storage/BitCaskStore.java. Using fallback presentation compiler.[0m
2026.05.22 17:45:35 INFO  no build target found for /Users/habibaelkamary/Desktop/College(new)/DDIA/Labs/project/Weather-Stations-Monitoring-DDIA-Project/weather-station/src/main/java/com/weather/centralstation/storage/BitCaskStore.java. Using fallback presentation compiler.[0m
2026.05.22 17:45:34 INFO  no build target found for /Users/habibaelkamary/Desktop/College(new)/DDIA/Labs/project/Weather-Stations-Monitoring-DDIA-Project/weather-station/src/main/java/com/weather/centralstation/storage/BitCaskStore.java. Using fallback presentation compiler.[0m
2026.05.22 17:45:34 INFO  no build target found for /Users/habibaelkamary/Desktop/College(new)/DDIA/Labs/project/Weather-Stations-Monitoring-DDIA-Project/weather-station/src/main/java/com/weather/centralstation/storage/BitCaskStore.java. Using fallback presentation compiler.[0m
2026.05.22 17:45:34 INFO  no build target found for /Users/habibaelkamary/Desktop/College(new)/DDIA/Labs/project/Weather-Stations-Monitoring-DDIA-Project/weather-station/src/main/java/com/weather/centralstation/storage/BitCaskStore.java. Using fallback presentation compiler.[0m
2026.05.22 17:45:35 INFO  no build target found for /Users/habibaelkamary/Desktop/College(new)/DDIA/Labs/project/Weather-Stations-Monitoring-DDIA-Project/weather-station/src/main/java/com/weather/centralstation/storage/BitCaskStore.java. Using fallback presentation compiler.[0m
2026.05.22 17:45:36 INFO  no build target found for /Users/habibaelkamary/Desktop/College(new)/DDIA/Labs/project/Weather-Stations-Monitoring-DDIA-Project/weather-station/src/main/java/com/weather/centralstation/storage/BitCaskStore.java. Using fallback presentation compiler.[0m
2026.05.22 17:45:36 INFO  no build target found for /Users/habibaelkamary/Desktop/College(new)/DDIA/Labs/project/Weather-Stations-Monitoring-DDIA-Project/weather-station/src/main/java/com/weather/centralstation/storage/BitCaskStore.java. Using fallback presentation compiler.[0m
2026.05.22 17:45:35 INFO  no build target found for /Users/habibaelkamary/Desktop/College(new)/DDIA/Labs/project/Weather-Stations-Monitoring-DDIA-Project/weather-station/src/main/java/com/weather/centralstation/storage/BitCaskStore.java. Using fallback presentation compiler.[0m
2026.05.22 17:45:36 INFO  no build target found for /Users/habibaelkamary/Desktop/College(new)/DDIA/Labs/project/Weather-Stations-Monitoring-DDIA-Project/weather-station/src/main/java/com/weather/centralstation/storage/BitCaskStore.java. Using fallback presentation compiler.[0m
2026.05.22 17:45:36 INFO  no build target found for /Users/habibaelkamary/Desktop/College(new)/DDIA/Labs/project/Weather-Stations-Monitoring-DDIA-Project/weather-station/src/main/java/com/weather/centralstation/storage/BitCaskStore.java. Using fallback presentation compiler.[0m
2026.05.22 17:45:36 INFO  no build target found for /Users/habibaelkamary/Desktop/College(new)/DDIA/Labs/project/Weather-Stations-Monitoring-DDIA-Project/weather-station/src/main/java/com/weather/centralstation/storage/BitCaskStore.java. Using fallback presentation compiler.[0m
2026.05.22 17:45:36 INFO  no build target found for /Users/habibaelkamary/Desktop/College(new)/DDIA/Labs/project/Weather-Stations-Monitoring-DDIA-Project/weather-station/src/main/java/com/weather/centralstation/storage/BitCaskStore.java. Using fallback presentation compiler.[0m
2026.05.22 17:45:36 INFO  no build target found for /Users/habibaelkamary/Desktop/College(new)/DDIA/Labs/project/Weather-Stations-Monitoring-DDIA-Project/weather-station/src/main/java/com/weather/centralstation/storage/BitCaskStore.java. Using fallback presentation compiler.[0m
2026.05.22 17:45:36 INFO  no build target found for /Users/habibaelkamary/Desktop/College(new)/DDIA/Labs/project/Weather-Stations-Monitoring-DDIA-Project/weather-station/src/main/java/com/weather/centralstation/storage/BitCaskStore.java. Using fallback presentation compiler.[0m
2026.05.22 17:45:37 INFO  no build target found for /Users/habibaelkamary/Desktop/College(new)/DDIA/Labs/project/Weather-Stations-Monitoring-DDIA-Project/weather-station/src/main/java/com/weather/centralstation/storage/BitCaskStore.java. Using fallback presentation compiler.[0m
2026.05.22 17:45:37 INFO  no build target found for /Users/habibaelkamary/Desktop/College(new)/DDIA/Labs/project/Weather-Stations-Monitoring-DDIA-Project/weather-station/src/main/java/com/weather/centralstation/storage/BitCaskStore.java. Using fallback presentation compiler.[0m
2026.05.22 17:45:37 INFO  no build target found for /Users/habibaelkamary/Desktop/College(new)/DDIA/Labs/project/Weather-Stations-Monitoring-DDIA-Project/weather-station/src/main/java/com/weather/centralstation/storage/BitCaskStore.java. Using fallback presentation compiler.[0m
2026.05.22 17:45:37 INFO  no build target found for /Users/habibaelkamary/Desktop/College(new)/DDIA/Labs/project/Weather-Stations-Monitoring-DDIA-Project/weather-station/src/main/java/com/weather/centralstation/storage/BitCaskStore.java. Using fallback presentation compiler.[0m
2026.05.22 17:45:37 INFO  no build target found for /Users/habibaelkamary/Desktop/College(new)/DDIA/Labs/project/Weather-Stations-Monitoring-DDIA-Project/weather-station/src/main/java/com/weather/centralstation/storage/BitCaskStore.java. Using fallback presentation compiler.[0m
2026.05.22 17:45:37 INFO  no build target found for /Users/habibaelkamary/Desktop/College(new)/DDIA/Labs/project/Weather-Stations-Monitoring-DDIA-Project/weather-station/src/main/java/com/weather/centralstation/storage/BitCaskStore.java. Using fallback presentation compiler.[0m
2026.05.22 17:45:37 INFO  no build target found for /Users/habibaelkamary/Desktop/College(new)/DDIA/Labs/project/Weather-Stations-Monitoring-DDIA-Project/weather-station/src/main/java/com/weather/centralstation/storage/BitCaskStore.java. Using fallback presentation compiler.[0m
2026.05.22 17:45:37 INFO  no build target found for /Users/habibaelkamary/Desktop/College(new)/DDIA/Labs/project/Weather-Stations-Monitoring-DDIA-Project/weather-station/src/main/java/com/weather/centralstation/storage/BitCaskStore.java. Using fallback presentation compiler.[0m
2026.05.22 17:45:37 INFO  no build target found for /Users/habibaelkamary/Desktop/College(new)/DDIA/Labs/project/Weather-Stations-Monitoring-DDIA-Project/weather-station/src/main/java/com/weather/centralstation/storage/BitCaskStore.java. Using fallback presentation compiler.[0m
2026.05.22 17:45:38 INFO  no build target found for /Users/habibaelkamary/Desktop/College(new)/DDIA/Labs/project/Weather-Stations-Monitoring-DDIA-Project/weather-station/src/main/java/com/weather/centralstation/storage/BitCaskStore.java. Using fallback presentation compiler.[0m
2026.05.22 17:45:38 INFO  no build target found for /Users/habibaelkamary/Desktop/College(new)/DDIA/Labs/project/Weather-Stations-Monitoring-DDIA-Project/weather-station/src/main/java/com/weather/centralstation/storage/BitCaskStore.java. Using fallback presentation compiler.[0m
2026.05.22 17:45:38 INFO  no build target found for /Users/habibaelkamary/Desktop/College(new)/DDIA/Labs/project/Weather-Stations-Monitoring-DDIA-Project/weather-station/src/main/java/com/weather/centralstation/storage/BitCaskStore.java. Using fallback presentation compiler.[0m
2026.05.22 17:45:38 INFO  no build target found for /Users/habibaelkamary/Desktop/College(new)/DDIA/Labs/project/Weather-Stations-Monitoring-DDIA-Project/weather-station/src/main/java/com/weather/centralstation/storage/BitCaskStore.java. Using fallback presentation compiler.[0m
2026.05.22 17:45:38 INFO  no build target found for /Users/habibaelkamary/Desktop/College(new)/DDIA/Labs/project/Weather-Stations-Monitoring-DDIA-Project/weather-station/src/main/java/com/weather/centralstation/storage/BitCaskStore.java. Using fallback presentation compiler.[0m
2026.05.22 17:45:38 INFO  no build target found for /Users/habibaelkamary/Desktop/College(new)/DDIA/Labs/project/Weather-Stations-Monitoring-DDIA-Project/weather-station/src/main/java/com/weather/centralstation/storage/BitCaskStore.java. Using fallback presentation compiler.[0m
2026.05.22 17:45:38 INFO  no build target found for /Users/habibaelkamary/Desktop/College(new)/DDIA/Labs/project/Weather-Stations-Monitoring-DDIA-Project/weather-station/src/main/java/com/weather/centralstation/storage/BitCaskStore.java. Using fallback presentation compiler.[0m
2026.05.22 17:45:38 INFO  no build target found for /Users/habibaelkamary/Desktop/College(new)/DDIA/Labs/project/Weather-Stations-Monitoring-DDIA-Project/weather-station/src/main/java/com/weather/centralstation/storage/BitCaskStore.java. Using fallback presentation compiler.[0m
2026.05.22 17:45:38 INFO  no build target found for /Users/habibaelkamary/Desktop/College(new)/DDIA/Labs/project/Weather-Stations-Monitoring-DDIA-Project/weather-station/src/main/java/com/weather/centralstation/storage/BitCaskStore.java. Using fallback presentation compiler.[0m
2026.05.22 17:45:39 INFO  no build target found for /Users/habibaelkamary/Desktop/College(new)/DDIA/Labs/project/Weather-Stations-Monitoring-DDIA-Project/weather-station/src/main/java/com/weather/centralstation/storage/BitCaskStore.java. Using fallback presentation compiler.[0m
2026.05.22 17:45:39 INFO  no build target found for /Users/habibaelkamary/Desktop/College(new)/DDIA/Labs/project/Weather-Stations-Monitoring-DDIA-Project/weather-station/src/main/java/com/weather/centralstation/storage/BitCaskStore.java. Using fallback presentation compiler.[0m
2026.05.22 17:45:39 INFO  no build target found for /Users/habibaelkamary/Desktop/College(new)/DDIA/Labs/project/Weather-Stations-Monitoring-DDIA-Project/weather-station/src/main/java/com/weather/centralstation/storage/BitCaskStore.java. Using fallback presentation compiler.[0m
2026.05.22 17:45:39 INFO  no build target found for /Users/habibaelkamary/Desktop/College(new)/DDIA/Labs/project/Weather-Stations-Monitoring-DDIA-Project/weather-station/src/main/java/com/weather/centralstation/storage/BitCaskStore.java. Using fallback presentation compiler.[0m
2026.05.22 17:45:39 INFO  no build target found for /Users/habibaelkamary/Desktop/College(new)/DDIA/Labs/project/Weather-Stations-Monitoring-DDIA-Project/weather-station/src/main/java/com/weather/centralstation/storage/BitCaskStore.java. Using fallback presentation compiler.[0m
2026.05.22 17:45:39 INFO  no build target found for /Users/habibaelkamary/Desktop/College(new)/DDIA/Labs/project/Weather-Stations-Monitoring-DDIA-Project/weather-station/src/main/java/com/weather/centralstation/storage/BitCaskStore.java. Using fallback presentation compiler.[0m
2026.05.22 17:45:39 INFO  no build target found for /Users/habibaelkamary/Desktop/College(new)/DDIA/Labs/project/Weather-Stations-Monitoring-DDIA-Project/weather-station/src/main/java/com/weather/centralstation/storage/BitCaskStore.java. Using fallback presentation compiler.[0m
2026.05.22 17:45:40 INFO  no build target found for /Users/habibaelkamary/Desktop/College(new)/DDIA/Labs/project/Weather-Stations-Monitoring-DDIA-Project/weather-station/src/main/java/com/weather/centralstation/storage/BitCaskStore.java. Using fallback presentation compiler.[0m
2026.05.22 17:45:40 INFO  no build target found for /Users/habibaelkamary/Desktop/College(new)/DDIA/Labs/project/Weather-Stations-Monitoring-DDIA-Project/weather-station/src/main/java/com/weather/centralstation/storage/BitCaskStore.java. Using fallback presentation compiler.[0m
2026.05.22 17:45:40 INFO  no build target found for /Users/habibaelkamary/Desktop/College(new)/DDIA/Labs/project/Weather-Stations-Monitoring-DDIA-Project/weather-station/src/main/java/com/weather/centralstation/storage/BitCaskStore.java. Using fallback presentation compiler.[0m
2026.05.22 17:45:40 INFO  no build target found for /Users/habibaelkamary/Desktop/College(new)/DDIA/Labs/project/Weather-Stations-Monitoring-DDIA-Project/weather-station/src/main/java/com/weather/centralstation/storage/BitCaskStore.java. Using fallback presentation compiler.[0m
2026.05.22 17:45:40 INFO  no build target found for /Users/habibaelkamary/Desktop/College(new)/DDIA/Labs/project/Weather-Stations-Monitoring-DDIA-Project/weather-station/src/main/java/com/weather/centralstation/storage/BitCaskStore.java. Using fallback presentation compiler.[0m
2026.05.22 17:45:40 INFO  no build target found for /Users/habibaelkamary/Desktop/College(new)/DDIA/Labs/project/Weather-Stations-Monitoring-DDIA-Project/weather-station/src/main/java/com/weather/centralstation/storage/BitCaskStore.java. Using fallback presentation compiler.[0m
2026.05.22 17:45:39 INFO  no build target found for /Users/habibaelkamary/Desktop/College(new)/DDIA/Labs/project/Weather-Stations-Monitoring-DDIA-Project/weather-station/src/main/java/com/weather/centralstation/storage/BitCaskStore.java. Using fallback presentation compiler.[0m
2026.05.22 17:45:40 INFO  no build target found for /Users/habibaelkamary/Desktop/College(new)/DDIA/Labs/project/Weather-Stations-Monitoring-DDIA-Project/weather-station/src/main/java/com/weather/centralstation/storage/BitCaskStore.java. Using fallback presentation compiler.[0m
2026.05.22 17:45:40 INFO  no build target found for /Users/habibaelkamary/Desktop/College(new)/DDIA/Labs/project/Weather-Stations-Monitoring-DDIA-Project/weather-station/src/main/java/com/weather/centralstation/storage/BitCaskStore.java. Using fallback presentation compiler.[0m
2026.05.22 17:45:40 INFO  no build target found for /Users/habibaelkamary/Desktop/College(new)/DDIA/Labs/project/Weather-Stations-Monitoring-DDIA-Project/weather-station/src/main/java/com/weather/centralstation/storage/BitCaskStore.java. Using fallback presentation compiler.[0m
2026.05.22 17:45:41 INFO  no build target found for /Users/habibaelkamary/Desktop/College(new)/DDIA/Labs/project/Weather-Stations-Monitoring-DDIA-Project/weather-station/src/main/java/com/weather/centralstation/storage/BitCaskStore.java. Using fallback presentation compiler.[0m
2026.05.22 17:45:55 INFO  no build target found for /Users/habibaelkamary/Desktop/College(new)/DDIA/Labs/project/Weather-Stations-Monitoring-DDIA-Project/weather-station/src/main/java/com/weather/centralstation/storage/BitCaskStore.java. Using fallback presentation compiler.[0m
2026.05.22 17:45:55 INFO  no build target found for /Users/habibaelkamary/Desktop/College(new)/DDIA/Labs/project/Weather-Stations-Monitoring-DDIA-Project/weather-station/src/main/java/com/weather/centralstation/storage/BitCaskStore.java. Using fallback presentation compiler.[0m
2026.05.22 17:45:55 INFO  no build target found for /Users/habibaelkamary/Desktop/College(new)/DDIA/Labs/project/Weather-Stations-Monitoring-DDIA-Project/weather-station/src/main/java/com/weather/centralstation/storage/BitCaskStore.java. Using fallback presentation compiler.[0m
2026.05.22 17:45:55 INFO  no build target found for /Users/habibaelkamary/Desktop/College(new)/DDIA/Labs/project/Weather-Stations-Monitoring-DDIA-Project/weather-station/src/main/java/com/weather/centralstation/storage/BitCaskStore.java. Using fallback presentation compiler.[0m
2026.05.22 17:45:55 INFO  no build target found for /Users/habibaelkamary/Desktop/College(new)/DDIA/Labs/project/Weather-Stations-Monitoring-DDIA-Project/weather-station/src/main/java/com/weather/centralstation/storage/BitCaskStore.java. Using fallback presentation compiler.[0m
2026.05.22 17:45:55 INFO  no build target found for /Users/habibaelkamary/Desktop/College(new)/DDIA/Labs/project/Weather-Stations-Monitoring-DDIA-Project/weather-station/src/main/java/com/weather/centralstation/storage/BitCaskStore.java. Using fallback presentation compiler.[0m
2026.05.22 17:45:55 INFO  no build target found for /Users/habibaelkamary/Desktop/College(new)/DDIA/Labs/project/Weather-Stations-Monitoring-DDIA-Project/weather-station/src/main/java/com/weather/centralstation/storage/BitCaskStore.java. Using fallback presentation compiler.[0m
2026.05.22 17:45:55 INFO  no build target found for /Users/habibaelkamary/Desktop/College(new)/DDIA/Labs/project/Weather-Stations-Monitoring-DDIA-Project/weather-station/src/main/java/com/weather/centralstation/storage/BitCaskStore.java. Using fallback presentation compiler.[0m
2026.05.22 17:45:55 INFO  no build target found for /Users/habibaelkamary/Desktop/College(new)/DDIA/Labs/project/Weather-Stations-Monitoring-DDIA-Project/weather-station/src/main/java/com/weather/centralstation/storage/BitCaskStore.java. Using fallback presentation compiler.[0m
2026.05.22 17:45:56 INFO  no build target found for /Users/habibaelkamary/Desktop/College(new)/DDIA/Labs/project/Weather-Stations-Monitoring-DDIA-Project/weather-station/src/main/java/com/weather/centralstation/storage/BitCaskStore.java. Using fallback presentation compiler.[0m
2026.05.22 17:45:56 INFO  no build target found for /Users/habibaelkamary/Desktop/College(new)/DDIA/Labs/project/Weather-Stations-Monitoring-DDIA-Project/weather-station/src/main/java/com/weather/centralstation/storage/BitCaskStore.java. Using fallback presentation compiler.[0m
2026.05.22 17:45:56 INFO  no build target found for /Users/habibaelkamary/Desktop/College(new)/DDIA/Labs/project/Weather-Stations-Monitoring-DDIA-Project/weather-station/src/main/java/com/weather/centralstation/storage/BitCaskStore.java. Using fallback presentation compiler.[0m
2026.05.22 17:45:56 INFO  no build target found for /Users/habibaelkamary/Desktop/College(new)/DDIA/Labs/project/Weather-Stations-Monitoring-DDIA-Project/weather-station/src/main/java/com/weather/centralstation/storage/BitCaskStore.java. Using fallback presentation compiler.[0m
2026.05.22 17:45:56 INFO  no build target found for /Users/habibaelkamary/Desktop/College(new)/DDIA/Labs/project/Weather-Stations-Monitoring-DDIA-Project/weather-station/src/main/java/com/weather/centralstation/storage/BitCaskStore.java. Using fallback presentation compiler.[0m
2026.05.22 17:45:56 INFO  no build target found for /Users/habibaelkamary/Desktop/College(new)/DDIA/Labs/project/Weather-Stations-Monitoring-DDIA-Project/weather-station/src/main/java/com/weather/centralstation/storage/BitCaskStore.java. Using fallback presentation compiler.[0m
2026.05.22 17:45:56 INFO  no build target found for /Users/habibaelkamary/Desktop/College(new)/DDIA/Labs/project/Weather-Stations-Monitoring-DDIA-Project/weather-station/src/main/java/com/weather/centralstation/storage/BitCaskStore.java. Using fallback presentation compiler.[0m
2026.05.22 17:45:56 INFO  no build target found for /Users/habibaelkamary/Desktop/College(new)/DDIA/Labs/project/Weather-Stations-Monitoring-DDIA-Project/weather-station/src/main/java/com/weather/centralstation/storage/BitCaskStore.java. Using fallback presentation compiler.[0m
2026.05.22 17:45:57 INFO  no build target found for /Users/habibaelkamary/Desktop/College(new)/DDIA/Labs/project/Weather-Stations-Monitoring-DDIA-Project/weather-station/src/main/java/com/weather/centralstation/storage/BitCaskStore.java. Using fallback presentation compiler.[0m
2026.05.22 17:45:57 INFO  no build target found for /Users/habibaelkamary/Desktop/College(new)/DDIA/Labs/project/Weather-Stations-Monitoring-DDIA-Project/weather-station/src/main/java/com/weather/centralstation/storage/BitCaskStore.java. Using fallback presentation compiler.[0m
2026.05.22 17:45:57 INFO  no build target found for /Users/habibaelkamary/Desktop/College(new)/DDIA/Labs/project/Weather-Stations-Monitoring-DDIA-Project/weather-station/src/main/java/com/weather/centralstation/storage/BitCaskStore.java. Using fallback presentation compiler.[0m
2026.05.22 17:45:57 INFO  no build target found for /Users/habibaelkamary/Desktop/College(new)/DDIA/Labs/project/Weather-Stations-Monitoring-DDIA-Project/weather-station/src/main/java/com/weather/centralstation/storage/BitCaskStore.java. Using fallback presentation compiler.[0m
2026.05.22 17:45:58 INFO  no build target found for /Users/habibaelkamary/Desktop/College(new)/DDIA/Labs/project/Weather-Stations-Monitoring-DDIA-Project/weather-station/src/main/java/com/weather/centralstation/storage/BitCaskStore.java. Using fallback presentation compiler.[0m
2026.05.22 17:45:57 INFO  no build target found for /Users/habibaelkamary/Desktop/College(new)/DDIA/Labs/project/Weather-Stations-Monitoring-DDIA-Project/weather-station/src/main/java/com/weather/centralstation/storage/BitCaskStore.java. Using fallback presentation compiler.[0m
2026.05.22 17:45:58 INFO  no build target found for /Users/habibaelkamary/Desktop/College(new)/DDIA/Labs/project/Weather-Stations-Monitoring-DDIA-Project/weather-station/src/main/java/com/weather/centralstation/storage/BitCaskStore.java. Using fallback presentation compiler.[0m
2026.05.22 17:45:58 INFO  no build target found for /Users/habibaelkamary/Desktop/College(new)/DDIA/Labs/project/Weather-Stations-Monitoring-DDIA-Project/weather-station/src/main/java/com/weather/centralstation/storage/BitCaskStore.java. Using fallback presentation compiler.[0m
2026.05.22 17:45:58 INFO  no build target found for /Users/habibaelkamary/Desktop/College(new)/DDIA/Labs/project/Weather-Stations-Monitoring-DDIA-Project/weather-station/src/main/java/com/weather/centralstation/storage/BitCaskStore.java. Using fallback presentation compiler.[0m
2026.05.22 17:45:58 INFO  no build target found for /Users/habibaelkamary/Desktop/College(new)/DDIA/Labs/project/Weather-Stations-Monitoring-DDIA-Project/weather-station/src/main/java/com/weather/centralstation/storage/BitCaskStore.java. Using fallback presentation compiler.[0m
2026.05.22 17:45:58 INFO  no build target found for /Users/habibaelkamary/Desktop/College(new)/DDIA/Labs/project/Weather-Stations-Monitoring-DDIA-Project/weather-station/src/main/java/com/weather/centralstation/storage/BitCaskStore.java. Using fallback presentation compiler.[0m
2026.05.22 17:45:58 INFO  no build target found for /Users/habibaelkamary/Desktop/College(new)/DDIA/Labs/project/Weather-Stations-Monitoring-DDIA-Project/weather-station/src/main/java/com/weather/centralstation/storage/BitCaskStore.java. Using fallback presentation compiler.[0m
2026.05.22 17:45:58 INFO  no build target found for /Users/habibaelkamary/Desktop/College(new)/DDIA/Labs/project/Weather-Stations-Monitoring-DDIA-Project/weather-station/src/main/java/com/weather/centralstation/storage/BitCaskStore.java. Using fallback presentation compiler.[0m
2026.05.22 17:45:58 INFO  no build target found for /Users/habibaelkamary/Desktop/College(new)/DDIA/Labs/project/Weather-Stations-Monitoring-DDIA-Project/weather-station/src/main/java/com/weather/centralstation/storage/BitCaskStore.java. Using fallback presentation compiler.[0m
2026.05.22 17:45:59 INFO  no build target found for /Users/habibaelkamary/Desktop/College(new)/DDIA/Labs/project/Weather-Stations-Monitoring-DDIA-Project/weather-station/src/main/java/com/weather/centralstation/storage/BitCaskStore.java. Using fallback presentation compiler.[0m
2026.05.22 17:45:59 INFO  no build target found for /Users/habibaelkamary/Desktop/College(new)/DDIA/Labs/project/Weather-Stations-Monitoring-DDIA-Project/weather-station/src/main/java/com/weather/centralstation/storage/BitCaskStore.java. Using fallback presentation compiler.[0m
2026.05.22 17:45:59 INFO  no build target found for /Users/habibaelkamary/Desktop/College(new)/DDIA/Labs/project/Weather-Stations-Monitoring-DDIA-Project/weather-station/src/main/java/com/weather/centralstation/storage/BitCaskStore.java. Using fallback presentation compiler.[0m
2026.05.22 17:45:59 INFO  no build target found for /Users/habibaelkamary/Desktop/College(new)/DDIA/Labs/project/Weather-Stations-Monitoring-DDIA-Project/weather-station/src/main/java/com/weather/centralstation/storage/BitCaskStore.java. Using fallback presentation compiler.[0m
2026.05.22 17:45:59 INFO  no build target found for /Users/habibaelkamary/Desktop/College(new)/DDIA/Labs/project/Weather-Stations-Monitoring-DDIA-Project/weather-station/src/main/java/com/weather/centralstation/storage/BitCaskStore.java. Using fallback presentation compiler.[0m
2026.05.22 17:46:00 INFO  no build target found for /Users/habibaelkamary/Desktop/College(new)/DDIA/Labs/project/Weather-Stations-Monitoring-DDIA-Project/weather-station/src/main/java/com/weather/centralstation/storage/BitCaskStore.java. Using fallback presentation compiler.[0m
2026.05.22 17:45:59 INFO  no build target found for /Users/habibaelkamary/Desktop/College(new)/DDIA/Labs/project/Weather-Stations-Monitoring-DDIA-Project/weather-station/src/main/java/com/weather/centralstation/storage/BitCaskStore.java. Using fallback presentation compiler.[0m
2026.05.22 17:45:59 INFO  no build target found for /Users/habibaelkamary/Desktop/College(new)/DDIA/Labs/project/Weather-Stations-Monitoring-DDIA-Project/weather-station/src/main/java/com/weather/centralstation/storage/BitCaskStore.java. Using fallback presentation compiler.[0m
2026.05.22 17:45:59 INFO  no build target found for /Users/habibaelkamary/Desktop/College(new)/DDIA/Labs/project/Weather-Stations-Monitoring-DDIA-Project/weather-station/src/main/java/com/weather/centralstation/storage/BitCaskStore.java. Using fallback presentation compiler.[0m
2026.05.22 17:46:00 INFO  no build target found for /Users/habibaelkamary/Desktop/College(new)/DDIA/Labs/project/Weather-Stations-Monitoring-DDIA-Project/weather-station/src/main/java/com/weather/centralstation/storage/BitCaskStore.java. Using fallback presentation compiler.[0m
2026.05.22 17:46:00 INFO  no build target found for /Users/habibaelkamary/Desktop/College(new)/DDIA/Labs/project/Weather-Stations-Monitoring-DDIA-Project/weather-station/src/main/java/com/weather/centralstation/storage/BitCaskStore.java. Using fallback presentation compiler.[0m
2026.05.22 17:46:00 INFO  no build target found for /Users/habibaelkamary/Desktop/College(new)/DDIA/Labs/project/Weather-Stations-Monitoring-DDIA-Project/weather-station/src/main/java/com/weather/centralstation/storage/BitCaskStore.java. Using fallback presentation compiler.[0m
2026.05.22 17:46:01 INFO  no build target found for /Users/habibaelkamary/Desktop/College(new)/DDIA/Labs/project/Weather-Stations-Monitoring-DDIA-Project/weather-station/src/main/java/com/weather/centralstation/storage/BitCaskStore.java. Using fallback presentation compiler.[0m
2026.05.22 17:46:00 INFO  no build target found for /Users/habibaelkamary/Desktop/College(new)/DDIA/Labs/project/Weather-Stations-Monitoring-DDIA-Project/weather-station/src/main/java/com/weather/centralstation/storage/BitCaskStore.java. Using fallback presentation compiler.[0m
May 22, 2026 5:46:01 PM org.eclipse.lsp4j.jsonrpc.RemoteEndpoint handleCancellation
WARNING: Unmatched cancel notification for request id 5079
May 22, 2026 5:46:01 PM org.eclipse.lsp4j.jsonrpc.RemoteEndpoint handleCancellation
WARNING: Unmatched cancel notification for request id 5080
2026.05.22 17:46:00 INFO  no build target found for /Users/habibaelkamary/Desktop/College(new)/DDIA/Labs/project/Weather-Stations-Monitoring-DDIA-Project/weather-station/src/main/java/com/weather/centralstation/storage/BitCaskStore.java. Using fallback presentation compiler.[0m
2026.05.22 17:46:00 INFO  no build target found for /Users/habibaelkamary/Desktop/College(new)/DDIA/Labs/project/Weather-Stations-Monitoring-DDIA-Project/weather-station/src/main/java/com/weather/centralstation/storage/BitCaskStore.java. Using fallback presentation compiler.[0m
2026.05.22 17:46:00 INFO  no build target found for /Users/habibaelkamary/Desktop/College(new)/DDIA/Labs/project/Weather-Stations-Monitoring-DDIA-Project/weather-station/src/main/java/com/weather/centralstation/storage/BitCaskStore.java. Using fallback presentation compiler.[0m
2026.05.22 17:46:00 INFO  no build target found for /Users/habibaelkamary/Desktop/College(new)/DDIA/Labs/project/Weather-Stations-Monitoring-DDIA-Project/weather-station/src/main/java/com/weather/centralstation/storage/BitCaskStore.java. Using fallback presentation compiler.[0m
2026.05.22 17:46:01 INFO  no build target found for /Users/habibaelkamary/Desktop/College(new)/DDIA/Labs/project/Weather-Stations-Monitoring-DDIA-Project/weather-station/src/main/java/com/weather/centralstation/storage/BitCaskStore.java. Using fallback presentation compiler.[0m
2026.05.22 17:46:01 INFO  no build target found for /Users/habibaelkamary/Desktop/College(new)/DDIA/Labs/project/Weather-Stations-Monitoring-DDIA-Project/weather-station/src/main/java/com/weather/centralstation/storage/BitCaskStore.java. Using fallback presentation compiler.[0m
2026.05.22 17:46:01 INFO  no build target found for /Users/habibaelkamary/Desktop/College(new)/DDIA/Labs/project/Weather-Stations-Monitoring-DDIA-Project/weather-station/src/main/java/com/weather/centralstation/storage/BitCaskStore.java. Using fallback presentation compiler.[0m
2026.05.22 17:46:01 INFO  no build target found for /Users/habibaelkamary/Desktop/College(new)/DDIA/Labs/project/Weather-Stations-Monitoring-DDIA-Project/weather-station/src/main/java/com/weather/centralstation/storage/BitCaskStore.java. Using fallback presentation compiler.[0m
2026.05.22 17:46:01 INFO  no build target found for /Users/habibaelkamary/Desktop/College(new)/DDIA/Labs/project/Weather-Stations-Monitoring-DDIA-Project/weather-station/src/main/java/com/weather/centralstation/storage/BitCaskStore.java. Using fallback presentation compiler.[0m
2026.05.22 17:46:01 INFO  no build target found for /Users/habibaelkamary/Desktop/College(new)/DDIA/Labs/project/Weather-Stations-Monitoring-DDIA-Project/weather-station/src/main/java/com/weather/centralstation/storage/BitCaskStore.java. Using fallback presentation compiler.[0m
2026.05.22 17:46:01 INFO  no build target found for /Users/habibaelkamary/Desktop/College(new)/DDIA/Labs/project/Weather-Stations-Monitoring-DDIA-Project/weather-station/src/main/java/com/weather/centralstation/storage/BitCaskStore.java. Using fallback presentation compiler.[0m
2026.05.22 17:46:02 INFO  no build target found for /Users/habibaelkamary/Desktop/College(new)/DDIA/Labs/project/Weather-Stations-Monitoring-DDIA-Project/weather-station/src/main/java/com/weather/centralstation/storage/BitCaskStore.java. Using fallback presentation compiler.[0m
2026.05.22 17:46:01 INFO  no build target found for /Users/habibaelkamary/Desktop/College(new)/DDIA/Labs/project/Weather-Stations-Monitoring-DDIA-Project/weather-station/src/main/java/com/weather/centralstation/storage/BitCaskStore.java. Using fallback presentation compiler.[0m
2026.05.22 17:46:01 INFO  no build target found for /Users/habibaelkamary/Desktop/College(new)/DDIA/Labs/project/Weather-Stations-Monitoring-DDIA-Project/weather-station/src/main/java/com/weather/centralstation/storage/BitCaskStore.java. Using fallback presentation compiler.[0m
2026.05.22 17:46:02 INFO  no build target found for /Users/habibaelkamary/Desktop/College(new)/DDIA/Labs/project/Weather-Stations-Monitoring-DDIA-Project/weather-station/src/main/java/com/weather/centralstation/storage/BitCaskStore.java. Using fallback presentation compiler.[0m
2026.05.22 17:46:02 INFO  no build target found for /Users/habibaelkamary/Desktop/College(new)/DDIA/Labs/project/Weather-Stations-Monitoring-DDIA-Project/weather-station/src/main/java/com/weather/centralstation/storage/BitCaskStore.java. Using fallback presentation compiler.[0m
2026.05.22 17:46:02 INFO  no build target found for /Users/habibaelkamary/Desktop/College(new)/DDIA/Labs/project/Weather-Stations-Monitoring-DDIA-Project/weather-station/src/main/java/com/weather/centralstation/storage/BitCaskStore.java. Using fallback presentation compiler.[0m
2026.05.22 17:46:02 INFO  no build target found for /Users/habibaelkamary/Desktop/College(new)/DDIA/Labs/project/Weather-Stations-Monitoring-DDIA-Project/weather-station/src/main/java/com/weather/centralstation/storage/BitCaskStore.java. Using fallback presentation compiler.[0m
2026.05.22 17:46:02 INFO  no build target found for /Users/habibaelkamary/Desktop/College(new)/DDIA/Labs/project/Weather-Stations-Monitoring-DDIA-Project/weather-station/src/main/java/com/weather/centralstation/storage/BitCaskStore.java. Using fallback presentation compiler.[0m
2026.05.22 17:46:02 INFO  no build target found for /Users/habibaelkamary/Desktop/College(new)/DDIA/Labs/project/Weather-Stations-Monitoring-DDIA-Project/weather-station/src/main/java/com/weather/centralstation/storage/BitCaskStore.java. Using fallback presentation compiler.[0m
2026.05.22 17:46:02 INFO  no build target found for /Users/habibaelkamary/Desktop/College(new)/DDIA/Labs/project/Weather-Stations-Monitoring-DDIA-Project/weather-station/src/main/java/com/weather/centralstation/storage/BitCaskStore.java. Using fallback presentation compiler.[0m
2026.05.22 17:46:02 INFO  no build target found for /Users/habibaelkamary/Desktop/College(new)/DDIA/Labs/project/Weather-Stations-Monitoring-DDIA-Project/weather-station/src/main/java/com/weather/centralstation/storage/BitCaskStore.java. Using fallback presentation compiler.[0m
2026.05.22 17:46:03 INFO  no build target found for /Users/habibaelkamary/Desktop/College(new)/DDIA/Labs/project/Weather-Stations-Monitoring-DDIA-Project/weather-station/src/main/java/com/weather/centralstation/storage/BitCaskStore.java. Using fallback presentation compiler.[0m
2026.05.22 17:46:02 INFO  no build target found for /Users/habibaelkamary/Desktop/College(new)/DDIA/Labs/project/Weather-Stations-Monitoring-DDIA-Project/weather-station/src/main/java/com/weather/centralstation/storage/BitCaskStore.java. Using fallback presentation compiler.[0m
2026.05.22 17:46:03 INFO  no build target found for /Users/habibaelkamary/Desktop/College(new)/DDIA/Labs/project/Weather-Stations-Monitoring-DDIA-Project/weather-station/src/main/java/com/weather/centralstation/storage/BitCaskStore.java. Using fallback presentation compiler.[0m
2026.05.22 17:46:03 INFO  no build target found for /Users/habibaelkamary/Desktop/College(new)/DDIA/Labs/project/Weather-Stations-Monitoring-DDIA-Project/weather-station/src/main/java/com/weather/centralstation/storage/BitCaskStore.java. Using fallback presentation compiler.[0m
2026.05.22 17:46:03 INFO  no build target found for /Users/habibaelkamary/Desktop/College(new)/DDIA/Labs/project/Weather-Stations-Monitoring-DDIA-Project/weather-station/src/main/java/com/weather/centralstation/storage/BitCaskStore.java. Using fallback presentation compiler.[0m
2026.05.22 17:46:03 INFO  no build target found for /Users/habibaelkamary/Desktop/College(new)/DDIA/Labs/project/Weather-Stations-Monitoring-DDIA-Project/weather-station/src/main/java/com/weather/centralstation/storage/BitCaskStore.java. Using fallback presentation compiler.[0m
2026.05.22 17:46:03 INFO  no build target found for /Users/habibaelkamary/Desktop/College(new)/DDIA/Labs/project/Weather-Stations-Monitoring-DDIA-Project/weather-station/src/main/java/com/weather/centralstation/storage/BitCaskStore.java. Using fallback presentation compiler.[0m
2026.05.22 17:46:04 INFO  no build target found for /Users/habibaelkamary/Desktop/College(new)/DDIA/Labs/project/Weather-Stations-Monitoring-DDIA-Project/weather-station/src/main/java/com/weather/centralstation/storage/BitCaskStore.java. Using fallback presentation compiler.[0m
2026.05.22 17:46:04 INFO  no build target found for /Users/habibaelkamary/Desktop/College(new)/DDIA/Labs/project/Weather-Stations-Monitoring-DDIA-Project/weather-station/src/main/java/com/weather/centralstation/storage/BitCaskStore.java. Using fallback presentation compiler.[0m
2026.05.22 17:46:04 INFO  no build target found for /Users/habibaelkamary/Desktop/College(new)/DDIA/Labs/project/Weather-Stations-Monitoring-DDIA-Project/weather-station/src/main/java/com/weather/centralstation/storage/BitCaskStore.java. Using fallback presentation compiler.[0m
2026.05.22 17:46:05 INFO  no build target found for /Users/habibaelkamary/Desktop/College(new)/DDIA/Labs/project/Weather-Stations-Monitoring-DDIA-Project/weather-station/src/main/java/com/weather/centralstation/storage/BitCaskStore.java. Using fallback presentation compiler.[0m
2026.05.22 17:46:04 INFO  no build target found for /Users/habibaelkamary/Desktop/College(new)/DDIA/Labs/project/Weather-Stations-Monitoring-DDIA-Project/weather-station/src/main/java/com/weather/centralstation/storage/BitCaskStore.java. Using fallback presentation compiler.[0m
2026.05.22 17:46:04 INFO  no build target found for /Users/habibaelkamary/Desktop/College(new)/DDIA/Labs/project/Weather-Stations-Monitoring-DDIA-Project/weather-station/src/main/java/com/weather/centralstation/storage/BitCaskStore.java. Using fallback presentation compiler.[0m
2026.05.22 17:46:05 INFO  no build target found for /Users/habibaelkamary/Desktop/College(new)/DDIA/Labs/project/Weather-Stations-Monitoring-DDIA-Project/weather-station/src/main/java/com/weather/centralstation/storage/BitCaskStore.java. Using fallback presentation compiler.[0m
2026.05.22 17:46:04 INFO  no build target found for /Users/habibaelkamary/Desktop/College(new)/DDIA/Labs/project/Weather-Stations-Monitoring-DDIA-Project/weather-station/src/main/java/com/weather/centralstation/storage/BitCaskStore.java. Using fallback presentation compiler.[0m
2026.05.22 17:46:04 INFO  no build target found for /Users/habibaelkamary/Desktop/College(new)/DDIA/Labs/project/Weather-Stations-Monitoring-DDIA-Project/weather-station/src/main/java/com/weather/centralstation/storage/BitCaskStore.java. Using fallback presentation compiler.[0m
2026.05.22 17:46:05 INFO  no build target found for /Users/habibaelkamary/Desktop/College(new)/DDIA/Labs/project/Weather-Stations-Monitoring-DDIA-Project/weather-station/src/main/java/com/weather/centralstation/storage/BitCaskStore.java. Using fallback presentation compiler.[0m
2026.05.22 17:46:04 INFO  no build target found for /Users/habibaelkamary/Desktop/College(new)/DDIA/Labs/project/Weather-Stations-Monitoring-DDIA-Project/weather-station/src/main/java/com/weather/centralstation/storage/BitCaskStore.java. Using fallback presentation compiler.[0m
2026.05.22 17:46:06 INFO  no build target found for /Users/habibaelkamary/Desktop/College(new)/DDIA/Labs/project/Weather-Stations-Monitoring-DDIA-Project/weather-station/src/main/java/com/weather/centralstation/storage/BitCaskStore.java. Using fallback presentation compiler.[0m
2026.05.22 17:46:06 INFO  no build target found for /Users/habibaelkamary/Desktop/College(new)/DDIA/Labs/project/Weather-Stations-Monitoring-DDIA-Project/weather-station/src/main/java/com/weather/centralstation/storage/BitCaskStore.java. Using fallback presentation compiler.[0m
2026.05.22 17:46:06 INFO  no build target found for /Users/habibaelkamary/Desktop/College(new)/DDIA/Labs/project/Weather-Stations-Monitoring-DDIA-Project/weather-station/src/main/java/com/weather/centralstation/storage/BitCaskStore.java. Using fallback presentation compiler.[0m
2026.05.22 17:46:06 INFO  no build target found for /Users/habibaelkamary/Desktop/College(new)/DDIA/Labs/project/Weather-Stations-Monitoring-DDIA-Project/weather-station/src/main/java/com/weather/centralstation/storage/BitCaskStore.java. Using fallback presentation compiler.[0m
2026.05.22 17:46:06 INFO  no build target found for /Users/habibaelkamary/Desktop/College(new)/DDIA/Labs/project/Weather-Stations-Monitoring-DDIA-Project/weather-station/src/main/java/com/weather/centralstation/storage/BitCaskStore.java. Using fallback presentation compiler.[0m
2026.05.22 17:46:06 INFO  no build target found for /Users/habibaelkamary/Desktop/College(new)/DDIA/Labs/project/Weather-Stations-Monitoring-DDIA-Project/weather-station/src/main/java/com/weather/centralstation/storage/BitCaskStore.java. Using fallback presentation compiler.[0m
2026.05.22 17:46:07 INFO  no build target found for /Users/habibaelkamary/Desktop/College(new)/DDIA/Labs/project/Weather-Stations-Monitoring-DDIA-Project/weather-station/src/main/java/com/weather/centralstation/storage/BitCaskStore.java. Using fallback presentation compiler.[0m
2026.05.22 17:46:07 INFO  time: code lens generation in 1.34s[0m
2026.05.22 17:46:07 INFO  no build target found for /Users/habibaelkamary/Desktop/College(new)/DDIA/Labs/project/Weather-Stations-Monitoring-DDIA-Project/weather-station/src/main/java/com/weather/centralstation/storage/BitCaskStore.java. Using fallback presentation compiler.[0m
2026.05.22 17:46:07 INFO  no build target found for /Users/habibaelkamary/Desktop/College(new)/DDIA/Labs/project/Weather-Stations-Monitoring-DDIA-Project/weather-station/src/main/java/com/weather/centralstation/storage/BitCaskStore.java. Using fallback presentation compiler.[0m
2026.05.22 17:46:07 WARN  no build target for: /Users/habibaelkamary/Desktop/College(new)/DDIA/Labs/project/Weather-Stations-Monitoring-DDIA-Project/weather-station/src/main/java/com/weather/centralstation/storage/BitCaskStore.java[0m
2026.05.22 17:46:07 INFO  no build target found for /Users/habibaelkamary/Desktop/College(new)/DDIA/Labs/project/Weather-Stations-Monitoring-DDIA-Project/weather-station/src/main/java/com/weather/centralstation/storage/BitCaskStore.java. Using fallback presentation compiler.[0m
2026.05.22 17:46:07 INFO  no build target found for /Users/habibaelkamary/Desktop/College(new)/DDIA/Labs/project/Weather-Stations-Monitoring-DDIA-Project/weather-station/src/main/java/com/weather/centralstation/storage/BitCaskStore.java. Using fallback presentation compiler.[0m
2026.05.22 17:46:08 INFO  no build target found for /Users/habibaelkamary/Desktop/College(new)/DDIA/Labs/project/Weather-Stations-Monitoring-DDIA-Project/weather-station/src/main/java/com/weather/centralstation/storage/BitCaskStore.java. Using fallback presentation compiler.[0m
2026.05.22 17:46:16 INFO  no build target found for /Users/habibaelkamary/Desktop/College(new)/DDIA/Labs/project/Weather-Stations-Monitoring-DDIA-Project/weather-station/src/main/java/com/weather/centralstation/storage/BitCaskStore.java. Using fallback presentation compiler.[0m
2026.05.22 17:46:18 WARN  no build target for: /Users/habibaelkamary/Desktop/College(new)/DDIA/Labs/project/Weather-Stations-Monitoring-DDIA-Project/weather-station/src/main/java/com/weather/centralstation/storage/BitCaskStore.java[0m
2026.05.22 17:46:18 INFO  no build target found for /Users/habibaelkamary/Desktop/College(new)/DDIA/Labs/project/Weather-Stations-Monitoring-DDIA-Project/weather-station/src/main/java/com/weather/centralstation/storage/BitCaskStore.java. Using fallback presentation compiler.[0m
2026.05.22 17:46:18 INFO  no build target found for /Users/habibaelkamary/Desktop/College(new)/DDIA/Labs/project/Weather-Stations-Monitoring-DDIA-Project/weather-station/src/main/java/com/weather/centralstation/storage/CompactionWorker.java. Using fallback presentation compiler.[0m
May 22, 2026 5:46:18 PM org.eclipse.lsp4j.jsonrpc.RemoteEndpoint handleCancellation
WARNING: Unmatched cancel notification for request id 5160
2026.05.22 17:46:18 INFO  no build target found for /Users/habibaelkamary/Desktop/College(new)/DDIA/Labs/project/Weather-Stations-Monitoring-DDIA-Project/weather-station/src/main/java/com/weather/centralstation/storage/CompactionWorker.java. Using fallback presentation compiler.[0m
2026.05.22 17:46:18 INFO  no build target found for /Users/habibaelkamary/Desktop/College(new)/DDIA/Labs/project/Weather-Stations-Monitoring-DDIA-Project/weather-station/src/main/java/com/weather/centralstation/storage/CompactionWorker.java. Using fallback presentation compiler.[0m
2026.05.22 17:46:18 WARN  no build target for: /Users/habibaelkamary/Desktop/College(new)/DDIA/Labs/project/Weather-Stations-Monitoring-DDIA-Project/weather-station/src/main/java/com/weather/centralstation/storage/CompactionWorker.java[0m
2026.05.22 17:46:18 INFO  no build target found for /Users/habibaelkamary/Desktop/College(new)/DDIA/Labs/project/Weather-Stations-Monitoring-DDIA-Project/weather-station/src/main/java/com/weather/centralstation/storage/CompactionWorker.java. Using fallback presentation compiler.[0m
2026.05.22 17:46:18 INFO  no build target found for /Users/habibaelkamary/Desktop/College(new)/DDIA/Labs/project/Weather-Stations-Monitoring-DDIA-Project/weather-station/src/main/java/com/weather/centralstation/storage/CompactionWorker.java. Using fallback presentation compiler.[0m
2026.05.22 17:46:23 INFO  no build target found for /Users/habibaelkamary/Desktop/College(new)/DDIA/Labs/project/Weather-Stations-Monitoring-DDIA-Project/weather-station/src/main/java/com/weather/centralstation/storage/BitCaskStore.java. Using fallback presentation compiler.[0m
2026.05.22 17:46:23 INFO  no build target found for /Users/habibaelkamary/Desktop/College(new)/DDIA/Labs/project/Weather-Stations-Monitoring-DDIA-Project/weather-station/src/main/java/com/weather/centralstation/storage/BitCaskStore.java. Using fallback presentation compiler.[0m
May 22, 2026 5:46:24 PM org.eclipse.lsp4j.jsonrpc.RemoteEndpoint handleCancellation
WARNING: Unmatched cancel notification for request id 5171
2026.05.22 17:46:23 INFO  no build target found for /Users/habibaelkamary/Desktop/College(new)/DDIA/Labs/project/Weather-Stations-Monitoring-DDIA-Project/weather-station/src/main/java/com/weather/centralstation/storage/BitCaskStore.java. Using fallback presentation compiler.[0m
May 22, 2026 5:46:24 PM org.eclipse.lsp4j.jsonrpc.RemoteEndpoint handleCancellation
WARNING: Unmatched cancel notification for request id 5173
2026.05.22 17:46:23 INFO  no build target found for /Users/habibaelkamary/Desktop/College(new)/DDIA/Labs/project/Weather-Stations-Monitoring-DDIA-Project/weather-station/src/main/java/com/weather/centralstation/storage/BitCaskStore.java. Using fallback presentation compiler.[0m
2026.05.22 17:46:24 INFO  no build target found for /Users/habibaelkamary/Desktop/College(new)/DDIA/Labs/project/Weather-Stations-Monitoring-DDIA-Project/weather-station/src/main/java/com/weather/centralstation/storage/BitCaskStore.java. Using fallback presentation compiler.[0m
2026.05.22 17:46:24 WARN  no build target for: /Users/habibaelkamary/Desktop/College(new)/DDIA/Labs/project/Weather-Stations-Monitoring-DDIA-Project/weather-station/src/main/java/com/weather/centralstation/storage/BitCaskStore.java[0m
2026.05.22 17:46:24 INFO  no build target found for /Users/habibaelkamary/Desktop/College(new)/DDIA/Labs/project/Weather-Stations-Monitoring-DDIA-Project/weather-station/src/main/java/com/weather/centralstation/storage/BitCaskStore.java. Using fallback presentation compiler.[0m
2026.05.22 17:46:23 INFO  no build target found for /Users/habibaelkamary/Desktop/College(new)/DDIA/Labs/project/Weather-Stations-Monitoring-DDIA-Project/weather-station/src/main/java/com/weather/centralstation/storage/BitCaskStore.java. Using fallback presentation compiler.[0m
2026.05.22 17:46:27 WARN  no build target for: /Users/habibaelkamary/Desktop/College(new)/DDIA/Labs/project/Weather-Stations-Monitoring-DDIA-Project/weather-station/src/main/java/com/weather/centralstation/storage/BitCaskStore.java[0m
2026.05.22 17:46:28 INFO  no build target found for /Users/habibaelkamary/Desktop/College(new)/DDIA/Labs/project/Weather-Stations-Monitoring-DDIA-Project/weather-station/src/main/java/com/weather/centralstation/storage/BitCaskStore.java. Using fallback presentation compiler.[0m
2026.05.22 17:46:30 INFO  no build target found for /Users/habibaelkamary/Desktop/College(new)/DDIA/Labs/project/Weather-Stations-Monitoring-DDIA-Project/weather-station/src/main/java/com/weather/centralstation/CentralStation.java. Using fallback presentation compiler.[0m
May 22, 2026 5:46:30 PM org.eclipse.lsp4j.jsonrpc.RemoteEndpoint handleCancellation
WARNING: Unmatched cancel notification for request id 5186
2026.05.22 17:46:30 INFO  no build target found for /Users/habibaelkamary/Desktop/College(new)/DDIA/Labs/project/Weather-Stations-Monitoring-DDIA-Project/weather-station/src/main/java/com/weather/centralstation/CentralStation.java. Using fallback presentation compiler.[0m
2026.05.22 17:46:30 WARN  no build target for: /Users/habibaelkamary/Desktop/College(new)/DDIA/Labs/project/Weather-Stations-Monitoring-DDIA-Project/weather-station/src/main/java/com/weather/centralstation/CentralStation.java[0m
2026.05.22 17:46:30 INFO  no build target found for /Users/habibaelkamary/Desktop/College(new)/DDIA/Labs/project/Weather-Stations-Monitoring-DDIA-Project/weather-station/src/main/java/com/weather/centralstation/CentralStation.java. Using fallback presentation compiler.[0m
2026.05.22 17:46:30 INFO  no build target found for /Users/habibaelkamary/Desktop/College(new)/DDIA/Labs/project/Weather-Stations-Monitoring-DDIA-Project/weather-station/src/main/java/com/weather/centralstation/CentralStation.java. Using fallback presentation compiler.[0m
2026.05.22 17:46:30 INFO  no build target found for /Users/habibaelkamary/Desktop/College(new)/DDIA/Labs/project/Weather-Stations-Monitoring-DDIA-Project/weather-station/src/main/java/com/weather/centralstation/CentralStation.java. Using fallback presentation compiler.[0m
2026.05.22 17:46:30 INFO  no build target found for /Users/habibaelkamary/Desktop/College(new)/DDIA/Labs/project/Weather-Stations-Monitoring-DDIA-Project/weather-station/src/main/java/com/weather/centralstation/CentralStation.java. Using fallback presentation compiler.[0m
May 22, 2026 5:46:30 PM org.eclipse.lsp4j.jsonrpc.RemoteEndpoint handleCancellation
WARNING: Unmatched cancel notification for request id 5190
2026.05.22 17:46:31 INFO  no build target found for /Users/habibaelkamary/Desktop/College(new)/DDIA/Labs/project/Weather-Stations-Monitoring-DDIA-Project/weather-station/src/main/java/com/weather/centralstation/CentralStation.java. Using fallback presentation compiler.[0m
2026.05.22 17:46:31 INFO  no build target found for /Users/habibaelkamary/Desktop/College(new)/DDIA/Labs/project/Weather-Stations-Monitoring-DDIA-Project/weather-station/src/main/java/com/weather/centralstation/CentralStation.java. Using fallback presentation compiler.[0m
2026.05.22 17:46:31 INFO  no build target found for /Users/habibaelkamary/Desktop/College(new)/DDIA/Labs/project/Weather-Stations-Monitoring-DDIA-Project/weather-station/src/main/java/com/weather/centralstation/CentralStation.java. Using fallback presentation compiler.[0m
2026.05.22 17:47:07 INFO  no build target found for /Users/habibaelkamary/Desktop/College(new)/DDIA/Labs/project/Weather-Stations-Monitoring-DDIA-Project/weather-station/src/main/java/com/weather/centralstation/CentralStation.java. Using fallback presentation compiler.[0m
2026.05.22 17:47:07 INFO  no build target found for /Users/habibaelkamary/Desktop/College(new)/DDIA/Labs/project/Weather-Stations-Monitoring-DDIA-Project/weather-station/src/main/java/com/weather/centralstation/CentralStation.java. Using fallback presentation compiler.[0m
2026.05.22 17:47:07 INFO  no build target found for /Users/habibaelkamary/Desktop/College(new)/DDIA/Labs/project/Weather-Stations-Monitoring-DDIA-Project/weather-station/src/main/java/com/weather/centralstation/CentralStation.java. Using fallback presentation compiler.[0m
2026.05.22 17:47:22 INFO  no build target found for /Users/habibaelkamary/Desktop/College(new)/DDIA/Labs/project/Weather-Stations-Monitoring-DDIA-Project/weather-station/src/main/java/com/weather/centralstation/CentralStation.java. Using fallback presentation compiler.[0m
2026.05.22 17:47:56 INFO  no build target found for /Users/habibaelkamary/Desktop/College(new)/DDIA/Labs/project/Weather-Stations-Monitoring-DDIA-Project/weather-station/src/main/java/com/weather/centralstation/storage/BitCaskStore.java. Using fallback presentation compiler.[0m
May 22, 2026 5:47:56 PM org.eclipse.lsp4j.jsonrpc.RemoteEndpoint handleCancellation
WARNING: Unmatched cancel notification for request id 5208
2026.05.22 17:47:56 INFO  no build target found for /Users/habibaelkamary/Desktop/College(new)/DDIA/Labs/project/Weather-Stations-Monitoring-DDIA-Project/weather-station/src/main/java/com/weather/centralstation/storage/BitCaskStore.java. Using fallback presentation compiler.[0m
2026.05.22 17:47:56 INFO  no build target found for /Users/habibaelkamary/Desktop/College(new)/DDIA/Labs/project/Weather-Stations-Monitoring-DDIA-Project/weather-station/src/main/java/com/weather/centralstation/storage/BitCaskStore.java. Using fallback presentation compiler.[0m
2026.05.22 17:47:56 INFO  no build target found for /Users/habibaelkamary/Desktop/College(new)/DDIA/Labs/project/Weather-Stations-Monitoring-DDIA-Project/weather-station/src/main/java/com/weather/centralstation/storage/BitCaskStore.java. Using fallback presentation compiler.[0m
May 22, 2026 5:47:56 PM org.eclipse.lsp4j.jsonrpc.RemoteEndpoint handleCancellation
WARNING: Unmatched cancel notification for request id 5210
2026.05.22 17:47:56 INFO  no build target found for /Users/habibaelkamary/Desktop/College(new)/DDIA/Labs/project/Weather-Stations-Monitoring-DDIA-Project/weather-station/src/main/java/com/weather/centralstation/storage/BitCaskStore.java. Using fallback presentation compiler.[0m
2026.05.22 17:47:56 WARN  no build target for: /Users/habibaelkamary/Desktop/College(new)/DDIA/Labs/project/Weather-Stations-Monitoring-DDIA-Project/weather-station/src/main/java/com/weather/centralstation/storage/BitCaskStore.java[0m
2026.05.22 17:47:56 INFO  no build target found for /Users/habibaelkamary/Desktop/College(new)/DDIA/Labs/project/Weather-Stations-Monitoring-DDIA-Project/weather-station/src/main/java/com/weather/centralstation/storage/BitCaskStore.java. Using fallback presentation compiler.[0m
2026.05.22 17:48:14 INFO  no build target found for /Users/habibaelkamary/Desktop/College(new)/DDIA/Labs/project/Weather-Stations-Monitoring-DDIA-Project/weather-station/src/main/java/com/weather/centralstation/storage/BitCaskStore.java. Using fallback presentation compiler.[0m
2026.05.22 17:48:15 INFO  no build target found for /Users/habibaelkamary/Desktop/College(new)/DDIA/Labs/project/Weather-Stations-Monitoring-DDIA-Project/weather-station/src/main/java/com/weather/centralstation/storage/BitCaskStore.java. Using fallback presentation compiler.[0m
2026.05.22 17:48:15 INFO  no build target found for /Users/habibaelkamary/Desktop/College(new)/DDIA/Labs/project/Weather-Stations-Monitoring-DDIA-Project/weather-station/src/main/java/com/weather/centralstation/storage/BitCaskStore.java. Using fallback presentation compiler.[0m
2026.05.22 17:48:15 INFO  no build target found for /Users/habibaelkamary/Desktop/College(new)/DDIA/Labs/project/Weather-Stations-Monitoring-DDIA-Project/weather-station/src/main/java/com/weather/centralstation/storage/BitCaskStore.java. Using fallback presentation compiler.[0m
2026.05.22 17:48:16 INFO  no build target found for /Users/habibaelkamary/Desktop/College(new)/DDIA/Labs/project/Weather-Stations-Monitoring-DDIA-Project/weather-station/src/main/java/com/weather/centralstation/storage/BitCaskStore.java. Using fallback presentation compiler.[0m
2026.05.22 17:48:16 INFO  no build target found for /Users/habibaelkamary/Desktop/College(new)/DDIA/Labs/project/Weather-Stations-Monitoring-DDIA-Project/weather-station/src/main/java/com/weather/centralstation/storage/BitCaskStore.java. Using fallback presentation compiler.[0m
2026.05.22 17:48:16 INFO  no build target found for /Users/habibaelkamary/Desktop/College(new)/DDIA/Labs/project/Weather-Stations-Monitoring-DDIA-Project/weather-station/src/main/java/com/weather/centralstation/storage/BitCaskStore.java. Using fallback presentation compiler.[0m
2026.05.22 17:48:16 INFO  no build target found for /Users/habibaelkamary/Desktop/College(new)/DDIA/Labs/project/Weather-Stations-Monitoring-DDIA-Project/weather-station/src/main/java/com/weather/centralstation/storage/BitCaskStore.java. Using fallback presentation compiler.[0m
2026.05.22 17:48:17 INFO  no build target found for /Users/habibaelkamary/Desktop/College(new)/DDIA/Labs/project/Weather-Stations-Monitoring-DDIA-Project/weather-station/src/main/java/com/weather/centralstation/storage/BitCaskStore.java. Using fallback presentation compiler.[0m
2026.05.22 17:48:17 INFO  no build target found for /Users/habibaelkamary/Desktop/College(new)/DDIA/Labs/project/Weather-Stations-Monitoring-DDIA-Project/weather-station/src/main/java/com/weather/centralstation/storage/BitCaskStore.java. Using fallback presentation compiler.[0m
2026.05.22 17:48:17 WARN  no build target for: /Users/habibaelkamary/Desktop/College(new)/DDIA/Labs/project/Weather-Stations-Monitoring-DDIA-Project/weather-station/src/main/java/com/weather/centralstation/storage/BitCaskStore.java[0m
2026.05.22 17:48:17 INFO  no build target found for /Users/habibaelkamary/Desktop/College(new)/DDIA/Labs/project/Weather-Stations-Monitoring-DDIA-Project/weather-station/src/main/java/com/weather/centralstation/storage/BitCaskStore.java. Using fallback presentation compiler.[0m
2026.05.22 17:48:17 INFO  no build target found for /Users/habibaelkamary/Desktop/College(new)/DDIA/Labs/project/Weather-Stations-Monitoring-DDIA-Project/weather-station/src/main/java/com/weather/centralstation/storage/BitCaskStore.java. Using fallback presentation compiler.[0m
2026.05.22 17:48:18 INFO  no build target found for /Users/habibaelkamary/Desktop/College(new)/DDIA/Labs/project/Weather-Stations-Monitoring-DDIA-Project/weather-station/src/main/java/com/weather/centralstation/storage/BitCaskStore.java. Using fallback presentation compiler.[0m
2026.05.22 17:48:18 INFO  no build target found for /Users/habibaelkamary/Desktop/College(new)/DDIA/Labs/project/Weather-Stations-Monitoring-DDIA-Project/weather-station/src/main/java/com/weather/centralstation/storage/BitCaskStore.java. Using fallback presentation compiler.[0m
2026.05.22 17:48:18 INFO  no build target found for /Users/habibaelkamary/Desktop/College(new)/DDIA/Labs/project/Weather-Stations-Monitoring-DDIA-Project/weather-station/src/main/java/com/weather/centralstation/storage/BitCaskStore.java. Using fallback presentation compiler.[0m
2026.05.22 17:48:19 INFO  no build target found for /Users/habibaelkamary/Desktop/College(new)/DDIA/Labs/project/Weather-Stations-Monitoring-DDIA-Project/weather-station/src/main/java/com/weather/centralstation/storage/BitCaskStore.java. Using fallback presentation compiler.[0m
2026.05.22 17:48:21 INFO  no build target found for /Users/habibaelkamary/Desktop/College(new)/DDIA/Labs/project/Weather-Stations-Monitoring-DDIA-Project/weather-station/src/main/java/com/weather/centralstation/storage/BitCaskStore.java. Using fallback presentation compiler.[0m
2026.05.22 17:48:21 INFO  no build target found for /Users/habibaelkamary/Desktop/College(new)/DDIA/Labs/project/Weather-Stations-Monitoring-DDIA-Project/weather-station/src/main/java/com/weather/centralstation/storage/BitCaskStore.java. Using fallback presentation compiler.[0m
2026.05.22 17:48:21 INFO  no build target found for /Users/habibaelkamary/Desktop/College(new)/DDIA/Labs/project/Weather-Stations-Monitoring-DDIA-Project/weather-station/src/main/java/com/weather/centralstation/storage/BitCaskStore.java. Using fallback presentation compiler.[0m
2026.05.22 17:48:22 INFO  no build target found for /Users/habibaelkamary/Desktop/College(new)/DDIA/Labs/project/Weather-Stations-Monitoring-DDIA-Project/weather-station/src/main/java/com/weather/centralstation/storage/BitCaskStore.java. Using fallback presentation compiler.[0m
2026.05.22 17:48:22 INFO  no build target found for /Users/habibaelkamary/Desktop/College(new)/DDIA/Labs/project/Weather-Stations-Monitoring-DDIA-Project/weather-station/src/main/java/com/weather/centralstation/storage/BitCaskStore.java. Using fallback presentation compiler.[0m
2026.05.22 17:48:22 INFO  no build target found for /Users/habibaelkamary/Desktop/College(new)/DDIA/Labs/project/Weather-Stations-Monitoring-DDIA-Project/weather-station/src/main/java/com/weather/centralstation/storage/BitCaskStore.java. Using fallback presentation compiler.[0m
2026.05.22 17:48:23 INFO  no build target found for /Users/habibaelkamary/Desktop/College(new)/DDIA/Labs/project/Weather-Stations-Monitoring-DDIA-Project/weather-station/src/main/java/com/weather/centralstation/storage/BitCaskStore.java. Using fallback presentation compiler.[0m
2026.05.22 17:48:22 INFO  no build target found for /Users/habibaelkamary/Desktop/College(new)/DDIA/Labs/project/Weather-Stations-Monitoring-DDIA-Project/weather-station/src/main/java/com/weather/centralstation/storage/BitCaskStore.java. Using fallback presentation compiler.[0m
2026.05.22 17:48:22 INFO  no build target found for /Users/habibaelkamary/Desktop/College(new)/DDIA/Labs/project/Weather-Stations-Monitoring-DDIA-Project/weather-station/src/main/java/com/weather/centralstation/storage/BitCaskStore.java. Using fallback presentation compiler.[0m
2026.05.22 17:48:23 INFO  no build target found for /Users/habibaelkamary/Desktop/College(new)/DDIA/Labs/project/Weather-Stations-Monitoring-DDIA-Project/weather-station/src/main/java/com/weather/centralstation/storage/BitCaskStore.java. Using fallback presentation compiler.[0m
2026.05.22 17:48:22 INFO  no build target found for /Users/habibaelkamary/Desktop/College(new)/DDIA/Labs/project/Weather-Stations-Monitoring-DDIA-Project/weather-station/src/main/java/com/weather/centralstation/storage/BitCaskStore.java. Using fallback presentation compiler.[0m
2026.05.22 17:48:22 INFO  no build target found for /Users/habibaelkamary/Desktop/College(new)/DDIA/Labs/project/Weather-Stations-Monitoring-DDIA-Project/weather-station/src/main/java/com/weather/centralstation/storage/BitCaskStore.java. Using fallback presentation compiler.[0m
2026.05.22 17:48:23 INFO  no build target found for /Users/habibaelkamary/Desktop/College(new)/DDIA/Labs/project/Weather-Stations-Monitoring-DDIA-Project/weather-station/src/main/java/com/weather/centralstation/storage/BitCaskStore.java. Using fallback presentation compiler.[0m
2026.05.22 17:48:24 INFO  no build target found for /Users/habibaelkamary/Desktop/College(new)/DDIA/Labs/project/Weather-Stations-Monitoring-DDIA-Project/weather-station/src/main/java/com/weather/centralstation/storage/BitCaskStore.java. Using fallback presentation compiler.[0m
2026.05.22 17:48:23 INFO  no build target found for /Users/habibaelkamary/Desktop/College(new)/DDIA/Labs/project/Weather-Stations-Monitoring-DDIA-Project/weather-station/src/main/java/com/weather/centralstation/storage/BitCaskStore.java. Using fallback presentation compiler.[0m
2026.05.22 17:48:23 INFO  no build target found for /Users/habibaelkamary/Desktop/College(new)/DDIA/Labs/project/Weather-Stations-Monitoring-DDIA-Project/weather-station/src/main/java/com/weather/centralstation/storage/BitCaskStore.java. Using fallback presentation compiler.[0m
2026.05.22 17:48:23 INFO  no build target found for /Users/habibaelkamary/Desktop/College(new)/DDIA/Labs/project/Weather-Stations-Monitoring-DDIA-Project/weather-station/src/main/java/com/weather/centralstation/storage/BitCaskStore.java. Using fallback presentation compiler.[0m
2026.05.22 17:48:24 INFO  no build target found for /Users/habibaelkamary/Desktop/College(new)/DDIA/Labs/project/Weather-Stations-Monitoring-DDIA-Project/weather-station/src/main/java/com/weather/centralstation/storage/BitCaskStore.java. Using fallback presentation compiler.[0m
2026.05.22 17:48:23 INFO  no build target found for /Users/habibaelkamary/Desktop/College(new)/DDIA/Labs/project/Weather-Stations-Monitoring-DDIA-Project/weather-station/src/main/java/com/weather/centralstation/storage/BitCaskStore.java. Using fallback presentation compiler.[0m
2026.05.22 17:48:23 INFO  no build target found for /Users/habibaelkamary/Desktop/College(new)/DDIA/Labs/project/Weather-Stations-Monitoring-DDIA-Project/weather-station/src/main/java/com/weather/centralstation/storage/BitCaskStore.java. Using fallback presentation compiler.[0m
2026.05.22 17:48:24 INFO  no build target found for /Users/habibaelkamary/Desktop/College(new)/DDIA/Labs/project/Weather-Stations-Monitoring-DDIA-Project/weather-station/src/main/java/com/weather/centralstation/storage/BitCaskStore.java. Using fallback presentation compiler.[0m
2026.05.22 17:48:25 INFO  no build target found for /Users/habibaelkamary/Desktop/College(new)/DDIA/Labs/project/Weather-Stations-Monitoring-DDIA-Project/weather-station/src/main/java/com/weather/centralstation/storage/BitCaskStore.java. Using fallback presentation compiler.[0m
2026.05.22 17:48:25 INFO  no build target found for /Users/habibaelkamary/Desktop/College(new)/DDIA/Labs/project/Weather-Stations-Monitoring-DDIA-Project/weather-station/src/main/java/com/weather/centralstation/storage/BitCaskStore.java. Using fallback presentation compiler.[0m
2026.05.22 17:48:25 INFO  no build target found for /Users/habibaelkamary/Desktop/College(new)/DDIA/Labs/project/Weather-Stations-Monitoring-DDIA-Project/weather-station/src/main/java/com/weather/centralstation/storage/BitCaskStore.java. Using fallback presentation compiler.[0m
2026.05.22 17:48:24 INFO  no build target found for /Users/habibaelkamary/Desktop/College(new)/DDIA/Labs/project/Weather-Stations-Monitoring-DDIA-Project/weather-station/src/main/java/com/weather/centralstation/storage/BitCaskStore.java. Using fallback presentation compiler.[0m
2026.05.22 17:48:25 INFO  no build target found for /Users/habibaelkamary/Desktop/College(new)/DDIA/Labs/project/Weather-Stations-Monitoring-DDIA-Project/weather-station/src/main/java/com/weather/centralstation/storage/BitCaskStore.java. Using fallback presentation compiler.[0m
2026.05.22 17:48:25 INFO  no build target found for /Users/habibaelkamary/Desktop/College(new)/DDIA/Labs/project/Weather-Stations-Monitoring-DDIA-Project/weather-station/src/main/java/com/weather/centralstation/storage/BitCaskStore.java. Using fallback presentation compiler.[0m
2026.05.22 17:48:25 INFO  no build target found for /Users/habibaelkamary/Desktop/College(new)/DDIA/Labs/project/Weather-Stations-Monitoring-DDIA-Project/weather-station/src/main/java/com/weather/centralstation/storage/BitCaskStore.java. Using fallback presentation compiler.[0m
2026.05.22 17:48:26 INFO  no build target found for /Users/habibaelkamary/Desktop/College(new)/DDIA/Labs/project/Weather-Stations-Monitoring-DDIA-Project/weather-station/src/main/java/com/weather/centralstation/storage/BitCaskStore.java. Using fallback presentation compiler.[0m
2026.05.22 17:48:26 INFO  no build target found for /Users/habibaelkamary/Desktop/College(new)/DDIA/Labs/project/Weather-Stations-Monitoring-DDIA-Project/weather-station/src/main/java/com/weather/centralstation/storage/BitCaskStore.java. Using fallback presentation compiler.[0m
2026.05.22 17:48:26 INFO  no build target found for /Users/habibaelkamary/Desktop/College(new)/DDIA/Labs/project/Weather-Stations-Monitoring-DDIA-Project/weather-station/src/main/java/com/weather/centralstation/storage/BitCaskStore.java. Using fallback presentation compiler.[0m
2026.05.22 17:48:26 INFO  no build target found for /Users/habibaelkamary/Desktop/College(new)/DDIA/Labs/project/Weather-Stations-Monitoring-DDIA-Project/weather-station/src/main/java/com/weather/centralstation/storage/BitCaskStore.java. Using fallback presentation compiler.[0m
2026.05.22 17:48:26 INFO  no build target found for /Users/habibaelkamary/Desktop/College(new)/DDIA/Labs/project/Weather-Stations-Monitoring-DDIA-Project/weather-station/src/main/java/com/weather/centralstation/storage/BitCaskStore.java. Using fallback presentation compiler.[0m
2026.05.22 17:48:25 INFO  no build target found for /Users/habibaelkamary/Desktop/College(new)/DDIA/Labs/project/Weather-Stations-Monitoring-DDIA-Project/weather-station/src/main/java/com/weather/centralstation/storage/BitCaskStore.java. Using fallback presentation compiler.[0m
2026.05.22 17:48:26 INFO  no build target found for /Users/habibaelkamary/Desktop/College(new)/DDIA/Labs/project/Weather-Stations-Monitoring-DDIA-Project/weather-station/src/main/java/com/weather/centralstation/storage/BitCaskStore.java. Using fallback presentation compiler.[0m
2026.05.22 17:48:26 INFO  no build target found for /Users/habibaelkamary/Desktop/College(new)/DDIA/Labs/project/Weather-Stations-Monitoring-DDIA-Project/weather-station/src/main/java/com/weather/centralstation/storage/BitCaskStore.java. Using fallback presentation compiler.[0m
2026.05.22 17:48:26 INFO  no build target found for /Users/habibaelkamary/Desktop/College(new)/DDIA/Labs/project/Weather-Stations-Monitoring-DDIA-Project/weather-station/src/main/java/com/weather/centralstation/storage/BitCaskStore.java. Using fallback presentation compiler.[0m
2026.05.22 17:48:27 INFO  no build target found for /Users/habibaelkamary/Desktop/College(new)/DDIA/Labs/project/Weather-Stations-Monitoring-DDIA-Project/weather-station/src/main/java/com/weather/centralstation/storage/BitCaskStore.java. Using fallback presentation compiler.[0m
2026.05.22 17:48:27 INFO  no build target found for /Users/habibaelkamary/Desktop/College(new)/DDIA/Labs/project/Weather-Stations-Monitoring-DDIA-Project/weather-station/src/main/java/com/weather/centralstation/storage/BitCaskStore.java. Using fallback presentation compiler.[0m
2026.05.22 17:48:27 INFO  no build target found for /Users/habibaelkamary/Desktop/College(new)/DDIA/Labs/project/Weather-Stations-Monitoring-DDIA-Project/weather-station/src/main/java/com/weather/centralstation/storage/BitCaskStore.java. Using fallback presentation compiler.[0m
2026.05.22 17:48:27 INFO  no build target found for /Users/habibaelkamary/Desktop/College(new)/DDIA/Labs/project/Weather-Stations-Monitoring-DDIA-Project/weather-station/src/main/java/com/weather/centralstation/storage/BitCaskStore.java. Using fallback presentation compiler.[0m
2026.05.22 17:48:27 INFO  no build target found for /Users/habibaelkamary/Desktop/College(new)/DDIA/Labs/project/Weather-Stations-Monitoring-DDIA-Project/weather-station/src/main/java/com/weather/centralstation/storage/BitCaskStore.java. Using fallback presentation compiler.[0m
2026.05.22 17:48:27 INFO  no build target found for /Users/habibaelkamary/Desktop/College(new)/DDIA/Labs/project/Weather-Stations-Monitoring-DDIA-Project/weather-station/src/main/java/com/weather/centralstation/storage/BitCaskStore.java. Using fallback presentation compiler.[0m
2026.05.22 17:48:27 INFO  no build target found for /Users/habibaelkamary/Desktop/College(new)/DDIA/Labs/project/Weather-Stations-Monitoring-DDIA-Project/weather-station/src/main/java/com/weather/centralstation/storage/BitCaskStore.java. Using fallback presentation compiler.[0m
2026.05.22 17:48:28 INFO  no build target found for /Users/habibaelkamary/Desktop/College(new)/DDIA/Labs/project/Weather-Stations-Monitoring-DDIA-Project/weather-station/src/main/java/com/weather/centralstation/storage/BitCaskStore.java. Using fallback presentation compiler.[0m
2026.05.22 17:48:28 INFO  no build target found for /Users/habibaelkamary/Desktop/College(new)/DDIA/Labs/project/Weather-Stations-Monitoring-DDIA-Project/weather-station/src/main/java/com/weather/centralstation/storage/BitCaskStore.java. Using fallback presentation compiler.[0m
2026.05.22 17:48:28 INFO  no build target found for /Users/habibaelkamary/Desktop/College(new)/DDIA/Labs/project/Weather-Stations-Monitoring-DDIA-Project/weather-station/src/main/java/com/weather/centralstation/storage/BitCaskStore.java. Using fallback presentation compiler.[0m
2026.05.22 17:48:28 INFO  no build target found for /Users/habibaelkamary/Desktop/College(new)/DDIA/Labs/project/Weather-Stations-Monitoring-DDIA-Project/weather-station/src/main/java/com/weather/centralstation/storage/BitCaskStore.java. Using fallback presentation compiler.[0m
2026.05.22 17:48:28 INFO  no build target found for /Users/habibaelkamary/Desktop/College(new)/DDIA/Labs/project/Weather-Stations-Monitoring-DDIA-Project/weather-station/src/main/java/com/weather/centralstation/storage/BitCaskStore.java. Using fallback presentation compiler.[0m
2026.05.22 17:48:29 INFO  no build target found for /Users/habibaelkamary/Desktop/College(new)/DDIA/Labs/project/Weather-Stations-Monitoring-DDIA-Project/weather-station/src/main/java/com/weather/centralstation/storage/BitCaskStore.java. Using fallback presentation compiler.[0m
2026.05.22 17:48:28 INFO  no build target found for /Users/habibaelkamary/Desktop/College(new)/DDIA/Labs/project/Weather-Stations-Monitoring-DDIA-Project/weather-station/src/main/java/com/weather/centralstation/storage/BitCaskStore.java. Using fallback presentation compiler.[0m
2026.05.22 17:48:28 INFO  no build target found for /Users/habibaelkamary/Desktop/College(new)/DDIA/Labs/project/Weather-Stations-Monitoring-DDIA-Project/weather-station/src/main/java/com/weather/centralstation/storage/BitCaskStore.java. Using fallback presentation compiler.[0m
2026.05.22 17:48:29 INFO  no build target found for /Users/habibaelkamary/Desktop/College(new)/DDIA/Labs/project/Weather-Stations-Monitoring-DDIA-Project/weather-station/src/main/java/com/weather/centralstation/storage/BitCaskStore.java. Using fallback presentation compiler.[0m
2026.05.22 17:48:29 INFO  no build target found for /Users/habibaelkamary/Desktop/College(new)/DDIA/Labs/project/Weather-Stations-Monitoring-DDIA-Project/weather-station/src/main/java/com/weather/centralstation/storage/BitCaskStore.java. Using fallback presentation compiler.[0m
2026.05.22 17:48:29 INFO  no build target found for /Users/habibaelkamary/Desktop/College(new)/DDIA/Labs/project/Weather-Stations-Monitoring-DDIA-Project/weather-station/src/main/java/com/weather/centralstation/storage/BitCaskStore.java. Using fallback presentation compiler.[0m
2026.05.22 17:48:29 INFO  no build target found for /Users/habibaelkamary/Desktop/College(new)/DDIA/Labs/project/Weather-Stations-Monitoring-DDIA-Project/weather-station/src/main/java/com/weather/centralstation/storage/BitCaskStore.java. Using fallback presentation compiler.[0m
2026.05.22 17:48:30 INFO  no build target found for /Users/habibaelkamary/Desktop/College(new)/DDIA/Labs/project/Weather-Stations-Monitoring-DDIA-Project/weather-station/src/main/java/com/weather/centralstation/storage/BitCaskStore.java. Using fallback presentation compiler.[0m
2026.05.22 17:48:29 INFO  no build target found for /Users/habibaelkamary/Desktop/College(new)/DDIA/Labs/project/Weather-Stations-Monitoring-DDIA-Project/weather-station/src/main/java/com/weather/centralstation/storage/BitCaskStore.java. Using fallback presentation compiler.[0m
2026.05.22 17:48:29 INFO  no build target found for /Users/habibaelkamary/Desktop/College(new)/DDIA/Labs/project/Weather-Stations-Monitoring-DDIA-Project/weather-station/src/main/java/com/weather/centralstation/storage/BitCaskStore.java. Using fallback presentation compiler.[0m
2026.05.22 17:48:29 INFO  no build target found for /Users/habibaelkamary/Desktop/College(new)/DDIA/Labs/project/Weather-Stations-Monitoring-DDIA-Project/weather-station/src/main/java/com/weather/centralstation/storage/BitCaskStore.java. Using fallback presentation compiler.[0m
2026.05.22 17:48:30 INFO  no build target found for /Users/habibaelkamary/Desktop/College(new)/DDIA/Labs/project/Weather-Stations-Monitoring-DDIA-Project/weather-station/src/main/java/com/weather/centralstation/storage/BitCaskStore.java. Using fallback presentation compiler.[0m
2026.05.22 17:48:30 INFO  no build target found for /Users/habibaelkamary/Desktop/College(new)/DDIA/Labs/project/Weather-Stations-Monitoring-DDIA-Project/weather-station/src/main/java/com/weather/centralstation/storage/BitCaskStore.java. Using fallback presentation compiler.[0m
2026.05.22 17:48:30 INFO  no build target found for /Users/habibaelkamary/Desktop/College(new)/DDIA/Labs/project/Weather-Stations-Monitoring-DDIA-Project/weather-station/src/main/java/com/weather/centralstation/storage/BitCaskStore.java. Using fallback presentation compiler.[0m
2026.05.22 17:48:30 INFO  no build target found for /Users/habibaelkamary/Desktop/College(new)/DDIA/Labs/project/Weather-Stations-Monitoring-DDIA-Project/weather-station/src/main/java/com/weather/centralstation/storage/BitCaskStore.java. Using fallback presentation compiler.[0m
2026.05.22 17:48:30 INFO  no build target found for /Users/habibaelkamary/Desktop/College(new)/DDIA/Labs/project/Weather-Stations-Monitoring-DDIA-Project/weather-station/src/main/java/com/weather/centralstation/storage/BitCaskStore.java. Using fallback presentation compiler.[0m
2026.05.22 17:48:30 INFO  no build target found for /Users/habibaelkamary/Desktop/College(new)/DDIA/Labs/project/Weather-Stations-Monitoring-DDIA-Project/weather-station/src/main/java/com/weather/centralstation/storage/BitCaskStore.java. Using fallback presentation compiler.[0m
2026.05.22 17:48:30 INFO  no build target found for /Users/habibaelkamary/Desktop/College(new)/DDIA/Labs/project/Weather-Stations-Monitoring-DDIA-Project/weather-station/src/main/java/com/weather/centralstation/storage/BitCaskStore.java. Using fallback presentation compiler.[0m
2026.05.22 17:48:30 INFO  no build target found for /Users/habibaelkamary/Desktop/College(new)/DDIA/Labs/project/Weather-Stations-Monitoring-DDIA-Project/weather-station/src/main/java/com/weather/centralstation/storage/BitCaskStore.java. Using fallback presentation compiler.[0m
2026.05.22 17:48:30 INFO  no build target found for /Users/habibaelkamary/Desktop/College(new)/DDIA/Labs/project/Weather-Stations-Monitoring-DDIA-Project/weather-station/src/main/java/com/weather/centralstation/storage/BitCaskStore.java. Using fallback presentation compiler.[0m
2026.05.22 17:48:30 INFO  no build target found for /Users/habibaelkamary/Desktop/College(new)/DDIA/Labs/project/Weather-Stations-Monitoring-DDIA-Project/weather-station/src/main/java/com/weather/centralstation/storage/BitCaskStore.java. Using fallback presentation compiler.[0m
2026.05.22 17:48:31 INFO  no build target found for /Users/habibaelkamary/Desktop/College(new)/DDIA/Labs/project/Weather-Stations-Monitoring-DDIA-Project/weather-station/src/main/java/com/weather/centralstation/storage/BitCaskStore.java. Using fallback presentation compiler.[0m
2026.05.22 17:48:31 INFO  no build target found for /Users/habibaelkamary/Desktop/College(new)/DDIA/Labs/project/Weather-Stations-Monitoring-DDIA-Project/weather-station/src/main/java/com/weather/centralstation/storage/BitCaskStore.java. Using fallback presentation compiler.[0m
2026.05.22 17:48:31 INFO  no build target found for /Users/habibaelkamary/Desktop/College(new)/DDIA/Labs/project/Weather-Stations-Monitoring-DDIA-Project/weather-station/src/main/java/com/weather/centralstation/storage/BitCaskStore.java. Using fallback presentation compiler.[0m
2026.05.22 17:48:31 INFO  no build target found for /Users/habibaelkamary/Desktop/College(new)/DDIA/Labs/project/Weather-Stations-Monitoring-DDIA-Project/weather-station/src/main/java/com/weather/centralstation/storage/BitCaskStore.java. Using fallback presentation compiler.[0m
2026.05.22 17:48:32 WARN  no build target for: /Users/habibaelkamary/Desktop/College(new)/DDIA/Labs/project/Weather-Stations-Monitoring-DDIA-Project/weather-station/src/main/java/com/weather/centralstation/storage/BitCaskStore.java[0m
2026.05.22 17:48:32 INFO  no build target found for /Users/habibaelkamary/Desktop/College(new)/DDIA/Labs/project/Weather-Stations-Monitoring-DDIA-Project/weather-station/src/main/java/com/weather/centralstation/storage/BitCaskStore.java. Using fallback presentation compiler.[0m
2026.05.22 17:50:27 INFO  no build target found for /Users/habibaelkamary/Desktop/College(new)/DDIA/Labs/project/Weather-Stations-Monitoring-DDIA-Project/weather-station/src/main/java/com/weather/centralstation/storage/BitCaskStore.java. Using fallback presentation compiler.[0m
2026.05.22 17:50:27 INFO  no build target found for /Users/habibaelkamary/Desktop/College(new)/DDIA/Labs/project/Weather-Stations-Monitoring-DDIA-Project/weather-station/src/main/java/com/weather/centralstation/storage/BitCaskStore.java. Using fallback presentation compiler.[0m
2026.05.22 17:50:29 INFO  no build target found for /Users/habibaelkamary/Desktop/College(new)/DDIA/Labs/project/Weather-Stations-Monitoring-DDIA-Project/weather-station/src/main/java/com/weather/centralstation/CentralStation.java. Using fallback presentation compiler.[0m
2026.05.22 17:50:29 INFO  no build target found for /Users/habibaelkamary/Desktop/College(new)/DDIA/Labs/project/Weather-Stations-Monitoring-DDIA-Project/weather-station/src/main/java/com/weather/centralstation/CentralStation.java. Using fallback presentation compiler.[0m
May 22, 2026 5:50:29 PM org.eclipse.lsp4j.jsonrpc.RemoteEndpoint handleCancellation
WARNING: Unmatched cancel notification for request id 5366
2026.05.22 17:50:29 INFO  no build target found for /Users/habibaelkamary/Desktop/College(new)/DDIA/Labs/project/Weather-Stations-Monitoring-DDIA-Project/weather-station/src/main/java/com/weather/centralstation/CentralStation.java. Using fallback presentation compiler.[0m
May 22, 2026 5:50:29 PM org.eclipse.lsp4j.jsonrpc.RemoteEndpoint handleCancellation
WARNING: Unmatched cancel notification for request id 5367
2026.05.22 17:50:29 INFO  no build target found for /Users/habibaelkamary/Desktop/College(new)/DDIA/Labs/project/Weather-Stations-Monitoring-DDIA-Project/weather-station/src/main/java/com/weather/centralstation/CentralStation.java. Using fallback presentation compiler.[0m
2026.05.22 17:50:29 INFO  no build target found for /Users/habibaelkamary/Desktop/College(new)/DDIA/Labs/project/Weather-Stations-Monitoring-DDIA-Project/weather-station/src/main/java/com/weather/centralstation/CentralStation.java. Using fallback presentation compiler.[0m
2026.05.22 17:50:29 WARN  no build target for: /Users/habibaelkamary/Desktop/College(new)/DDIA/Labs/project/Weather-Stations-Monitoring-DDIA-Project/weather-station/src/main/java/com/weather/centralstation/CentralStation.java[0m
2026.05.22 17:50:29 INFO  no build target found for /Users/habibaelkamary/Desktop/College(new)/DDIA/Labs/project/Weather-Stations-Monitoring-DDIA-Project/weather-station/src/main/java/com/weather/centralstation/CentralStation.java. Using fallback presentation compiler.[0m
2026.05.22 17:50:29 INFO  no build target found for /Users/habibaelkamary/Desktop/College(new)/DDIA/Labs/project/Weather-Stations-Monitoring-DDIA-Project/weather-station/src/main/java/com/weather/centralstation/CentralStation.java. Using fallback presentation compiler.[0m
2026.05.22 17:50:30 INFO  no build target found for /Users/habibaelkamary/Desktop/College(new)/DDIA/Labs/project/Weather-Stations-Monitoring-DDIA-Project/weather-station/src/main/java/com/weather/centralstation/CentralStation.java. Using fallback presentation compiler.[0m
2026.05.22 17:50:30 INFO  no build target found for /Users/habibaelkamary/Desktop/College(new)/DDIA/Labs/project/Weather-Stations-Monitoring-DDIA-Project/weather-station/src/main/java/com/weather/centralstation/CentralStation.java. Using fallback presentation compiler.[0m
2026.05.22 17:50:30 INFO  no build target found for /Users/habibaelkamary/Desktop/College(new)/DDIA/Labs/project/Weather-Stations-Monitoring-DDIA-Project/weather-station/src/main/java/com/weather/centralstation/CentralStation.java. Using fallback presentation compiler.[0m
2026.05.22 17:50:31 INFO  no build target found for /Users/habibaelkamary/Desktop/College(new)/DDIA/Labs/project/Weather-Stations-Monitoring-DDIA-Project/weather-station/src/main/java/com/weather/centralstation/CentralStation.java. Using fallback presentation compiler.[0m
2026.05.22 17:50:31 INFO  no build target found for /Users/habibaelkamary/Desktop/College(new)/DDIA/Labs/project/Weather-Stations-Monitoring-DDIA-Project/weather-station/src/main/java/com/weather/centralstation/CentralStation.java. Using fallback presentation compiler.[0m
May 22, 2026 5:50:31 PM org.eclipse.lsp4j.jsonrpc.RemoteEndpoint handleCancellation
WARNING: Unmatched cancel notification for request id 5380
2026.05.22 17:50:31 INFO  no build target found for /Users/habibaelkamary/Desktop/College(new)/DDIA/Labs/project/Weather-Stations-Monitoring-DDIA-Project/weather-station/src/main/java/com/weather/centralstation/CentralStation.java. Using fallback presentation compiler.[0m
2026.05.22 17:50:32 INFO  no build target found for /Users/habibaelkamary/Desktop/College(new)/DDIA/Labs/project/Weather-Stations-Monitoring-DDIA-Project/weather-station/src/main/java/com/weather/centralstation/CentralStation.java. Using fallback presentation compiler.[0m
2026.05.22 17:50:31 INFO  no build target found for /Users/habibaelkamary/Desktop/College(new)/DDIA/Labs/project/Weather-Stations-Monitoring-DDIA-Project/weather-station/src/main/java/com/weather/centralstation/CentralStation.java. Using fallback presentation compiler.[0m
2026.05.22 17:50:31 INFO  no build target found for /Users/habibaelkamary/Desktop/College(new)/DDIA/Labs/project/Weather-Stations-Monitoring-DDIA-Project/weather-station/src/main/java/com/weather/centralstation/CentralStation.java. Using fallback presentation compiler.[0m
2026.05.22 17:50:32 WARN  no build target for: /Users/habibaelkamary/Desktop/College(new)/DDIA/Labs/project/Weather-Stations-Monitoring-DDIA-Project/weather-station/src/main/java/com/weather/centralstation/CentralStation.java[0m
2026.05.22 17:50:32 INFO  no build target found for /Users/habibaelkamary/Desktop/College(new)/DDIA/Labs/project/Weather-Stations-Monitoring-DDIA-Project/weather-station/src/main/java/com/weather/centralstation/CentralStation.java. Using fallback presentation compiler.[0m
2026.05.22 17:50:31 INFO  no build target found for /Users/habibaelkamary/Desktop/College(new)/DDIA/Labs/project/Weather-Stations-Monitoring-DDIA-Project/weather-station/src/main/java/com/weather/centralstation/CentralStation.java. Using fallback presentation compiler.[0m
2026.05.22 17:50:33 INFO  time: code lens generation in 1.18s[0m
2026.05.22 17:50:33 INFO  no build target found for /Users/habibaelkamary/Desktop/College(new)/DDIA/Labs/project/Weather-Stations-Monitoring-DDIA-Project/weather-station/src/main/java/com/weather/centralstation/CentralStation.java. Using fallback presentation compiler.[0m
2026.05.22 17:52:28 INFO  no build target found for /Users/habibaelkamary/Desktop/College(new)/DDIA/Labs/project/Weather-Stations-Monitoring-DDIA-Project/weather-station/src/main/java/com/weather/centralstation/CentralStation.java. Using fallback presentation compiler.[0m
2026.05.22 17:58:50 INFO  no build target found for /Users/habibaelkamary/Desktop/College(new)/DDIA/Labs/project/Weather-Stations-Monitoring-DDIA-Project/weather-station/src/main/java/com/weather/centralstation/storage/BitCaskStore.java. Using fallback presentation compiler.[0m
2026.05.22 17:58:50 INFO  no build target found for /Users/habibaelkamary/Desktop/College(new)/DDIA/Labs/project/Weather-Stations-Monitoring-DDIA-Project/weather-station/src/main/java/com/weather/centralstation/storage/BitCaskStore.java. Using fallback presentation compiler.[0m
May 22, 2026 5:58:51 PM org.eclipse.lsp4j.jsonrpc.RemoteEndpoint handleCancellation
WARNING: Unmatched cancel notification for request id 5407
2026.05.22 17:58:50 INFO  no build target found for /Users/habibaelkamary/Desktop/College(new)/DDIA/Labs/project/Weather-Stations-Monitoring-DDIA-Project/weather-station/src/main/java/com/weather/centralstation/storage/BitCaskStore.java. Using fallback presentation compiler.[0m
May 22, 2026 5:58:51 PM org.eclipse.lsp4j.jsonrpc.RemoteEndpoint handleCancellation
WARNING: Unmatched cancel notification for request id 5409
2026.05.22 17:58:50 INFO  no build target found for /Users/habibaelkamary/Desktop/College(new)/DDIA/Labs/project/Weather-Stations-Monitoring-DDIA-Project/weather-station/src/main/java/com/weather/centralstation/storage/BitCaskStore.java. Using fallback presentation compiler.[0m
2026.05.22 17:58:51 WARN  no build target for: /Users/habibaelkamary/Desktop/College(new)/DDIA/Labs/project/Weather-Stations-Monitoring-DDIA-Project/weather-station/src/main/java/com/weather/centralstation/storage/BitCaskStore.java[0m
2026.05.22 17:58:51 INFO  no build target found for /Users/habibaelkamary/Desktop/College(new)/DDIA/Labs/project/Weather-Stations-Monitoring-DDIA-Project/weather-station/src/main/java/com/weather/centralstation/storage/BitCaskStore.java. Using fallback presentation compiler.[0m
2026.05.22 17:58:51 INFO  no build target found for /Users/habibaelkamary/Desktop/College(new)/DDIA/Labs/project/Weather-Stations-Monitoring-DDIA-Project/weather-station/src/main/java/com/weather/centralstation/storage/BitCaskStore.java. Using fallback presentation compiler.[0m
2026.05.22 17:58:58 INFO  no build target found for /Users/habibaelkamary/Desktop/College(new)/DDIA/Labs/project/Weather-Stations-Monitoring-DDIA-Project/weather-station/src/main/java/com/weather/centralstation/CentralStation.java. Using fallback presentation compiler.[0m
May 22, 2026 5:58:58 PM org.eclipse.lsp4j.jsonrpc.RemoteEndpoint handleCancellation
WARNING: Unmatched cancel notification for request id 5421
2026.05.22 17:58:58 INFO  no build target found for /Users/habibaelkamary/Desktop/College(new)/DDIA/Labs/project/Weather-Stations-Monitoring-DDIA-Project/weather-station/src/main/java/com/weather/centralstation/CentralStation.java. Using fallback presentation compiler.[0m
2026.05.22 17:58:58 INFO  no build target found for /Users/habibaelkamary/Desktop/College(new)/DDIA/Labs/project/Weather-Stations-Monitoring-DDIA-Project/weather-station/src/main/java/com/weather/centralstation/CentralStation.java. Using fallback presentation compiler.[0m
May 22, 2026 5:58:58 PM org.eclipse.lsp4j.jsonrpc.RemoteEndpoint handleCancellation
WARNING: Unmatched cancel notification for request id 5423
2026.05.22 17:58:58 INFO  no build target found for /Users/habibaelkamary/Desktop/College(new)/DDIA/Labs/project/Weather-Stations-Monitoring-DDIA-Project/weather-station/src/main/java/com/weather/centralstation/CentralStation.java. Using fallback presentation compiler.[0m
2026.05.22 17:58:58 WARN  no build target for: /Users/habibaelkamary/Desktop/College(new)/DDIA/Labs/project/Weather-Stations-Monitoring-DDIA-Project/weather-station/src/main/java/com/weather/centralstation/CentralStation.java[0m
2026.05.22 17:58:58 INFO  no build target found for /Users/habibaelkamary/Desktop/College(new)/DDIA/Labs/project/Weather-Stations-Monitoring-DDIA-Project/weather-station/src/main/java/com/weather/centralstation/CentralStation.java. Using fallback presentation compiler.[0m
2026.05.22 17:58:58 INFO  no build target found for /Users/habibaelkamary/Desktop/College(new)/DDIA/Labs/project/Weather-Stations-Monitoring-DDIA-Project/weather-station/src/main/java/com/weather/centralstation/CentralStation.java. Using fallback presentation compiler.[0m
2026.05.22 17:58:59 INFO  no build target found for /Users/habibaelkamary/Desktop/College(new)/DDIA/Labs/project/Weather-Stations-Monitoring-DDIA-Project/weather-station/src/main/java/com/weather/centralstation/CentralStation.java. Using fallback presentation compiler.[0m
2026.05.22 17:59:00 INFO  no build target found for /Users/habibaelkamary/Desktop/College(new)/DDIA/Labs/project/Weather-Stations-Monitoring-DDIA-Project/weather-station/src/main/java/com/weather/centralstation/CentralStation.java. Using fallback presentation compiler.[0m
2026.05.22 17:59:00 INFO  no build target found for /Users/habibaelkamary/Desktop/College(new)/DDIA/Labs/project/Weather-Stations-Monitoring-DDIA-Project/weather-station/src/main/java/com/weather/centralstation/CentralStation.java. Using fallback presentation compiler.[0m
2026.05.22 17:59:00 INFO  no build target found for /Users/habibaelkamary/Desktop/College(new)/DDIA/Labs/project/Weather-Stations-Monitoring-DDIA-Project/weather-station/src/main/java/com/weather/centralstation/CentralStation.java. Using fallback presentation compiler.[0m
2026.05.22 17:59:01 INFO  no build target found for /Users/habibaelkamary/Desktop/College(new)/DDIA/Labs/project/Weather-Stations-Monitoring-DDIA-Project/weather-station/src/main/java/com/weather/centralstation/CentralStation.java. Using fallback presentation compiler.[0m
2026.05.22 17:59:01 INFO  no build target found for /Users/habibaelkamary/Desktop/College(new)/DDIA/Labs/project/Weather-Stations-Monitoring-DDIA-Project/weather-station/src/main/java/com/weather/centralstation/CentralStation.java. Using fallback presentation compiler.[0m
2026.05.22 17:59:01 INFO  no build target found for /Users/habibaelkamary/Desktop/College(new)/DDIA/Labs/project/Weather-Stations-Monitoring-DDIA-Project/weather-station/src/main/java/com/weather/centralstation/CentralStation.java. Using fallback presentation compiler.[0m
2026.05.22 17:59:02 INFO  no build target found for /Users/habibaelkamary/Desktop/College(new)/DDIA/Labs/project/Weather-Stations-Monitoring-DDIA-Project/weather-station/src/main/java/com/weather/centralstation/CentralStation.java. Using fallback presentation compiler.[0m
2026.05.22 17:59:01 INFO  no build target found for /Users/habibaelkamary/Desktop/College(new)/DDIA/Labs/project/Weather-Stations-Monitoring-DDIA-Project/weather-station/src/main/java/com/weather/centralstation/CentralStation.java. Using fallback presentation compiler.[0m
2026.05.22 17:59:01 INFO  no build target found for /Users/habibaelkamary/Desktop/College(new)/DDIA/Labs/project/Weather-Stations-Monitoring-DDIA-Project/weather-station/src/main/java/com/weather/centralstation/CentralStation.java. Using fallback presentation compiler.[0m
2026.05.22 17:59:02 INFO  no build target found for /Users/habibaelkamary/Desktop/College(new)/DDIA/Labs/project/Weather-Stations-Monitoring-DDIA-Project/weather-station/src/main/java/com/weather/centralstation/CentralStation.java. Using fallback presentation compiler.[0m
2026.05.22 17:59:02 INFO  no build target found for /Users/habibaelkamary/Desktop/College(new)/DDIA/Labs/project/Weather-Stations-Monitoring-DDIA-Project/weather-station/src/main/java/com/weather/centralstation/CentralStation.java. Using fallback presentation compiler.[0m
2026.05.22 17:59:02 INFO  no build target found for /Users/habibaelkamary/Desktop/College(new)/DDIA/Labs/project/Weather-Stations-Monitoring-DDIA-Project/weather-station/src/main/java/com/weather/centralstation/CentralStation.java. Using fallback presentation compiler.[0m
2026.05.22 17:59:04 INFO  no build target found for /Users/habibaelkamary/Desktop/College(new)/DDIA/Labs/project/Weather-Stations-Monitoring-DDIA-Project/weather-station/src/main/java/com/weather/centralstation/CentralStation.java. Using fallback presentation compiler.[0m
2026.05.22 17:59:06 INFO  no build target found for /Users/habibaelkamary/Desktop/College(new)/DDIA/Labs/project/Weather-Stations-Monitoring-DDIA-Project/weather-station/src/main/java/com/weather/centralstation/CentralStation.java. Using fallback presentation compiler.[0m
2026.05.22 17:59:06 INFO  no build target found for /Users/habibaelkamary/Desktop/College(new)/DDIA/Labs/project/Weather-Stations-Monitoring-DDIA-Project/weather-station/src/main/java/com/weather/centralstation/CentralStation.java. Using fallback presentation compiler.[0m
2026.05.22 17:59:06 INFO  no build target found for /Users/habibaelkamary/Desktop/College(new)/DDIA/Labs/project/Weather-Stations-Monitoring-DDIA-Project/weather-station/src/main/java/com/weather/centralstation/CentralStation.java. Using fallback presentation compiler.[0m
2026.05.22 17:59:07 INFO  no build target found for /Users/habibaelkamary/Desktop/College(new)/DDIA/Labs/project/Weather-Stations-Monitoring-DDIA-Project/weather-station/src/main/java/com/weather/centralstation/CentralStation.java. Using fallback presentation compiler.[0m
2026.05.22 17:59:07 INFO  no build target found for /Users/habibaelkamary/Desktop/College(new)/DDIA/Labs/project/Weather-Stations-Monitoring-DDIA-Project/weather-station/src/main/java/com/weather/centralstation/CentralStation.java. Using fallback presentation compiler.[0m
2026.05.22 17:59:07 INFO  no build target found for /Users/habibaelkamary/Desktop/College(new)/DDIA/Labs/project/Weather-Stations-Monitoring-DDIA-Project/weather-station/src/main/java/com/weather/centralstation/CentralStation.java. Using fallback presentation compiler.[0m
2026.05.22 17:59:07 INFO  no build target found for /Users/habibaelkamary/Desktop/College(new)/DDIA/Labs/project/Weather-Stations-Monitoring-DDIA-Project/weather-station/src/main/java/com/weather/centralstation/CentralStation.java. Using fallback presentation compiler.[0m
2026.05.22 17:59:07 INFO  no build target found for /Users/habibaelkamary/Desktop/College(new)/DDIA/Labs/project/Weather-Stations-Monitoring-DDIA-Project/weather-station/src/main/java/com/weather/centralstation/CentralStation.java. Using fallback presentation compiler.[0m
2026.05.22 17:59:08 INFO  no build target found for /Users/habibaelkamary/Desktop/College(new)/DDIA/Labs/project/Weather-Stations-Monitoring-DDIA-Project/weather-station/src/main/java/com/weather/centralstation/CentralStation.java. Using fallback presentation compiler.[0m
2026.05.22 17:59:08 INFO  no build target found for /Users/habibaelkamary/Desktop/College(new)/DDIA/Labs/project/Weather-Stations-Monitoring-DDIA-Project/weather-station/src/main/java/com/weather/centralstation/CentralStation.java. Using fallback presentation compiler.[0m
2026.05.22 17:59:08 INFO  no build target found for /Users/habibaelkamary/Desktop/College(new)/DDIA/Labs/project/Weather-Stations-Monitoring-DDIA-Project/weather-station/src/main/java/com/weather/centralstation/CentralStation.java. Using fallback presentation compiler.[0m
2026.05.22 17:59:08 INFO  no build target found for /Users/habibaelkamary/Desktop/College(new)/DDIA/Labs/project/Weather-Stations-Monitoring-DDIA-Project/weather-station/src/main/java/com/weather/centralstation/CentralStation.java. Using fallback presentation compiler.[0m
2026.05.22 17:59:08 INFO  no build target found for /Users/habibaelkamary/Desktop/College(new)/DDIA/Labs/project/Weather-Stations-Monitoring-DDIA-Project/weather-station/src/main/java/com/weather/centralstation/CentralStation.java. Using fallback presentation compiler.[0m
2026.05.22 17:59:08 INFO  no build target found for /Users/habibaelkamary/Desktop/College(new)/DDIA/Labs/project/Weather-Stations-Monitoring-DDIA-Project/weather-station/src/main/java/com/weather/centralstation/CentralStation.java. Using fallback presentation compiler.[0m
2026.05.22 17:59:09 INFO  no build target found for /Users/habibaelkamary/Desktop/College(new)/DDIA/Labs/project/Weather-Stations-Monitoring-DDIA-Project/weather-station/src/main/java/com/weather/centralstation/CentralStation.java. Using fallback presentation compiler.[0m
2026.05.22 17:59:08 INFO  no build target found for /Users/habibaelkamary/Desktop/College(new)/DDIA/Labs/project/Weather-Stations-Monitoring-DDIA-Project/weather-station/src/main/java/com/weather/centralstation/CentralStation.java. Using fallback presentation compiler.[0m
2026.05.22 17:59:08 INFO  no build target found for /Users/habibaelkamary/Desktop/College(new)/DDIA/Labs/project/Weather-Stations-Monitoring-DDIA-Project/weather-station/src/main/java/com/weather/centralstation/CentralStation.java. Using fallback presentation compiler.[0m
2026.05.22 17:59:09 INFO  no build target found for /Users/habibaelkamary/Desktop/College(new)/DDIA/Labs/project/Weather-Stations-Monitoring-DDIA-Project/weather-station/src/main/java/com/weather/centralstation/CentralStation.java. Using fallback presentation compiler.[0m
2026.05.22 17:59:09 INFO  no build target found for /Users/habibaelkamary/Desktop/College(new)/DDIA/Labs/project/Weather-Stations-Monitoring-DDIA-Project/weather-station/src/main/java/com/weather/centralstation/CentralStation.java. Using fallback presentation compiler.[0m
2026.05.22 17:59:09 INFO  no build target found for /Users/habibaelkamary/Desktop/College(new)/DDIA/Labs/project/Weather-Stations-Monitoring-DDIA-Project/weather-station/src/main/java/com/weather/centralstation/CentralStation.java. Using fallback presentation compiler.[0m
2026.05.22 17:59:09 INFO  no build target found for /Users/habibaelkamary/Desktop/College(new)/DDIA/Labs/project/Weather-Stations-Monitoring-DDIA-Project/weather-station/src/main/java/com/weather/centralstation/CentralStation.java. Using fallback presentation compiler.[0m
2026.05.22 17:59:09 INFO  no build target found for /Users/habibaelkamary/Desktop/College(new)/DDIA/Labs/project/Weather-Stations-Monitoring-DDIA-Project/weather-station/src/main/java/com/weather/centralstation/CentralStation.java. Using fallback presentation compiler.[0m
2026.05.22 17:59:10 INFO  no build target found for /Users/habibaelkamary/Desktop/College(new)/DDIA/Labs/project/Weather-Stations-Monitoring-DDIA-Project/weather-station/src/main/java/com/weather/centralstation/CentralStation.java. Using fallback presentation compiler.[0m
2026.05.22 17:59:09 INFO  no build target found for /Users/habibaelkamary/Desktop/College(new)/DDIA/Labs/project/Weather-Stations-Monitoring-DDIA-Project/weather-station/src/main/java/com/weather/centralstation/CentralStation.java. Using fallback presentation compiler.[0m
2026.05.22 17:59:09 INFO  no build target found for /Users/habibaelkamary/Desktop/College(new)/DDIA/Labs/project/Weather-Stations-Monitoring-DDIA-Project/weather-station/src/main/java/com/weather/centralstation/CentralStation.java. Using fallback presentation compiler.[0m
2026.05.22 17:59:09 INFO  no build target found for /Users/habibaelkamary/Desktop/College(new)/DDIA/Labs/project/Weather-Stations-Monitoring-DDIA-Project/weather-station/src/main/java/com/weather/centralstation/CentralStation.java. Using fallback presentation compiler.[0m
2026.05.22 17:59:10 INFO  no build target found for /Users/habibaelkamary/Desktop/College(new)/DDIA/Labs/project/Weather-Stations-Monitoring-DDIA-Project/weather-station/src/main/java/com/weather/centralstation/CentralStation.java. Using fallback presentation compiler.[0m
2026.05.22 17:59:10 INFO  no build target found for /Users/habibaelkamary/Desktop/College(new)/DDIA/Labs/project/Weather-Stations-Monitoring-DDIA-Project/weather-station/src/main/java/com/weather/centralstation/CentralStation.java. Using fallback presentation compiler.[0m
2026.05.22 17:59:10 INFO  no build target found for /Users/habibaelkamary/Desktop/College(new)/DDIA/Labs/project/Weather-Stations-Monitoring-DDIA-Project/weather-station/src/main/java/com/weather/centralstation/CentralStation.java. Using fallback presentation compiler.[0m
2026.05.22 17:59:10 INFO  no build target found for /Users/habibaelkamary/Desktop/College(new)/DDIA/Labs/project/Weather-Stations-Monitoring-DDIA-Project/weather-station/src/main/java/com/weather/centralstation/CentralStation.java. Using fallback presentation compiler.[0m
2026.05.22 17:59:10 INFO  no build target found for /Users/habibaelkamary/Desktop/College(new)/DDIA/Labs/project/Weather-Stations-Monitoring-DDIA-Project/weather-station/src/main/java/com/weather/centralstation/CentralStation.java. Using fallback presentation compiler.[0m
2026.05.22 17:59:10 INFO  no build target found for /Users/habibaelkamary/Desktop/College(new)/DDIA/Labs/project/Weather-Stations-Monitoring-DDIA-Project/weather-station/src/main/java/com/weather/centralstation/CentralStation.java. Using fallback presentation compiler.[0m
2026.05.22 17:59:10 INFO  no build target found for /Users/habibaelkamary/Desktop/College(new)/DDIA/Labs/project/Weather-Stations-Monitoring-DDIA-Project/weather-station/src/main/java/com/weather/centralstation/CentralStation.java. Using fallback presentation compiler.[0m
2026.05.22 17:59:10 INFO  no build target found for /Users/habibaelkamary/Desktop/College(new)/DDIA/Labs/project/Weather-Stations-Monitoring-DDIA-Project/weather-station/src/main/java/com/weather/centralstation/CentralStation.java. Using fallback presentation compiler.[0m
2026.05.22 17:59:11 INFO  no build target found for /Users/habibaelkamary/Desktop/College(new)/DDIA/Labs/project/Weather-Stations-Monitoring-DDIA-Project/weather-station/src/main/java/com/weather/centralstation/CentralStation.java. Using fallback presentation compiler.[0m
2026.05.22 17:59:11 INFO  no build target found for /Users/habibaelkamary/Desktop/College(new)/DDIA/Labs/project/Weather-Stations-Monitoring-DDIA-Project/weather-station/src/main/java/com/weather/centralstation/CentralStation.java. Using fallback presentation compiler.[0m
2026.05.22 17:59:11 INFO  no build target found for /Users/habibaelkamary/Desktop/College(new)/DDIA/Labs/project/Weather-Stations-Monitoring-DDIA-Project/weather-station/src/main/java/com/weather/centralstation/CentralStation.java. Using fallback presentation compiler.[0m
2026.05.22 17:59:12 INFO  no build target found for /Users/habibaelkamary/Desktop/College(new)/DDIA/Labs/project/Weather-Stations-Monitoring-DDIA-Project/weather-station/src/main/java/com/weather/centralstation/CentralStation.java. Using fallback presentation compiler.[0m
2026.05.22 17:59:11 INFO  no build target found for /Users/habibaelkamary/Desktop/College(new)/DDIA/Labs/project/Weather-Stations-Monitoring-DDIA-Project/weather-station/src/main/java/com/weather/centralstation/CentralStation.java. Using fallback presentation compiler.[0m
2026.05.22 17:59:12 INFO  no build target found for /Users/habibaelkamary/Desktop/College(new)/DDIA/Labs/project/Weather-Stations-Monitoring-DDIA-Project/weather-station/src/main/java/com/weather/centralstation/CentralStation.java. Using fallback presentation compiler.[0m
2026.05.22 17:59:12 INFO  no build target found for /Users/habibaelkamary/Desktop/College(new)/DDIA/Labs/project/Weather-Stations-Monitoring-DDIA-Project/weather-station/src/main/java/com/weather/centralstation/CentralStation.java. Using fallback presentation compiler.[0m
2026.05.22 17:59:12 INFO  no build target found for /Users/habibaelkamary/Desktop/College(new)/DDIA/Labs/project/Weather-Stations-Monitoring-DDIA-Project/weather-station/src/main/java/com/weather/centralstation/CentralStation.java. Using fallback presentation compiler.[0m
2026.05.22 17:59:13 INFO  no build target found for /Users/habibaelkamary/Desktop/College(new)/DDIA/Labs/project/Weather-Stations-Monitoring-DDIA-Project/weather-station/src/main/java/com/weather/centralstation/CentralStation.java. Using fallback presentation compiler.[0m
2026.05.22 17:59:12 INFO  no build target found for /Users/habibaelkamary/Desktop/College(new)/DDIA/Labs/project/Weather-Stations-Monitoring-DDIA-Project/weather-station/src/main/java/com/weather/centralstation/CentralStation.java. Using fallback presentation compiler.[0m
2026.05.22 17:59:12 INFO  no build target found for /Users/habibaelkamary/Desktop/College(new)/DDIA/Labs/project/Weather-Stations-Monitoring-DDIA-Project/weather-station/src/main/java/com/weather/centralstation/CentralStation.java. Using fallback presentation compiler.[0m
2026.05.22 17:59:13 INFO  no build target found for /Users/habibaelkamary/Desktop/College(new)/DDIA/Labs/project/Weather-Stations-Monitoring-DDIA-Project/weather-station/src/main/java/com/weather/centralstation/CentralStation.java. Using fallback presentation compiler.[0m
2026.05.22 17:59:13 INFO  no build target found for /Users/habibaelkamary/Desktop/College(new)/DDIA/Labs/project/Weather-Stations-Monitoring-DDIA-Project/weather-station/src/main/java/com/weather/centralstation/CentralStation.java. Using fallback presentation compiler.[0m
2026.05.22 17:59:14 WARN  no build target for: /Users/habibaelkamary/Desktop/College(new)/DDIA/Labs/project/Weather-Stations-Monitoring-DDIA-Project/weather-station/src/main/java/com/weather/centralstation/CentralStation.java[0m
2026.05.22 17:59:14 INFO  no build target found for /Users/habibaelkamary/Desktop/College(new)/DDIA/Labs/project/Weather-Stations-Monitoring-DDIA-Project/weather-station/src/main/java/com/weather/centralstation/CentralStation.java. Using fallback presentation compiler.[0m
2026.05.22 17:59:13 INFO  no build target found for /Users/habibaelkamary/Desktop/College(new)/DDIA/Labs/project/Weather-Stations-Monitoring-DDIA-Project/weather-station/src/main/java/com/weather/centralstation/CentralStation.java. Using fallback presentation compiler.[0m
2026.05.22 17:59:15 INFO  no build target found for /Users/habibaelkamary/Desktop/College(new)/DDIA/Labs/project/Weather-Stations-Monitoring-DDIA-Project/weather-station/src/main/java/com/weather/centralstation/CentralStation.java. Using fallback presentation compiler.[0m
2026.05.22 17:59:15 INFO  no build target found for /Users/habibaelkamary/Desktop/College(new)/DDIA/Labs/project/Weather-Stations-Monitoring-DDIA-Project/weather-station/src/main/java/com/weather/centralstation/CentralStation.java. Using fallback presentation compiler.[0m
2026.05.22 17:59:15 INFO  no build target found for /Users/habibaelkamary/Desktop/College(new)/DDIA/Labs/project/Weather-Stations-Monitoring-DDIA-Project/weather-station/src/main/java/com/weather/centralstation/CentralStation.java. Using fallback presentation compiler.[0m
2026.05.22 17:59:15 INFO  no build target found for /Users/habibaelkamary/Desktop/College(new)/DDIA/Labs/project/Weather-Stations-Monitoring-DDIA-Project/weather-station/src/main/java/com/weather/centralstation/CentralStation.java. Using fallback presentation compiler.[0m
2026.05.22 17:59:16 INFO  no build target found for /Users/habibaelkamary/Desktop/College(new)/DDIA/Labs/project/Weather-Stations-Monitoring-DDIA-Project/weather-station/src/main/java/com/weather/centralstation/CentralStation.java. Using fallback presentation compiler.[0m
2026.05.22 17:59:16 INFO  no build target found for /Users/habibaelkamary/Desktop/College(new)/DDIA/Labs/project/Weather-Stations-Monitoring-DDIA-Project/weather-station/src/main/java/com/weather/centralstation/CentralStation.java. Using fallback presentation compiler.[0m
2026.05.22 17:59:16 INFO  no build target found for /Users/habibaelkamary/Desktop/College(new)/DDIA/Labs/project/Weather-Stations-Monitoring-DDIA-Project/weather-station/src/main/java/com/weather/centralstation/CentralStation.java. Using fallback presentation compiler.[0m
2026.05.22 17:59:16 INFO  no build target found for /Users/habibaelkamary/Desktop/College(new)/DDIA/Labs/project/Weather-Stations-Monitoring-DDIA-Project/weather-station/src/main/java/com/weather/centralstation/CentralStation.java. Using fallback presentation compiler.[0m
2026.05.22 17:59:16 INFO  no build target found for /Users/habibaelkamary/Desktop/College(new)/DDIA/Labs/project/Weather-Stations-Monitoring-DDIA-Project/weather-station/src/main/java/com/weather/centralstation/CentralStation.java. Using fallback presentation compiler.[0m
2026.05.22 17:59:17 INFO  no build target found for /Users/habibaelkamary/Desktop/College(new)/DDIA/Labs/project/Weather-Stations-Monitoring-DDIA-Project/weather-station/src/main/java/com/weather/centralstation/CentralStation.java. Using fallback presentation compiler.[0m
2026.05.22 17:59:16 INFO  no build target found for /Users/habibaelkamary/Desktop/College(new)/DDIA/Labs/project/Weather-Stations-Monitoring-DDIA-Project/weather-station/src/main/java/com/weather/centralstation/CentralStation.java. Using fallback presentation compiler.[0m
May 22, 2026 5:59:17 PM org.eclipse.lsp4j.jsonrpc.RemoteEndpoint handleCancellation
WARNING: Unmatched cancel notification for request id 5548
2026.05.22 17:59:20 INFO  no build target found for /Users/habibaelkamary/Desktop/College(new)/DDIA/Labs/project/Weather-Stations-Monitoring-DDIA-Project/weather-station/src/main/java/com/weather/centralstation/CentralStation.java. Using fallback presentation compiler.[0m
2026.05.22 17:59:20 INFO  no build target found for /Users/habibaelkamary/Desktop/College(new)/DDIA/Labs/project/Weather-Stations-Monitoring-DDIA-Project/weather-station/src/main/java/com/weather/centralstation/CentralStation.java. Using fallback presentation compiler.[0m
2026.05.22 17:59:21 INFO  no build target found for /Users/habibaelkamary/Desktop/College(new)/DDIA/Labs/project/Weather-Stations-Monitoring-DDIA-Project/weather-station/src/main/java/com/weather/centralstation/CentralStation.java. Using fallback presentation compiler.[0m
2026.05.22 17:59:21 INFO  no build target found for /Users/habibaelkamary/Desktop/College(new)/DDIA/Labs/project/Weather-Stations-Monitoring-DDIA-Project/weather-station/src/main/java/com/weather/centralstation/CentralStation.java. Using fallback presentation compiler.[0m
2026.05.22 17:59:21 INFO  no build target found for /Users/habibaelkamary/Desktop/College(new)/DDIA/Labs/project/Weather-Stations-Monitoring-DDIA-Project/weather-station/src/main/java/com/weather/centralstation/CentralStation.java. Using fallback presentation compiler.[0m
2026.05.22 17:59:21 INFO  no build target found for /Users/habibaelkamary/Desktop/College(new)/DDIA/Labs/project/Weather-Stations-Monitoring-DDIA-Project/weather-station/src/main/java/com/weather/centralstation/CentralStation.java. Using fallback presentation compiler.[0m
2026.05.22 17:59:21 INFO  no build target found for /Users/habibaelkamary/Desktop/College(new)/DDIA/Labs/project/Weather-Stations-Monitoring-DDIA-Project/weather-station/src/main/java/com/weather/centralstation/CentralStation.java. Using fallback presentation compiler.[0m
2026.05.22 17:59:21 INFO  no build target found for /Users/habibaelkamary/Desktop/College(new)/DDIA/Labs/project/Weather-Stations-Monitoring-DDIA-Project/weather-station/src/main/java/com/weather/centralstation/CentralStation.java. Using fallback presentation compiler.[0m
2026.05.22 17:59:22 INFO  no build target found for /Users/habibaelkamary/Desktop/College(new)/DDIA/Labs/project/Weather-Stations-Monitoring-DDIA-Project/weather-station/src/main/java/com/weather/centralstation/CentralStation.java. Using fallback presentation compiler.[0m
2026.05.22 17:59:22 INFO  no build target found for /Users/habibaelkamary/Desktop/College(new)/DDIA/Labs/project/Weather-Stations-Monitoring-DDIA-Project/weather-station/src/main/java/com/weather/centralstation/CentralStation.java. Using fallback presentation compiler.[0m
2026.05.22 17:59:22 INFO  no build target found for /Users/habibaelkamary/Desktop/College(new)/DDIA/Labs/project/Weather-Stations-Monitoring-DDIA-Project/weather-station/src/main/java/com/weather/centralstation/CentralStation.java. Using fallback presentation compiler.[0m
2026.05.22 17:59:24 INFO  no build target found for /Users/habibaelkamary/Desktop/College(new)/DDIA/Labs/project/Weather-Stations-Monitoring-DDIA-Project/weather-station/src/main/java/com/weather/centralstation/CentralStation.java. Using fallback presentation compiler.[0m
2026.05.22 17:59:24 INFO  no build target found for /Users/habibaelkamary/Desktop/College(new)/DDIA/Labs/project/Weather-Stations-Monitoring-DDIA-Project/weather-station/src/main/java/com/weather/centralstation/CentralStation.java. Using fallback presentation compiler.[0m
2026.05.22 17:59:24 INFO  no build target found for /Users/habibaelkamary/Desktop/College(new)/DDIA/Labs/project/Weather-Stations-Monitoring-DDIA-Project/weather-station/src/main/java/com/weather/centralstation/CentralStation.java. Using fallback presentation compiler.[0m
2026.05.22 17:59:24 INFO  no build target found for /Users/habibaelkamary/Desktop/College(new)/DDIA/Labs/project/Weather-Stations-Monitoring-DDIA-Project/weather-station/src/main/java/com/weather/centralstation/CentralStation.java. Using fallback presentation compiler.[0m
2026.05.22 17:59:26 INFO  no build target found for /Users/habibaelkamary/Desktop/College(new)/DDIA/Labs/project/Weather-Stations-Monitoring-DDIA-Project/weather-station/src/main/java/com/weather/centralstation/CentralStation.java. Using fallback presentation compiler.[0m
2026.05.22 17:59:26 INFO  no build target found for /Users/habibaelkamary/Desktop/College(new)/DDIA/Labs/project/Weather-Stations-Monitoring-DDIA-Project/weather-station/src/main/java/com/weather/centralstation/CentralStation.java. Using fallback presentation compiler.[0m
2026.05.22 17:59:27 INFO  no build target found for /Users/habibaelkamary/Desktop/College(new)/DDIA/Labs/project/Weather-Stations-Monitoring-DDIA-Project/weather-station/src/main/java/com/weather/centralstation/CentralStation.java. Using fallback presentation compiler.[0m
May 22, 2026 5:59:40 PM org.eclipse.lsp4j.jsonrpc.RemoteEndpoint handleCancellation
WARNING: Unmatched cancel notification for request id 5620
2026.05.22 17:59:44 INFO  no build target found for /Users/habibaelkamary/Desktop/College(new)/DDIA/Labs/project/Weather-Stations-Monitoring-DDIA-Project/weather-station/src/main/java/com/weather/centralstation/CentralStation.java. Using fallback presentation compiler.[0m
2026.05.22 17:59:45 INFO  no build target found for /Users/habibaelkamary/Desktop/College(new)/DDIA/Labs/project/Weather-Stations-Monitoring-DDIA-Project/weather-station/src/main/java/com/weather/centralstation/CentralStation.java. Using fallback presentation compiler.[0m
2026.05.22 17:59:53 INFO  no build target found for /Users/habibaelkamary/Desktop/College(new)/DDIA/Labs/project/Weather-Stations-Monitoring-DDIA-Project/weather-station/src/main/java/com/weather/centralstation/CentralStation.java. Using fallback presentation compiler.[0m
2026.05.22 17:59:53 INFO  no build target found for /Users/habibaelkamary/Desktop/College(new)/DDIA/Labs/project/Weather-Stations-Monitoring-DDIA-Project/weather-station/src/main/java/com/weather/centralstation/CentralStation.java. Using fallback presentation compiler.[0m
2026.05.22 17:59:54 INFO  no build target found for /Users/habibaelkamary/Desktop/College(new)/DDIA/Labs/project/Weather-Stations-Monitoring-DDIA-Project/weather-station/src/main/java/com/weather/centralstation/CentralStation.java. Using fallback presentation compiler.[0m
2026.05.22 17:59:54 WARN  no build target for: /Users/habibaelkamary/Desktop/College(new)/DDIA/Labs/project/Weather-Stations-Monitoring-DDIA-Project/weather-station/src/main/java/com/weather/centralstation/CentralStation.java[0m
2026.05.22 17:59:55 INFO  no build target found for /Users/habibaelkamary/Desktop/College(new)/DDIA/Labs/project/Weather-Stations-Monitoring-DDIA-Project/weather-station/src/main/java/com/weather/centralstation/CentralStation.java. Using fallback presentation compiler.[0m
2026.05.22 17:59:55 INFO  no build target found for /Users/habibaelkamary/Desktop/College(new)/DDIA/Labs/project/Weather-Stations-Monitoring-DDIA-Project/weather-station/src/main/java/com/weather/centralstation/CentralStation.java. Using fallback presentation compiler.[0m
2026.05.22 17:59:55 INFO  no build target found for /Users/habibaelkamary/Desktop/College(new)/DDIA/Labs/project/Weather-Stations-Monitoring-DDIA-Project/weather-station/src/main/java/com/weather/centralstation/CentralStation.java. Using fallback presentation compiler.[0m
2026.05.22 17:59:55 INFO  no build target found for /Users/habibaelkamary/Desktop/College(new)/DDIA/Labs/project/Weather-Stations-Monitoring-DDIA-Project/weather-station/src/main/java/com/weather/centralstation/CentralStation.java. Using fallback presentation compiler.[0m
2026.05.22 17:59:56 INFO  no build target found for /Users/habibaelkamary/Desktop/College(new)/DDIA/Labs/project/Weather-Stations-Monitoring-DDIA-Project/weather-station/src/main/java/com/weather/centralstation/CentralStation.java. Using fallback presentation compiler.[0m
2026.05.22 17:59:56 INFO  no build target found for /Users/habibaelkamary/Desktop/College(new)/DDIA/Labs/project/Weather-Stations-Monitoring-DDIA-Project/weather-station/src/main/java/com/weather/centralstation/CentralStation.java. Using fallback presentation compiler.[0m
May 22, 2026 6:00:14 PM org.eclipse.lsp4j.jsonrpc.RemoteEndpoint handleCancellation
WARNING: Unmatched cancel notification for request id 5680
2026.05.22 18:00:18 INFO  no build target found for /Users/habibaelkamary/Desktop/College(new)/DDIA/Labs/project/Weather-Stations-Monitoring-DDIA-Project/weather-station/src/main/java/com/weather/centralstation/CentralStation.java. Using fallback presentation compiler.[0m
2026.05.22 18:00:18 INFO  no build target found for /Users/habibaelkamary/Desktop/College(new)/DDIA/Labs/project/Weather-Stations-Monitoring-DDIA-Project/weather-station/src/main/java/com/weather/centralstation/CentralStation.java. Using fallback presentation compiler.[0m
2026.05.22 18:00:18 INFO  no build target found for /Users/habibaelkamary/Desktop/College(new)/DDIA/Labs/project/Weather-Stations-Monitoring-DDIA-Project/weather-station/src/main/java/com/weather/centralstation/CentralStation.java. Using fallback presentation compiler.[0m
2026.05.22 18:00:19 INFO  no build target found for /Users/habibaelkamary/Desktop/College(new)/DDIA/Labs/project/Weather-Stations-Monitoring-DDIA-Project/weather-station/src/main/java/com/weather/centralstation/CentralStation.java. Using fallback presentation compiler.[0m
2026.05.22 18:00:19 INFO  no build target found for /Users/habibaelkamary/Desktop/College(new)/DDIA/Labs/project/Weather-Stations-Monitoring-DDIA-Project/weather-station/src/main/java/com/weather/centralstation/CentralStation.java. Using fallback presentation compiler.[0m
2026.05.22 18:00:19 INFO  no build target found for /Users/habibaelkamary/Desktop/College(new)/DDIA/Labs/project/Weather-Stations-Monitoring-DDIA-Project/weather-station/src/main/java/com/weather/centralstation/CentralStation.java. Using fallback presentation compiler.[0m
2026.05.22 18:00:20 INFO  no build target found for /Users/habibaelkamary/Desktop/College(new)/DDIA/Labs/project/Weather-Stations-Monitoring-DDIA-Project/weather-station/src/main/java/com/weather/centralstation/CentralStation.java. Using fallback presentation compiler.[0m
2026.05.22 18:00:19 INFO  no build target found for /Users/habibaelkamary/Desktop/College(new)/DDIA/Labs/project/Weather-Stations-Monitoring-DDIA-Project/weather-station/src/main/java/com/weather/centralstation/CentralStation.java. Using fallback presentation compiler.[0m
2026.05.22 18:00:19 INFO  no build target found for /Users/habibaelkamary/Desktop/College(new)/DDIA/Labs/project/Weather-Stations-Monitoring-DDIA-Project/weather-station/src/main/java/com/weather/centralstation/CentralStation.java. Using fallback presentation compiler.[0m
2026.05.22 18:00:20 INFO  no build target found for /Users/habibaelkamary/Desktop/College(new)/DDIA/Labs/project/Weather-Stations-Monitoring-DDIA-Project/weather-station/src/main/java/com/weather/centralstation/CentralStation.java. Using fallback presentation compiler.[0m
2026.05.22 18:00:20 INFO  no build target found for /Users/habibaelkamary/Desktop/College(new)/DDIA/Labs/project/Weather-Stations-Monitoring-DDIA-Project/weather-station/src/main/java/com/weather/centralstation/CentralStation.java. Using fallback presentation compiler.[0m
2026.05.22 18:00:20 INFO  no build target found for /Users/habibaelkamary/Desktop/College(new)/DDIA/Labs/project/Weather-Stations-Monitoring-DDIA-Project/weather-station/src/main/java/com/weather/centralstation/CentralStation.java. Using fallback presentation compiler.[0m
2026.05.22 18:00:21 INFO  no build target found for /Users/habibaelkamary/Desktop/College(new)/DDIA/Labs/project/Weather-Stations-Monitoring-DDIA-Project/weather-station/src/main/java/com/weather/centralstation/CentralStation.java. Using fallback presentation compiler.[0m
2026.05.22 18:00:20 INFO  no build target found for /Users/habibaelkamary/Desktop/College(new)/DDIA/Labs/project/Weather-Stations-Monitoring-DDIA-Project/weather-station/src/main/java/com/weather/centralstation/CentralStation.java. Using fallback presentation compiler.[0m
2026.05.22 18:00:21 INFO  Created report: Optional[file:///Users/habibaelkamary/Desktop/College(new)/DDIA/Labs/project/Weather-Stations-Monitoring-DDIA-Project/weather-station/src/main/java/com/weather/centralstation/CentralStation.java][0m
2026.05.22 18:00:21 INFO  empty definition using pc, found symbol in pc:  (full report at: "/Users/habibaelkamary/Desktop/College(new)/DDIA/Labs/project/Weather-Stations-Monitoring-DDIA-Project/.metals/.reports/metals-full/2026-05-22/r_empty-definition_18-00-21-609.md")[0m
2026.05.22 18:00:21 WARN  no build target for: /Users/habibaelkamary/Desktop/College(new)/DDIA/Labs/project/Weather-Stations-Monitoring-DDIA-Project/weather-station/src/main/java/com/weather/centralstation/CentralStation.java[0m
2026.05.22 18:00:21 INFO  no build target found for /Users/habibaelkamary/Desktop/College(new)/DDIA/Labs/project/Weather-Stations-Monitoring-DDIA-Project/weather-station/src/main/java/com/weather/centralstation/CentralStation.java. Using fallback presentation compiler.[0m
2026.05.22 18:00:21 INFO  no build target found for /Users/habibaelkamary/Desktop/College(new)/DDIA/Labs/project/Weather-Stations-Monitoring-DDIA-Project/weather-station/src/main/java/com/weather/centralstation/CentralStation.java. Using fallback presentation compiler.[0m
2026.05.22 18:00:23 INFO  no build target found for /Users/habibaelkamary/Desktop/College(new)/DDIA/Labs/project/Weather-Stations-Monitoring-DDIA-Project/weather-station/src/main/java/com/weather/centralstation/CentralStation.java. Using fallback presentation compiler.[0m
2026.05.22 18:00:23 INFO  no build target found for /Users/habibaelkamary/Desktop/College(new)/DDIA/Labs/project/Weather-Stations-Monitoring-DDIA-Project/weather-station/src/main/java/com/weather/centralstation/CentralStation.java. Using fallback presentation compiler.[0m
2026.05.22 18:00:23 INFO  no build target found for /Users/habibaelkamary/Desktop/College(new)/DDIA/Labs/project/Weather-Stations-Monitoring-DDIA-Project/weather-station/src/main/java/com/weather/centralstation/CentralStation.java. Using fallback presentation compiler.[0m
2026.05.22 18:00:23 INFO  no build target found for /Users/habibaelkamary/Desktop/College(new)/DDIA/Labs/project/Weather-Stations-Monitoring-DDIA-Project/weather-station/src/main/java/com/weather/centralstation/CentralStation.java. Using fallback presentation compiler.[0m
2026.05.22 18:00:23 INFO  no build target found for /Users/habibaelkamary/Desktop/College(new)/DDIA/Labs/project/Weather-Stations-Monitoring-DDIA-Project/weather-station/src/main/java/com/weather/centralstation/CentralStation.java. Using fallback presentation compiler.[0m
2026.05.22 18:00:24 INFO  no build target found for /Users/habibaelkamary/Desktop/College(new)/DDIA/Labs/project/Weather-Stations-Monitoring-DDIA-Project/weather-station/src/main/java/com/weather/centralstation/CentralStation.java. Using fallback presentation compiler.[0m
2026.05.22 18:00:24 INFO  no build target found for /Users/habibaelkamary/Desktop/College(new)/DDIA/Labs/project/Weather-Stations-Monitoring-DDIA-Project/weather-station/src/main/java/com/weather/centralstation/CentralStation.java. Using fallback presentation compiler.[0m
2026.05.22 18:00:24 INFO  no build target found for /Users/habibaelkamary/Desktop/College(new)/DDIA/Labs/project/Weather-Stations-Monitoring-DDIA-Project/weather-station/src/main/java/com/weather/centralstation/CentralStation.java. Using fallback presentation compiler.[0m
2026.05.22 18:00:24 INFO  no build target found for /Users/habibaelkamary/Desktop/College(new)/DDIA/Labs/project/Weather-Stations-Monitoring-DDIA-Project/weather-station/src/main/java/com/weather/centralstation/CentralStation.java. Using fallback presentation compiler.[0m
2026.05.22 18:00:24 INFO  no build target found for /Users/habibaelkamary/Desktop/College(new)/DDIA/Labs/project/Weather-Stations-Monitoring-DDIA-Project/weather-station/src/main/java/com/weather/centralstation/CentralStation.java. Using fallback presentation compiler.[0m
2026.05.22 18:00:24 INFO  no build target found for /Users/habibaelkamary/Desktop/College(new)/DDIA/Labs/project/Weather-Stations-Monitoring-DDIA-Project/weather-station/src/main/java/com/weather/centralstation/CentralStation.java. Using fallback presentation compiler.[0m
2026.05.22 18:00:25 INFO  no build target found for /Users/habibaelkamary/Desktop/College(new)/DDIA/Labs/project/Weather-Stations-Monitoring-DDIA-Project/weather-station/src/main/java/com/weather/centralstation/CentralStation.java. Using fallback presentation compiler.[0m
2026.05.22 18:00:31 INFO  no build target found for /Users/habibaelkamary/Desktop/College(new)/DDIA/Labs/project/Weather-Stations-Monitoring-DDIA-Project/weather-station/src/main/java/com/weather/centralstation/CentralStation.java. Using fallback presentation compiler.[0m
2026.05.22 18:00:31 INFO  no build target found for /Users/habibaelkamary/Desktop/College(new)/DDIA/Labs/project/Weather-Stations-Monitoring-DDIA-Project/weather-station/src/main/java/com/weather/centralstation/CentralStation.java. Using fallback presentation compiler.[0m
2026.05.22 18:00:31 INFO  no build target found for /Users/habibaelkamary/Desktop/College(new)/DDIA/Labs/project/Weather-Stations-Monitoring-DDIA-Project/weather-station/src/main/java/com/weather/centralstation/CentralStation.java. Using fallback presentation compiler.[0m
2026.05.22 18:00:31 INFO  no build target found for /Users/habibaelkamary/Desktop/College(new)/DDIA/Labs/project/Weather-Stations-Monitoring-DDIA-Project/weather-station/src/main/java/com/weather/centralstation/CentralStation.java. Using fallback presentation compiler.[0m
2026.05.22 18:00:32 INFO  no build target found for /Users/habibaelkamary/Desktop/College(new)/DDIA/Labs/project/Weather-Stations-Monitoring-DDIA-Project/weather-station/src/main/java/com/weather/centralstation/CentralStation.java. Using fallback presentation compiler.[0m
2026.05.22 18:00:32 INFO  no build target found for /Users/habibaelkamary/Desktop/College(new)/DDIA/Labs/project/Weather-Stations-Monitoring-DDIA-Project/weather-station/src/main/java/com/weather/centralstation/CentralStation.java. Using fallback presentation compiler.[0m
2026.05.22 18:00:32 INFO  no build target found for /Users/habibaelkamary/Desktop/College(new)/DDIA/Labs/project/Weather-Stations-Monitoring-DDIA-Project/weather-station/src/main/java/com/weather/centralstation/CentralStation.java. Using fallback presentation compiler.[0m
2026.05.22 18:00:32 INFO  no build target found for /Users/habibaelkamary/Desktop/College(new)/DDIA/Labs/project/Weather-Stations-Monitoring-DDIA-Project/weather-station/src/main/java/com/weather/centralstation/CentralStation.java. Using fallback presentation compiler.[0m
2026.05.22 18:00:33 INFO  no build target found for /Users/habibaelkamary/Desktop/College(new)/DDIA/Labs/project/Weather-Stations-Monitoring-DDIA-Project/weather-station/src/main/java/com/weather/centralstation/CentralStation.java. Using fallback presentation compiler.[0m
2026.05.22 18:00:33 INFO  no build target found for /Users/habibaelkamary/Desktop/College(new)/DDIA/Labs/project/Weather-Stations-Monitoring-DDIA-Project/weather-station/src/main/java/com/weather/centralstation/CentralStation.java. Using fallback presentation compiler.[0m
2026.05.22 18:00:33 INFO  no build target found for /Users/habibaelkamary/Desktop/College(new)/DDIA/Labs/project/Weather-Stations-Monitoring-DDIA-Project/weather-station/src/main/java/com/weather/centralstation/CentralStation.java. Using fallback presentation compiler.[0m
2026.05.22 18:00:34 INFO  no build target found for /Users/habibaelkamary/Desktop/College(new)/DDIA/Labs/project/Weather-Stations-Monitoring-DDIA-Project/weather-station/src/main/java/com/weather/centralstation/CentralStation.java. Using fallback presentation compiler.[0m
2026.05.22 18:00:35 INFO  no build target found for /Users/habibaelkamary/Desktop/College(new)/DDIA/Labs/project/Weather-Stations-Monitoring-DDIA-Project/weather-station/src/main/java/com/weather/centralstation/CentralStation.java. Using fallback presentation compiler.[0m
2026.05.22 18:00:35 INFO  no build target found for /Users/habibaelkamary/Desktop/College(new)/DDIA/Labs/project/Weather-Stations-Monitoring-DDIA-Project/weather-station/src/main/java/com/weather/centralstation/CentralStation.java. Using fallback presentation compiler.[0m
2026.05.22 18:00:36 WARN  no build target for: /Users/habibaelkamary/Desktop/College(new)/DDIA/Labs/project/Weather-Stations-Monitoring-DDIA-Project/weather-station/src/main/java/com/weather/centralstation/CentralStation.java[0m
2026.05.22 18:00:36 INFO  no build target found for /Users/habibaelkamary/Desktop/College(new)/DDIA/Labs/project/Weather-Stations-Monitoring-DDIA-Project/weather-station/src/main/java/com/weather/centralstation/CentralStation.java. Using fallback presentation compiler.[0m
2026.05.22 18:00:35 INFO  no build target found for /Users/habibaelkamary/Desktop/College(new)/DDIA/Labs/project/Weather-Stations-Monitoring-DDIA-Project/weather-station/src/main/java/com/weather/centralstation/CentralStation.java. Using fallback presentation compiler.[0m
2026.05.22 18:00:36 INFO  no build target found for /Users/habibaelkamary/Desktop/College(new)/DDIA/Labs/project/Weather-Stations-Monitoring-DDIA-Project/weather-station/src/main/java/com/weather/centralstation/CentralStation.java. Using fallback presentation compiler.[0m
2026.05.22 18:00:39 INFO  no build target found for /Users/habibaelkamary/Desktop/College(new)/DDIA/Labs/project/Weather-Stations-Monitoring-DDIA-Project/weather-station/src/main/java/com/weather/centralstation/CentralStation.java. Using fallback presentation compiler.[0m
2026.05.22 18:06:11 INFO  no build target found for /Users/habibaelkamary/Desktop/College(new)/DDIA/Labs/project/Weather-Stations-Monitoring-DDIA-Project/weather-station/src/main/java/com/weather/centralstation/storage/CompactionWorker.java. Using fallback presentation compiler.[0m
2026.05.22 18:06:18 INFO  no build target found for /Users/habibaelkamary/Desktop/College(new)/DDIA/Labs/project/Weather-Stations-Monitoring-DDIA-Project/weather-station/src/main/java/com/weather/centralstation/CentralStation.java. Using fallback presentation compiler.[0m
2026.05.22 18:06:18 INFO  no build target found for /Users/habibaelkamary/Desktop/College(new)/DDIA/Labs/project/Weather-Stations-Monitoring-DDIA-Project/weather-station/src/main/java/com/weather/centralstation/CentralStation.java. Using fallback presentation compiler.[0m
May 22, 2026 6:06:18 PM org.eclipse.lsp4j.jsonrpc.RemoteEndpoint handleCancellation
WARNING: Unmatched cancel notification for request id 5920
May 22, 2026 6:06:18 PM org.eclipse.lsp4j.jsonrpc.RemoteEndpoint handleCancellation
WARNING: Unmatched cancel notification for request id 5922
2026.05.22 18:06:18 INFO  no build target found for /Users/habibaelkamary/Desktop/College(new)/DDIA/Labs/project/Weather-Stations-Monitoring-DDIA-Project/weather-station/src/main/java/com/weather/centralstation/CentralStation.java. Using fallback presentation compiler.[0m
2026.05.22 18:06:18 INFO  no build target found for /Users/habibaelkamary/Desktop/College(new)/DDIA/Labs/project/Weather-Stations-Monitoring-DDIA-Project/weather-station/src/main/java/com/weather/centralstation/CentralStation.java. Using fallback presentation compiler.[0m
2026.05.22 18:06:19 WARN  no build target for: /Users/habibaelkamary/Desktop/College(new)/DDIA/Labs/project/Weather-Stations-Monitoring-DDIA-Project/weather-station/src/main/java/com/weather/centralstation/CentralStation.java[0m
2026.05.22 18:06:19 INFO  no build target found for /Users/habibaelkamary/Desktop/College(new)/DDIA/Labs/project/Weather-Stations-Monitoring-DDIA-Project/weather-station/src/main/java/com/weather/centralstation/CentralStation.java. Using fallback presentation compiler.[0m
2026.05.22 18:06:18 INFO  no build target found for /Users/habibaelkamary/Desktop/College(new)/DDIA/Labs/project/Weather-Stations-Monitoring-DDIA-Project/weather-station/src/main/java/com/weather/centralstation/CentralStation.java. Using fallback presentation compiler.[0m
2026.05.22 18:06:59 INFO  no build target found for /Users/habibaelkamary/Desktop/College(new)/DDIA/Labs/project/Weather-Stations-Monitoring-DDIA-Project/weather-station/src/main/java/com/weather/centralstation/CentralStation.java. Using fallback presentation compiler.[0m
2026.05.22 18:08:09 INFO  no build target found for /Users/habibaelkamary/Desktop/College(new)/DDIA/Labs/project/Weather-Stations-Monitoring-DDIA-Project/weather-station/src/main/java/com/weather/centralstation/CentralStation.java. Using fallback presentation compiler.[0m
May 22, 2026 6:08:09 PM org.eclipse.lsp4j.jsonrpc.RemoteEndpoint handleCancellation
WARNING: Unmatched cancel notification for request id 5932
2026.05.22 18:08:09 INFO  no build target found for /Users/habibaelkamary/Desktop/College(new)/DDIA/Labs/project/Weather-Stations-Monitoring-DDIA-Project/weather-station/src/main/java/com/weather/centralstation/CentralStation.java. Using fallback presentation compiler.[0m
May 22, 2026 6:08:09 PM org.eclipse.lsp4j.jsonrpc.RemoteEndpoint handleCancellation
WARNING: Unmatched cancel notification for request id 5933
2026.05.22 18:08:09 INFO  no build target found for /Users/habibaelkamary/Desktop/College(new)/DDIA/Labs/project/Weather-Stations-Monitoring-DDIA-Project/weather-station/src/main/java/com/weather/centralstation/CentralStation.java. Using fallback presentation compiler.[0m
2026.05.22 18:08:09 INFO  no build target found for /Users/habibaelkamary/Desktop/College(new)/DDIA/Labs/project/Weather-Stations-Monitoring-DDIA-Project/weather-station/src/main/java/com/weather/centralstation/CentralStation.java. Using fallback presentation compiler.[0m
2026.05.22 18:08:10 WARN  no build target for: /Users/habibaelkamary/Desktop/College(new)/DDIA/Labs/project/Weather-Stations-Monitoring-DDIA-Project/weather-station/src/main/java/com/weather/centralstation/CentralStation.java[0m
2026.05.22 18:08:10 INFO  no build target found for /Users/habibaelkamary/Desktop/College(new)/DDIA/Labs/project/Weather-Stations-Monitoring-DDIA-Project/weather-station/src/main/java/com/weather/centralstation/CentralStation.java. Using fallback presentation compiler.[0m
2026.05.22 18:08:09 INFO  no build target found for /Users/habibaelkamary/Desktop/College(new)/DDIA/Labs/project/Weather-Stations-Monitoring-DDIA-Project/weather-station/src/main/java/com/weather/centralstation/CentralStation.java. Using fallback presentation compiler.[0m
2026.05.22 18:16:12 INFO  no build target found for /Users/habibaelkamary/Desktop/College(new)/DDIA/Labs/project/Weather-Stations-Monitoring-DDIA-Project/weather-station/src/main/java/com/weather/centralstation/CentralStation.java. Using fallback presentation compiler.[0m
May 22, 2026 6:16:12 PM org.eclipse.lsp4j.jsonrpc.RemoteEndpoint handleCancellation
WARNING: Unmatched cancel notification for request id 5964
2026.05.22 18:16:12 INFO  no build target found for /Users/habibaelkamary/Desktop/College(new)/DDIA/Labs/project/Weather-Stations-Monitoring-DDIA-Project/weather-station/src/main/java/com/weather/centralstation/CentralStation.java. Using fallback presentation compiler.[0m
2026.05.22 18:16:12 INFO  no build target found for /Users/habibaelkamary/Desktop/College(new)/DDIA/Labs/project/Weather-Stations-Monitoring-DDIA-Project/weather-station/src/main/java/com/weather/centralstation/CentralStation.java. Using fallback presentation compiler.[0m
May 22, 2026 6:16:12 PM org.eclipse.lsp4j.jsonrpc.RemoteEndpoint handleCancellation
WARNING: Unmatched cancel notification for request id 5966
2026.05.22 18:16:12 INFO  no build target found for /Users/habibaelkamary/Desktop/College(new)/DDIA/Labs/project/Weather-Stations-Monitoring-DDIA-Project/weather-station/src/main/java/com/weather/centralstation/CentralStation.java. Using fallback presentation compiler.[0m
2026.05.22 18:16:12 WARN  no build target for: /Users/habibaelkamary/Desktop/College(new)/DDIA/Labs/project/Weather-Stations-Monitoring-DDIA-Project/weather-station/src/main/java/com/weather/centralstation/CentralStation.java[0m
2026.05.22 18:16:12 INFO  no build target found for /Users/habibaelkamary/Desktop/College(new)/DDIA/Labs/project/Weather-Stations-Monitoring-DDIA-Project/weather-station/src/main/java/com/weather/centralstation/CentralStation.java. Using fallback presentation compiler.[0m
2026.05.22 18:16:12 INFO  no build target found for /Users/habibaelkamary/Desktop/College(new)/DDIA/Labs/project/Weather-Stations-Monitoring-DDIA-Project/weather-station/src/main/java/com/weather/centralstation/CentralStation.java. Using fallback presentation compiler.[0m
2026.05.22 18:16:16 INFO  no build target found for /Users/habibaelkamary/Desktop/College(new)/DDIA/Labs/project/Weather-Stations-Monitoring-DDIA-Project/weather-station/src/main/java/com/weather/centralstation/CentralStation.java. Using fallback presentation compiler.[0m
2026.05.22 18:16:19 INFO  no build target found for /Users/habibaelkamary/Desktop/College(new)/DDIA/Labs/project/Weather-Stations-Monitoring-DDIA-Project/weather-station/src/main/java/com/weather/centralstation/CentralStation.java. Using fallback presentation compiler.[0m
2026.05.22 18:17:22 INFO  no build target found for /Users/habibaelkamary/Desktop/College(new)/DDIA/Labs/project/Weather-Stations-Monitoring-DDIA-Project/weather-station/src/main/java/com/weather/centralstation/CentralStation.java. Using fallback presentation compiler.[0m
2026.05.22 18:17:22 INFO  no build target found for /Users/habibaelkamary/Desktop/College(new)/DDIA/Labs/project/Weather-Stations-Monitoring-DDIA-Project/weather-station/src/main/java/com/weather/centralstation/CentralStation.java. Using fallback presentation compiler.[0m
2026.05.22 18:18:55 INFO  no build target found for /Users/habibaelkamary/Desktop/College(new)/DDIA/Labs/project/Weather-Stations-Monitoring-DDIA-Project/weather-station/src/main/java/com/weather/centralstation/CentralStation.java. Using fallback presentation compiler.[0m
May 22, 2026 6:19:12 PM org.eclipse.lsp4j.jsonrpc.services.GenericEndpoint notify
INFO: Unsupported notification method: $/setTrace
2026.05.22 18:21:47 INFO  no build target found for /Users/habibaelkamary/Desktop/College(new)/DDIA/Labs/project/Weather-Stations-Monitoring-DDIA-Project/weather-station/src/main/java/com/weather/centralstation/ParquetArchiver.java. Using fallback presentation compiler.[0m
2026.05.22 18:21:47 INFO  no build target found for /Users/habibaelkamary/Desktop/College(new)/DDIA/Labs/project/Weather-Stations-Monitoring-DDIA-Project/weather-station/src/main/java/com/weather/centralstation/ParquetArchiver.java. Using fallback presentation compiler.[0m
2026.05.22 18:21:47 WARN  no build target for: /Users/habibaelkamary/Desktop/College(new)/DDIA/Labs/project/Weather-Stations-Monitoring-DDIA-Project/weather-station/src/main/java/com/weather/centralstation/ParquetArchiver.java[0m
2026.05.22 18:21:47 INFO  no build target found for /Users/habibaelkamary/Desktop/College(new)/DDIA/Labs/project/Weather-Stations-Monitoring-DDIA-Project/weather-station/src/main/java/com/weather/centralstation/ParquetArchiver.java. Using fallback presentation compiler.[0m
May 22, 2026 6:21:48 PM org.eclipse.lsp4j.jsonrpc.RemoteEndpoint handleCancellation
WARNING: Unmatched cancel notification for request id 5997
2026.05.22 18:21:47 INFO  no build target found for /Users/habibaelkamary/Desktop/College(new)/DDIA/Labs/project/Weather-Stations-Monitoring-DDIA-Project/weather-station/src/main/java/com/weather/centralstation/ParquetArchiver.java. Using fallback presentation compiler.[0m
2026.05.22 18:21:48 INFO  no build target found for /Users/habibaelkamary/Desktop/College(new)/DDIA/Labs/project/Weather-Stations-Monitoring-DDIA-Project/weather-station/src/main/java/com/weather/centralstation/ParquetArchiver.java. Using fallback presentation compiler.[0m
2026.05.22 18:21:48 WARN  no build target for: /Users/habibaelkamary/Desktop/College(new)/DDIA/Labs/project/Weather-Stations-Monitoring-DDIA-Project/weather-station/src/main/java/com/weather/centralstation/ParquetArchiver.java[0m
2026.05.22 18:21:48 INFO  no build target found for /Users/habibaelkamary/Desktop/College(new)/DDIA/Labs/project/Weather-Stations-Monitoring-DDIA-Project/weather-station/src/main/java/com/weather/centralstation/ParquetArchiver.java. Using fallback presentation compiler.[0m
2026.05.22 18:21:52 INFO  no build target found for /Users/habibaelkamary/Desktop/College(new)/DDIA/Labs/project/Weather-Stations-Monitoring-DDIA-Project/weather-station/src/main/java/com/weather/centralstation/ParquetArchiver.java. Using fallback presentation compiler.[0m
2026.05.22 18:21:52 INFO  no build target found for /Users/habibaelkamary/Desktop/College(new)/DDIA/Labs/project/Weather-Stations-Monitoring-DDIA-Project/weather-station/src/main/java/com/weather/centralstation/ParquetArchiver.java. Using fallback presentation compiler.[0m
2026.05.22 18:21:52 INFO  no build target found for /Users/habibaelkamary/Desktop/College(new)/DDIA/Labs/project/Weather-Stations-Monitoring-DDIA-Project/weather-station/src/main/java/com/weather/centralstation/ParquetArchiver.java. Using fallback presentation compiler.[0m
2026.05.22 18:21:52 INFO  no build target found for /Users/habibaelkamary/Desktop/College(new)/DDIA/Labs/project/Weather-Stations-Monitoring-DDIA-Project/weather-station/src/main/java/com/weather/centralstation/ParquetArchiver.java. Using fallback presentation compiler.[0m
2026.05.22 18:21:53 INFO  no build target found for /Users/habibaelkamary/Desktop/College(new)/DDIA/Labs/project/Weather-Stations-Monitoring-DDIA-Project/weather-station/src/main/java/com/weather/centralstation/ParquetArchiver.java. Using fallback presentation compiler.[0m
2026.05.22 18:21:53 INFO  no build target found for /Users/habibaelkamary/Desktop/College(new)/DDIA/Labs/project/Weather-Stations-Monitoring-DDIA-Project/weather-station/src/main/java/com/weather/centralstation/ParquetArchiver.java. Using fallback presentation compiler.[0m
2026.05.22 18:21:53 INFO  no build target found for /Users/habibaelkamary/Desktop/College(new)/DDIA/Labs/project/Weather-Stations-Monitoring-DDIA-Project/weather-station/src/main/java/com/weather/centralstation/ParquetArchiver.java. Using fallback presentation compiler.[0m
2026.05.22 18:21:55 INFO  no build target found for /Users/habibaelkamary/Desktop/College(new)/DDIA/Labs/project/Weather-Stations-Monitoring-DDIA-Project/weather-station/src/main/java/com/weather/centralstation/ParquetArchiver.java. Using fallback presentation compiler.[0m
2026.05.22 18:21:55 INFO  no build target found for /Users/habibaelkamary/Desktop/College(new)/DDIA/Labs/project/Weather-Stations-Monitoring-DDIA-Project/weather-station/src/main/java/com/weather/centralstation/ParquetArchiver.java. Using fallback presentation compiler.[0m
2026.05.22 18:21:55 INFO  no build target found for /Users/habibaelkamary/Desktop/College(new)/DDIA/Labs/project/Weather-Stations-Monitoring-DDIA-Project/weather-station/src/main/java/com/weather/centralstation/ParquetArchiver.java. Using fallback presentation compiler.[0m
2026.05.22 18:21:56 INFO  no build target found for /Users/habibaelkamary/Desktop/College(new)/DDIA/Labs/project/Weather-Stations-Monitoring-DDIA-Project/weather-station/src/main/java/com/weather/centralstation/ParquetArchiver.java. Using fallback presentation compiler.[0m
2026.05.22 18:21:56 INFO  no build target found for /Users/habibaelkamary/Desktop/College(new)/DDIA/Labs/project/Weather-Stations-Monitoring-DDIA-Project/weather-station/src/main/java/com/weather/centralstation/ParquetArchiver.java. Using fallback presentation compiler.[0m
2026.05.22 18:21:56 INFO  no build target found for /Users/habibaelkamary/Desktop/College(new)/DDIA/Labs/project/Weather-Stations-Monitoring-DDIA-Project/weather-station/src/main/java/com/weather/centralstation/ParquetArchiver.java. Using fallback presentation compiler.[0m
2026.05.22 18:21:56 INFO  no build target found for /Users/habibaelkamary/Desktop/College(new)/DDIA/Labs/project/Weather-Stations-Monitoring-DDIA-Project/weather-station/src/main/java/com/weather/centralstation/ParquetArchiver.java. Using fallback presentation compiler.[0m
2026.05.22 18:21:56 INFO  no build target found for /Users/habibaelkamary/Desktop/College(new)/DDIA/Labs/project/Weather-Stations-Monitoring-DDIA-Project/weather-station/src/main/java/com/weather/centralstation/ParquetArchiver.java. Using fallback presentation compiler.[0m
2026.05.22 18:21:56 INFO  no build target found for /Users/habibaelkamary/Desktop/College(new)/DDIA/Labs/project/Weather-Stations-Monitoring-DDIA-Project/weather-station/src/main/java/com/weather/centralstation/ParquetArchiver.java. Using fallback presentation compiler.[0m
2026.05.22 18:21:56 INFO  no build target found for /Users/habibaelkamary/Desktop/College(new)/DDIA/Labs/project/Weather-Stations-Monitoring-DDIA-Project/weather-station/src/main/java/com/weather/centralstation/ParquetArchiver.java. Using fallback presentation compiler.[0m
May 22, 2026 6:21:57 PM org.eclipse.lsp4j.jsonrpc.RemoteEndpoint handleCancellation
WARNING: Unmatched cancel notification for request id 6031
May 22, 2026 6:21:57 PM org.eclipse.lsp4j.jsonrpc.RemoteEndpoint handleCancellation
WARNING: Unmatched cancel notification for request id 6033
2026.05.22 18:21:57 INFO  no build target found for /Users/habibaelkamary/Desktop/College(new)/DDIA/Labs/project/Weather-Stations-Monitoring-DDIA-Project/weather-station/src/main/java/com/weather/centralstation/ParquetArchiver.java. Using fallback presentation compiler.[0m
2026.05.22 18:21:57 INFO  no build target found for /Users/habibaelkamary/Desktop/College(new)/DDIA/Labs/project/Weather-Stations-Monitoring-DDIA-Project/weather-station/src/main/java/com/weather/centralstation/ParquetArchiver.java. Using fallback presentation compiler.[0m
2026.05.22 18:21:57 INFO  no build target found for /Users/habibaelkamary/Desktop/College(new)/DDIA/Labs/project/Weather-Stations-Monitoring-DDIA-Project/weather-station/src/main/java/com/weather/centralstation/ParquetArchiver.java. Using fallback presentation compiler.[0m
2026.05.22 18:21:57 INFO  no build target found for /Users/habibaelkamary/Desktop/College(new)/DDIA/Labs/project/Weather-Stations-Monitoring-DDIA-Project/weather-station/src/main/java/com/weather/centralstation/ParquetArchiver.java. Using fallback presentation compiler.[0m
2026.05.22 18:21:58 INFO  no build target found for /Users/habibaelkamary/Desktop/College(new)/DDIA/Labs/project/Weather-Stations-Monitoring-DDIA-Project/weather-station/src/main/java/com/weather/centralstation/ParquetArchiver.java. Using fallback presentation compiler.[0m
2026.05.22 18:21:58 INFO  no build target found for /Users/habibaelkamary/Desktop/College(new)/DDIA/Labs/project/Weather-Stations-Monitoring-DDIA-Project/weather-station/src/main/java/com/weather/centralstation/ParquetArchiver.java. Using fallback presentation compiler.[0m
2026.05.22 18:21:58 WARN  no build target for: /Users/habibaelkamary/Desktop/College(new)/DDIA/Labs/project/Weather-Stations-Monitoring-DDIA-Project/weather-station/src/main/java/com/weather/centralstation/ParquetArchiver.java[0m
2026.05.22 18:21:58 INFO  no build target found for /Users/habibaelkamary/Desktop/College(new)/DDIA/Labs/project/Weather-Stations-Monitoring-DDIA-Project/weather-station/src/main/java/com/weather/centralstation/ParquetArchiver.java. Using fallback presentation compiler.[0m
2026.05.22 18:21:59 INFO  no build target found for /Users/habibaelkamary/Desktop/College(new)/DDIA/Labs/project/Weather-Stations-Monitoring-DDIA-Project/weather-station/src/main/java/com/weather/centralstation/ParquetArchiver.java. Using fallback presentation compiler.[0m
2026.05.22 18:22:10 INFO  no build target found for /Users/habibaelkamary/Desktop/College(new)/DDIA/Labs/project/Weather-Stations-Monitoring-DDIA-Project/weather-station/src/main/java/com/weather/centralstation/ParquetArchiver.java. Using fallback presentation compiler.[0m
2026.05.22 18:22:11 INFO  no build target found for /Users/habibaelkamary/Desktop/College(new)/DDIA/Labs/project/Weather-Stations-Monitoring-DDIA-Project/weather-station/src/main/java/com/weather/centralstation/CentralStation.java. Using fallback presentation compiler.[0m
2026.05.22 18:22:11 INFO  no build target found for /Users/habibaelkamary/Desktop/College(new)/DDIA/Labs/project/Weather-Stations-Monitoring-DDIA-Project/weather-station/src/main/java/com/weather/centralstation/CentralStation.java. Using fallback presentation compiler.[0m
May 22, 2026 6:22:11 PM org.eclipse.lsp4j.jsonrpc.RemoteEndpoint handleCancellation
WARNING: Unmatched cancel notification for request id 6065
2026.05.22 18:22:11 INFO  no build target found for /Users/habibaelkamary/Desktop/College(new)/DDIA/Labs/project/Weather-Stations-Monitoring-DDIA-Project/weather-station/src/main/java/com/weather/centralstation/CentralStation.java. Using fallback presentation compiler.[0m
2026.05.22 18:22:11 WARN  no build target for: /Users/habibaelkamary/Desktop/College(new)/DDIA/Labs/project/Weather-Stations-Monitoring-DDIA-Project/weather-station/src/main/java/com/weather/centralstation/CentralStation.java[0m
2026.05.22 18:22:11 INFO  no build target found for /Users/habibaelkamary/Desktop/College(new)/DDIA/Labs/project/Weather-Stations-Monitoring-DDIA-Project/weather-station/src/main/java/com/weather/centralstation/CentralStation.java. Using fallback presentation compiler.[0m
2026.05.22 18:22:12 INFO  no build target found for /Users/habibaelkamary/Desktop/College(new)/DDIA/Labs/project/Weather-Stations-Monitoring-DDIA-Project/weather-station/src/main/java/com/weather/centralstation/CentralStation.java. Using fallback presentation compiler.[0m
2026.05.22 18:22:11 INFO  no build target found for /Users/habibaelkamary/Desktop/College(new)/DDIA/Labs/project/Weather-Stations-Monitoring-DDIA-Project/weather-station/src/main/java/com/weather/centralstation/CentralStation.java. Using fallback presentation compiler.[0m
May 22, 2026 6:22:12 PM org.eclipse.lsp4j.jsonrpc.RemoteEndpoint handleCancellation
WARNING: Unmatched cancel notification for request id 6069
2026.05.22 18:22:12 INFO  no build target found for /Users/habibaelkamary/Desktop/College(new)/DDIA/Labs/project/Weather-Stations-Monitoring-DDIA-Project/weather-station/src/main/java/com/weather/centralstation/CentralStation.java. Using fallback presentation compiler.[0m
2026.05.22 18:22:14 INFO  no build target found for /Users/habibaelkamary/Desktop/College(new)/DDIA/Labs/project/Weather-Stations-Monitoring-DDIA-Project/weather-station/src/main/java/com/weather/centralstation/CentralStation.java. Using fallback presentation compiler.[0m
2026.05.22 18:22:30 INFO  no build target found for /Users/habibaelkamary/Desktop/College(new)/DDIA/Labs/project/Weather-Stations-Monitoring-DDIA-Project/weather-station/src/main/java/com/weather/centralstation/CentralStation.java. Using fallback presentation compiler.[0m
2026.05.22 18:22:30 INFO  no build target found for /Users/habibaelkamary/Desktop/College(new)/DDIA/Labs/project/Weather-Stations-Monitoring-DDIA-Project/weather-station/src/main/java/com/weather/centralstation/CentralStation.java. Using fallback presentation compiler.[0m
May 22, 2026 6:22:30 PM org.eclipse.lsp4j.jsonrpc.RemoteEndpoint handleCancellation
WARNING: Unmatched cancel notification for request id 6083
2026.05.22 18:22:30 INFO  no build target found for /Users/habibaelkamary/Desktop/College(new)/DDIA/Labs/project/Weather-Stations-Monitoring-DDIA-Project/weather-station/src/main/java/com/weather/centralstation/CentralStation.java. Using fallback presentation compiler.[0m
May 22, 2026 6:22:30 PM org.eclipse.lsp4j.jsonrpc.RemoteEndpoint handleCancellation
WARNING: Unmatched cancel notification for request id 6085
May 22, 2026 6:22:30 PM org.eclipse.lsp4j.jsonrpc.RemoteEndpoint handleCancellation
WARNING: Unmatched cancel notification for request id 6091
2026.05.22 18:22:30 INFO  no build target found for /Users/habibaelkamary/Desktop/College(new)/DDIA/Labs/project/Weather-Stations-Monitoring-DDIA-Project/weather-station/src/main/java/com/weather/centralstation/CentralStation.java. Using fallback presentation compiler.[0m
May 22, 2026 6:22:30 PM org.eclipse.lsp4j.jsonrpc.RemoteEndpoint handleCancellation
WARNING: Unmatched cancel notification for request id 6089
2026.05.22 18:22:30 INFO  no build target found for /Users/habibaelkamary/Desktop/College(new)/DDIA/Labs/project/Weather-Stations-Monitoring-DDIA-Project/weather-station/src/main/java/com/weather/centralstation/CentralStation.java. Using fallback presentation compiler.[0m
2026.05.22 18:22:31 INFO  no build target found for /Users/habibaelkamary/Desktop/College(new)/DDIA/Labs/project/Weather-Stations-Monitoring-DDIA-Project/weather-station/src/main/java/com/weather/centralstation/CentralStation.java. Using fallback presentation compiler.[0m
2026.05.22 18:22:30 INFO  no build target found for /Users/habibaelkamary/Desktop/College(new)/DDIA/Labs/project/Weather-Stations-Monitoring-DDIA-Project/weather-station/src/main/java/com/weather/centralstation/CentralStation.java. Using fallback presentation compiler.[0m
2026.05.22 18:22:31 INFO  no build target found for /Users/habibaelkamary/Desktop/College(new)/DDIA/Labs/project/Weather-Stations-Monitoring-DDIA-Project/weather-station/src/main/java/com/weather/centralstation/CentralStation.java. Using fallback presentation compiler.[0m
2026.05.22 18:22:31 INFO  no build target found for /Users/habibaelkamary/Desktop/College(new)/DDIA/Labs/project/Weather-Stations-Monitoring-DDIA-Project/weather-station/src/main/java/com/weather/centralstation/CentralStation.java. Using fallback presentation compiler.[0m
2026.05.22 18:22:31 INFO  time: code lens generation in 1.09s[0m
2026.05.22 18:22:31 INFO  no build target found for /Users/habibaelkamary/Desktop/College(new)/DDIA/Labs/project/Weather-Stations-Monitoring-DDIA-Project/weather-station/src/main/java/com/weather/centralstation/CentralStation.java. Using fallback presentation compiler.[0m
2026.05.22 18:22:33 INFO  no build target found for /Users/habibaelkamary/Desktop/College(new)/DDIA/Labs/project/Weather-Stations-Monitoring-DDIA-Project/weather-station/src/main/java/com/weather/centralstation/CentralStation.java. Using fallback presentation compiler.[0m
May 22, 2026 6:22:33 PM org.eclipse.lsp4j.jsonrpc.RemoteEndpoint handleCancellation
WARNING: Unmatched cancel notification for request id 6104
2026.05.22 18:22:34 INFO  no build target found for /Users/habibaelkamary/Desktop/College(new)/DDIA/Labs/project/Weather-Stations-Monitoring-DDIA-Project/weather-station/src/main/java/com/weather/centralstation/CentralStation.java. Using fallback presentation compiler.[0m
2026.05.22 18:22:34 INFO  no build target found for /Users/habibaelkamary/Desktop/College(new)/DDIA/Labs/project/Weather-Stations-Monitoring-DDIA-Project/weather-station/src/main/java/com/weather/centralstation/CentralStation.java. Using fallback presentation compiler.[0m
2026.05.22 18:22:34 INFO  no build target found for /Users/habibaelkamary/Desktop/College(new)/DDIA/Labs/project/Weather-Stations-Monitoring-DDIA-Project/weather-station/src/main/java/com/weather/centralstation/CentralStation.java. Using fallback presentation compiler.[0m
2026.05.22 18:22:34 INFO  no build target found for /Users/habibaelkamary/Desktop/College(new)/DDIA/Labs/project/Weather-Stations-Monitoring-DDIA-Project/weather-station/src/main/java/com/weather/centralstation/CentralStation.java. Using fallback presentation compiler.[0m
May 22, 2026 6:22:35 PM org.eclipse.lsp4j.jsonrpc.RemoteEndpoint handleCancellation
WARNING: Unmatched cancel notification for request id 6107
May 22, 2026 6:22:35 PM org.eclipse.lsp4j.jsonrpc.RemoteEndpoint handleCancellation
WARNING: Unmatched cancel notification for request id 6106
2026.05.22 18:22:34 INFO  no build target found for /Users/habibaelkamary/Desktop/College(new)/DDIA/Labs/project/Weather-Stations-Monitoring-DDIA-Project/weather-station/src/main/java/com/weather/centralstation/CentralStation.java. Using fallback presentation compiler.[0m
May 22, 2026 6:22:35 PM org.eclipse.lsp4j.jsonrpc.RemoteEndpoint handleCancellation
WARNING: Unmatched cancel notification for request id 6108
2026.05.22 18:22:36 INFO  no build target found for /Users/habibaelkamary/Desktop/College(new)/DDIA/Labs/project/Weather-Stations-Monitoring-DDIA-Project/weather-station/src/main/java/com/weather/centralstation/CentralStation.java. Using fallback presentation compiler.[0m
2026.05.22 18:22:36 INFO  no build target found for /Users/habibaelkamary/Desktop/College(new)/DDIA/Labs/project/Weather-Stations-Monitoring-DDIA-Project/weather-station/src/main/java/com/weather/centralstation/CentralStation.java. Using fallback presentation compiler.[0m
2026.05.22 18:22:37 INFO  no build target found for /Users/habibaelkamary/Desktop/College(new)/DDIA/Labs/project/Weather-Stations-Monitoring-DDIA-Project/weather-station/src/main/java/com/weather/centralstation/CentralStation.java. Using fallback presentation compiler.[0m
2026.05.22 18:22:38 INFO  no build target found for /Users/habibaelkamary/Desktop/College(new)/DDIA/Labs/project/Weather-Stations-Monitoring-DDIA-Project/weather-station/src/main/java/com/weather/centralstation/CentralStation.java. Using fallback presentation compiler.[0m
2026.05.22 18:22:38 INFO  no build target found for /Users/habibaelkamary/Desktop/College(new)/DDIA/Labs/project/Weather-Stations-Monitoring-DDIA-Project/weather-station/src/main/java/com/weather/centralstation/CentralStation.java. Using fallback presentation compiler.[0m
2026.05.22 18:22:38 INFO  no build target found for /Users/habibaelkamary/Desktop/College(new)/DDIA/Labs/project/Weather-Stations-Monitoring-DDIA-Project/weather-station/src/main/java/com/weather/centralstation/CentralStation.java. Using fallback presentation compiler.[0m
2026.05.22 18:22:40 INFO  no build target found for /Users/habibaelkamary/Desktop/College(new)/DDIA/Labs/project/Weather-Stations-Monitoring-DDIA-Project/weather-station/src/main/java/com/weather/centralstation/CentralStation.java. Using fallback presentation compiler.[0m
2026.05.22 18:22:40 INFO  no build target found for /Users/habibaelkamary/Desktop/College(new)/DDIA/Labs/project/Weather-Stations-Monitoring-DDIA-Project/weather-station/src/main/java/com/weather/centralstation/CentralStation.java. Using fallback presentation compiler.[0m
2026.05.22 18:22:42 INFO  no build target found for /Users/habibaelkamary/Desktop/College(new)/DDIA/Labs/project/Weather-Stations-Monitoring-DDIA-Project/weather-station/src/main/java/com/weather/centralstation/CentralStation.java. Using fallback presentation compiler.[0m
2026.05.22 18:22:43 INFO  no build target found for /Users/habibaelkamary/Desktop/College(new)/DDIA/Labs/project/Weather-Stations-Monitoring-DDIA-Project/weather-station/src/main/java/com/weather/centralstation/CentralStation.java. Using fallback presentation compiler.[0m
2026.05.22 18:22:44 INFO  no build target found for /Users/habibaelkamary/Desktop/College(new)/DDIA/Labs/project/Weather-Stations-Monitoring-DDIA-Project/weather-station/src/main/java/com/weather/centralstation/CentralStation.java. Using fallback presentation compiler.[0m
2026.05.22 18:22:46 INFO  no build target found for /Users/habibaelkamary/Desktop/College(new)/DDIA/Labs/project/Weather-Stations-Monitoring-DDIA-Project/weather-station/src/main/java/com/weather/centralstation/CentralStation.java. Using fallback presentation compiler.[0m
2026.05.22 18:22:46 INFO  no build target found for /Users/habibaelkamary/Desktop/College(new)/DDIA/Labs/project/Weather-Stations-Monitoring-DDIA-Project/weather-station/src/main/java/com/weather/centralstation/CentralStation.java. Using fallback presentation compiler.[0m
2026.05.22 18:22:47 INFO  no build target found for /Users/habibaelkamary/Desktop/College(new)/DDIA/Labs/project/Weather-Stations-Monitoring-DDIA-Project/weather-station/src/main/java/com/weather/centralstation/CentralStation.java. Using fallback presentation compiler.[0m
2026.05.22 18:22:46 INFO  no build target found for /Users/habibaelkamary/Desktop/College(new)/DDIA/Labs/project/Weather-Stations-Monitoring-DDIA-Project/weather-station/src/main/java/com/weather/centralstation/CentralStation.java. Using fallback presentation compiler.[0m
2026.05.22 18:22:46 INFO  no build target found for /Users/habibaelkamary/Desktop/College(new)/DDIA/Labs/project/Weather-Stations-Monitoring-DDIA-Project/weather-station/src/main/java/com/weather/centralstation/CentralStation.java. Using fallback presentation compiler.[0m
2026.05.22 18:22:48 INFO  no build target found for /Users/habibaelkamary/Desktop/College(new)/DDIA/Labs/project/Weather-Stations-Monitoring-DDIA-Project/weather-station/src/main/java/com/weather/centralstation/CentralStation.java. Using fallback presentation compiler.[0m
2026.05.22 18:22:48 INFO  no build target found for /Users/habibaelkamary/Desktop/College(new)/DDIA/Labs/project/Weather-Stations-Monitoring-DDIA-Project/weather-station/src/main/java/com/weather/centralstation/CentralStation.java. Using fallback presentation compiler.[0m
2026.05.22 18:22:47 INFO  no build target found for /Users/habibaelkamary/Desktop/College(new)/DDIA/Labs/project/Weather-Stations-Monitoring-DDIA-Project/weather-station/src/main/java/com/weather/centralstation/CentralStation.java. Using fallback presentation compiler.[0m
2026.05.22 18:22:48 INFO  no build target found for /Users/habibaelkamary/Desktop/College(new)/DDIA/Labs/project/Weather-Stations-Monitoring-DDIA-Project/weather-station/src/main/java/com/weather/centralstation/CentralStation.java. Using fallback presentation compiler.[0m
2026.05.22 18:22:48 INFO  no build target found for /Users/habibaelkamary/Desktop/College(new)/DDIA/Labs/project/Weather-Stations-Monitoring-DDIA-Project/weather-station/src/main/java/com/weather/centralstation/CentralStation.java. Using fallback presentation compiler.[0m
2026.05.22 18:22:48 INFO  no build target found for /Users/habibaelkamary/Desktop/College(new)/DDIA/Labs/project/Weather-Stations-Monitoring-DDIA-Project/weather-station/src/main/java/com/weather/centralstation/CentralStation.java. Using fallback presentation compiler.[0m
2026.05.22 18:22:48 INFO  no build target found for /Users/habibaelkamary/Desktop/College(new)/DDIA/Labs/project/Weather-Stations-Monitoring-DDIA-Project/weather-station/src/main/java/com/weather/centralstation/CentralStation.java. Using fallback presentation compiler.[0m
2026.05.22 18:22:48 INFO  no build target found for /Users/habibaelkamary/Desktop/College(new)/DDIA/Labs/project/Weather-Stations-Monitoring-DDIA-Project/weather-station/src/main/java/com/weather/centralstation/CentralStation.java. Using fallback presentation compiler.[0m
2026.05.22 18:22:48 INFO  no build target found for /Users/habibaelkamary/Desktop/College(new)/DDIA/Labs/project/Weather-Stations-Monitoring-DDIA-Project/weather-station/src/main/java/com/weather/centralstation/CentralStation.java. Using fallback presentation compiler.[0m
2026.05.22 18:22:48 INFO  no build target found for /Users/habibaelkamary/Desktop/College(new)/DDIA/Labs/project/Weather-Stations-Monitoring-DDIA-Project/weather-station/src/main/java/com/weather/centralstation/CentralStation.java. Using fallback presentation compiler.[0m
2026.05.22 18:22:48 INFO  no build target found for /Users/habibaelkamary/Desktop/College(new)/DDIA/Labs/project/Weather-Stations-Monitoring-DDIA-Project/weather-station/src/main/java/com/weather/centralstation/CentralStation.java. Using fallback presentation compiler.[0m
2026.05.22 18:22:49 INFO  no build target found for /Users/habibaelkamary/Desktop/College(new)/DDIA/Labs/project/Weather-Stations-Monitoring-DDIA-Project/weather-station/src/main/java/com/weather/centralstation/CentralStation.java. Using fallback presentation compiler.[0m
2026.05.22 18:22:49 INFO  no build target found for /Users/habibaelkamary/Desktop/College(new)/DDIA/Labs/project/Weather-Stations-Monitoring-DDIA-Project/weather-station/src/main/java/com/weather/centralstation/CentralStation.java. Using fallback presentation compiler.[0m
2026.05.22 18:22:49 INFO  no build target found for /Users/habibaelkamary/Desktop/College(new)/DDIA/Labs/project/Weather-Stations-Monitoring-DDIA-Project/weather-station/src/main/java/com/weather/centralstation/CentralStation.java. Using fallback presentation compiler.[0m
2026.05.22 18:22:49 INFO  no build target found for /Users/habibaelkamary/Desktop/College(new)/DDIA/Labs/project/Weather-Stations-Monitoring-DDIA-Project/weather-station/src/main/java/com/weather/centralstation/CentralStation.java. Using fallback presentation compiler.[0m
2026.05.22 18:22:50 INFO  no build target found for /Users/habibaelkamary/Desktop/College(new)/DDIA/Labs/project/Weather-Stations-Monitoring-DDIA-Project/weather-station/src/main/java/com/weather/centralstation/CentralStation.java. Using fallback presentation compiler.[0m
May 22, 2026 6:22:50 PM org.eclipse.lsp4j.jsonrpc.RemoteEndpoint handleCancellation
WARNING: Unmatched cancel notification for request id 6170
May 22, 2026 6:22:50 PM org.eclipse.lsp4j.jsonrpc.RemoteEndpoint handleCancellation
WARNING: Unmatched cancel notification for request id 6171
2026.05.22 18:22:50 INFO  no build target found for /Users/habibaelkamary/Desktop/College(new)/DDIA/Labs/project/Weather-Stations-Monitoring-DDIA-Project/weather-station/src/main/java/com/weather/centralstation/CentralStation.java. Using fallback presentation compiler.[0m
2026.05.22 18:22:50 INFO  no build target found for /Users/habibaelkamary/Desktop/College(new)/DDIA/Labs/project/Weather-Stations-Monitoring-DDIA-Project/weather-station/src/main/java/com/weather/centralstation/CentralStation.java. Using fallback presentation compiler.[0m
2026.05.22 18:22:50 INFO  no build target found for /Users/habibaelkamary/Desktop/College(new)/DDIA/Labs/project/Weather-Stations-Monitoring-DDIA-Project/weather-station/src/main/java/com/weather/centralstation/CentralStation.java. Using fallback presentation compiler.[0m
2026.05.22 18:22:50 INFO  no build target found for /Users/habibaelkamary/Desktop/College(new)/DDIA/Labs/project/Weather-Stations-Monitoring-DDIA-Project/weather-station/src/main/java/com/weather/centralstation/CentralStation.java. Using fallback presentation compiler.[0m
2026.05.22 18:22:50 INFO  no build target found for /Users/habibaelkamary/Desktop/College(new)/DDIA/Labs/project/Weather-Stations-Monitoring-DDIA-Project/weather-station/src/main/java/com/weather/centralstation/CentralStation.java. Using fallback presentation compiler.[0m
2026.05.22 18:22:50 INFO  no build target found for /Users/habibaelkamary/Desktop/College(new)/DDIA/Labs/project/Weather-Stations-Monitoring-DDIA-Project/weather-station/src/main/java/com/weather/centralstation/CentralStation.java. Using fallback presentation compiler.[0m
2026.05.22 18:22:51 INFO  time: code lens generation in 1.86s[0m
2026.05.22 18:22:51 INFO  time: code lens generation in 1.21s[0m
2026.05.22 18:22:50 INFO  no build target found for /Users/habibaelkamary/Desktop/College(new)/DDIA/Labs/project/Weather-Stations-Monitoring-DDIA-Project/weather-station/src/main/java/com/weather/centralstation/CentralStation.java. Using fallback presentation compiler.[0m
2026.05.22 18:22:50 INFO  no build target found for /Users/habibaelkamary/Desktop/College(new)/DDIA/Labs/project/Weather-Stations-Monitoring-DDIA-Project/weather-station/src/main/java/com/weather/centralstation/CentralStation.java. Using fallback presentation compiler.[0m
2026.05.22 18:22:50 INFO  no build target found for /Users/habibaelkamary/Desktop/College(new)/DDIA/Labs/project/Weather-Stations-Monitoring-DDIA-Project/weather-station/src/main/java/com/weather/centralstation/CentralStation.java. Using fallback presentation compiler.[0m
2026.05.22 18:22:52 INFO  no build target found for /Users/habibaelkamary/Desktop/College(new)/DDIA/Labs/project/Weather-Stations-Monitoring-DDIA-Project/weather-station/src/main/java/com/weather/centralstation/CentralStation.java. Using fallback presentation compiler.[0m
2026.05.22 18:22:52 INFO  no build target found for /Users/habibaelkamary/Desktop/College(new)/DDIA/Labs/project/Weather-Stations-Monitoring-DDIA-Project/weather-station/src/main/java/com/weather/centralstation/CentralStation.java. Using fallback presentation compiler.[0m
2026.05.22 18:22:52 INFO  no build target found for /Users/habibaelkamary/Desktop/College(new)/DDIA/Labs/project/Weather-Stations-Monitoring-DDIA-Project/weather-station/src/main/java/com/weather/centralstation/CentralStation.java. Using fallback presentation compiler.[0m
2026.05.22 18:22:52 INFO  no build target found for /Users/habibaelkamary/Desktop/College(new)/DDIA/Labs/project/Weather-Stations-Monitoring-DDIA-Project/weather-station/src/main/java/com/weather/centralstation/CentralStation.java. Using fallback presentation compiler.[0m
2026.05.22 18:22:52 INFO  no build target found for /Users/habibaelkamary/Desktop/College(new)/DDIA/Labs/project/Weather-Stations-Monitoring-DDIA-Project/weather-station/src/main/java/com/weather/centralstation/CentralStation.java. Using fallback presentation compiler.[0m
2026.05.22 18:22:52 INFO  no build target found for /Users/habibaelkamary/Desktop/College(new)/DDIA/Labs/project/Weather-Stations-Monitoring-DDIA-Project/weather-station/src/main/java/com/weather/centralstation/CentralStation.java. Using fallback presentation compiler.[0m
2026.05.22 18:22:52 INFO  no build target found for /Users/habibaelkamary/Desktop/College(new)/DDIA/Labs/project/Weather-Stations-Monitoring-DDIA-Project/weather-station/src/main/java/com/weather/centralstation/CentralStation.java. Using fallback presentation compiler.[0m
2026.05.22 18:22:52 INFO  no build target found for /Users/habibaelkamary/Desktop/College(new)/DDIA/Labs/project/Weather-Stations-Monitoring-DDIA-Project/weather-station/src/main/java/com/weather/centralstation/CentralStation.java. Using fallback presentation compiler.[0m
2026.05.22 18:22:52 INFO  no build target found for /Users/habibaelkamary/Desktop/College(new)/DDIA/Labs/project/Weather-Stations-Monitoring-DDIA-Project/weather-station/src/main/java/com/weather/centralstation/CentralStation.java. Using fallback presentation compiler.[0m
2026.05.22 18:22:53 INFO  no build target found for /Users/habibaelkamary/Desktop/College(new)/DDIA/Labs/project/Weather-Stations-Monitoring-DDIA-Project/weather-station/src/main/java/com/weather/centralstation/CentralStation.java. Using fallback presentation compiler.[0m
2026.05.22 18:22:53 INFO  no build target found for /Users/habibaelkamary/Desktop/College(new)/DDIA/Labs/project/Weather-Stations-Monitoring-DDIA-Project/weather-station/src/main/java/com/weather/centralstation/CentralStation.java. Using fallback presentation compiler.[0m
2026.05.22 18:22:53 INFO  no build target found for /Users/habibaelkamary/Desktop/College(new)/DDIA/Labs/project/Weather-Stations-Monitoring-DDIA-Project/weather-station/src/main/java/com/weather/centralstation/CentralStation.java. Using fallback presentation compiler.[0m
2026.05.22 18:22:53 INFO  no build target found for /Users/habibaelkamary/Desktop/College(new)/DDIA/Labs/project/Weather-Stations-Monitoring-DDIA-Project/weather-station/src/main/java/com/weather/centralstation/CentralStation.java. Using fallback presentation compiler.[0m
2026.05.22 18:22:53 INFO  no build target found for /Users/habibaelkamary/Desktop/College(new)/DDIA/Labs/project/Weather-Stations-Monitoring-DDIA-Project/weather-station/src/main/java/com/weather/centralstation/CentralStation.java. Using fallback presentation compiler.[0m
2026.05.22 18:22:53 INFO  no build target found for /Users/habibaelkamary/Desktop/College(new)/DDIA/Labs/project/Weather-Stations-Monitoring-DDIA-Project/weather-station/src/main/java/com/weather/centralstation/CentralStation.java. Using fallback presentation compiler.[0m
2026.05.22 18:22:55 INFO  no build target found for /Users/habibaelkamary/Desktop/College(new)/DDIA/Labs/project/Weather-Stations-Monitoring-DDIA-Project/weather-station/src/main/java/com/weather/centralstation/CentralStation.java. Using fallback presentation compiler.[0m
2026.05.22 18:22:55 INFO  no build target found for /Users/habibaelkamary/Desktop/College(new)/DDIA/Labs/project/Weather-Stations-Monitoring-DDIA-Project/weather-station/src/main/java/com/weather/centralstation/CentralStation.java. Using fallback presentation compiler.[0m
2026.05.22 18:22:55 WARN  no build target for: /Users/habibaelkamary/Desktop/College(new)/DDIA/Labs/project/Weather-Stations-Monitoring-DDIA-Project/weather-station/src/main/java/com/weather/centralstation/CentralStation.java[0m
2026.05.22 18:22:55 INFO  no build target found for /Users/habibaelkamary/Desktop/College(new)/DDIA/Labs/project/Weather-Stations-Monitoring-DDIA-Project/weather-station/src/main/java/com/weather/centralstation/CentralStation.java. Using fallback presentation compiler.[0m
2026.05.22 18:22:55 INFO  Created report: Optional[file:///Users/habibaelkamary/Desktop/College(new)/DDIA/Labs/project/Weather-Stations-Monitoring-DDIA-Project/weather-station/src/main/java/com/weather/centralstation/CentralStation.java][0m
2026.05.22 18:22:55 INFO  QDox parse error in file:///Users/habibaelkamary/Desktop/College(new)/DDIA/Labs/project/Weather-Stations-Monitoring-DDIA-Project/weather-station/src/main/java/com/weather/centralstation/CentralStation.java (full report at: "/Users/habibaelkamary/Desktop/College(new)/DDIA/Labs/project/Weather-Stations-Monitoring-DDIA-Project/.metals/.reports/metals-full/2026-05-22/r_qdox-error_18-22-55-737.md")[0m
2026.05.22 18:22:55 INFO  no build target found for /Users/habibaelkamary/Desktop/College(new)/DDIA/Labs/project/Weather-Stations-Monitoring-DDIA-Project/weather-station/src/main/java/com/weather/centralstation/CentralStation.java. Using fallback presentation compiler.[0m
2026.05.22 18:22:56 WARN  Running javac-semanticdb failed for file:///Users/habibaelkamary/Desktop/College(new)/DDIA/Labs/project/Weather-Stations-Monitoring-DDIA-Project/weather-station/src/main/java/com/weather/centralstation/CentralStation.java. Output:
[0m
2026.05.22 18:22:55 INFO  no build target found for /Users/habibaelkamary/Desktop/College(new)/DDIA/Labs/project/Weather-Stations-Monitoring-DDIA-Project/weather-station/src/main/java/com/weather/centralstation/CentralStation.java. Using fallback presentation compiler.[0m
2026.05.22 18:22:56 INFO  no build target found for /Users/habibaelkamary/Desktop/College(new)/DDIA/Labs/project/Weather-Stations-Monitoring-DDIA-Project/weather-station/src/main/java/com/weather/centralstation/CentralStation.java. Using fallback presentation compiler.[0m
2026.05.22 18:22:56 INFO  no build target found for /Users/habibaelkamary/Desktop/College(new)/DDIA/Labs/project/Weather-Stations-Monitoring-DDIA-Project/weather-station/src/main/java/com/weather/centralstation/CentralStation.java. Using fallback presentation compiler.[0m
2026.05.22 18:22:56 INFO  no build target found for /Users/habibaelkamary/Desktop/College(new)/DDIA/Labs/project/Weather-Stations-Monitoring-DDIA-Project/weather-station/src/main/java/com/weather/centralstation/CentralStation.java. Using fallback presentation compiler.[0m
2026.05.22 18:22:56 INFO  no build target found for /Users/habibaelkamary/Desktop/College(new)/DDIA/Labs/project/Weather-Stations-Monitoring-DDIA-Project/weather-station/src/main/java/com/weather/centralstation/CentralStation.java. Using fallback presentation compiler.[0m
2026.05.22 18:22:56 WARN  Running javac-semanticdb failed for file:///Users/habibaelkamary/Desktop/College(new)/DDIA/Labs/project/Weather-Stations-Monitoring-DDIA-Project/weather-station/src/main/java/com/weather/centralstation/CentralStation.java. Output:
[0m
2026.05.22 18:22:56 INFO  no build target found for /Users/habibaelkamary/Desktop/College(new)/DDIA/Labs/project/Weather-Stations-Monitoring-DDIA-Project/weather-station/src/main/java/com/weather/centralstation/CentralStation.java. Using fallback presentation compiler.[0m
2026.05.22 18:22:58 WARN  no build target for: /Users/habibaelkamary/Desktop/College(new)/DDIA/Labs/project/Weather-Stations-Monitoring-DDIA-Project/weather-station/src/main/java/com/weather/centralstation/CentralStation.java[0m
2026.05.22 18:22:58 INFO  no build target found for /Users/habibaelkamary/Desktop/College(new)/DDIA/Labs/project/Weather-Stations-Monitoring-DDIA-Project/weather-station/src/main/java/com/weather/centralstation/CentralStation.java. Using fallback presentation compiler.[0m
2026.05.22 18:22:58 INFO  no build target found for /Users/habibaelkamary/Desktop/College(new)/DDIA/Labs/project/Weather-Stations-Monitoring-DDIA-Project/weather-station/src/main/java/com/weather/centralstation/CentralStation.java. Using fallback presentation compiler.[0m
2026.05.22 18:23:00 INFO  no build target found for /Users/habibaelkamary/Desktop/College(new)/DDIA/Labs/project/Weather-Stations-Monitoring-DDIA-Project/weather-station/src/main/java/com/weather/centralstation/CentralStation.java. Using fallback presentation compiler.[0m
2026.05.22 18:23:00 INFO  no build target found for /Users/habibaelkamary/Desktop/College(new)/DDIA/Labs/project/Weather-Stations-Monitoring-DDIA-Project/weather-station/src/main/java/com/weather/centralstation/CentralStation.java. Using fallback presentation compiler.[0m
2026.05.22 18:23:01 INFO  no build target found for /Users/habibaelkamary/Desktop/College(new)/DDIA/Labs/project/Weather-Stations-Monitoring-DDIA-Project/weather-station/src/main/java/com/weather/centralstation/CentralStation.java. Using fallback presentation compiler.[0m
2026.05.22 18:23:01 INFO  no build target found for /Users/habibaelkamary/Desktop/College(new)/DDIA/Labs/project/Weather-Stations-Monitoring-DDIA-Project/weather-station/src/main/java/com/weather/centralstation/CentralStation.java. Using fallback presentation compiler.[0m
2026.05.22 18:23:01 INFO  no build target found for /Users/habibaelkamary/Desktop/College(new)/DDIA/Labs/project/Weather-Stations-Monitoring-DDIA-Project/weather-station/src/main/java/com/weather/centralstation/CentralStation.java. Using fallback presentation compiler.[0m
2026.05.22 18:23:01 INFO  no build target found for /Users/habibaelkamary/Desktop/College(new)/DDIA/Labs/project/Weather-Stations-Monitoring-DDIA-Project/weather-station/src/main/java/com/weather/centralstation/CentralStation.java. Using fallback presentation compiler.[0m
2026.05.22 18:23:03 INFO  no build target found for /Users/habibaelkamary/Desktop/College(new)/DDIA/Labs/project/Weather-Stations-Monitoring-DDIA-Project/weather-station/src/main/java/com/weather/centralstation/CentralStation.java. Using fallback presentation compiler.[0m
2026.05.22 18:23:03 INFO  no build target found for /Users/habibaelkamary/Desktop/College(new)/DDIA/Labs/project/Weather-Stations-Monitoring-DDIA-Project/weather-station/src/main/java/com/weather/centralstation/CentralStation.java. Using fallback presentation compiler.[0m
2026.05.22 18:23:03 INFO  no build target found for /Users/habibaelkamary/Desktop/College(new)/DDIA/Labs/project/Weather-Stations-Monitoring-DDIA-Project/weather-station/src/main/java/com/weather/centralstation/CentralStation.java. Using fallback presentation compiler.[0m
2026.05.22 18:23:03 INFO  no build target found for /Users/habibaelkamary/Desktop/College(new)/DDIA/Labs/project/Weather-Stations-Monitoring-DDIA-Project/weather-station/src/main/java/com/weather/centralstation/CentralStation.java. Using fallback presentation compiler.[0m
2026.05.22 18:23:04 INFO  no build target found for /Users/habibaelkamary/Desktop/College(new)/DDIA/Labs/project/Weather-Stations-Monitoring-DDIA-Project/weather-station/src/main/java/com/weather/centralstation/CentralStation.java. Using fallback presentation compiler.[0m
2026.05.22 18:23:04 INFO  no build target found for /Users/habibaelkamary/Desktop/College(new)/DDIA/Labs/project/Weather-Stations-Monitoring-DDIA-Project/weather-station/src/main/java/com/weather/centralstation/CentralStation.java. Using fallback presentation compiler.[0m
2026.05.22 18:23:04 INFO  no build target found for /Users/habibaelkamary/Desktop/College(new)/DDIA/Labs/project/Weather-Stations-Monitoring-DDIA-Project/weather-station/src/main/java/com/weather/centralstation/CentralStation.java. Using fallback presentation compiler.[0m
2026.05.22 18:23:05 INFO  no build target found for /Users/habibaelkamary/Desktop/College(new)/DDIA/Labs/project/Weather-Stations-Monitoring-DDIA-Project/weather-station/src/main/java/com/weather/centralstation/CentralStation.java. Using fallback presentation compiler.[0m
2026.05.22 18:23:05 INFO  no build target found for /Users/habibaelkamary/Desktop/College(new)/DDIA/Labs/project/Weather-Stations-Monitoring-DDIA-Project/weather-station/src/main/java/com/weather/centralstation/CentralStation.java. Using fallback presentation compiler.[0m
May 22, 2026 6:23:06 PM org.eclipse.lsp4j.jsonrpc.RemoteEndpoint handleCancellation
WARNING: Unmatched cancel notification for request id 6256
2026.05.22 18:23:05 INFO  no build target found for /Users/habibaelkamary/Desktop/College(new)/DDIA/Labs/project/Weather-Stations-Monitoring-DDIA-Project/weather-station/src/main/java/com/weather/centralstation/CentralStation.java. Using fallback presentation compiler.[0m
2026.05.22 18:23:07 INFO  no build target found for /Users/habibaelkamary/Desktop/College(new)/DDIA/Labs/project/Weather-Stations-Monitoring-DDIA-Project/weather-station/src/main/java/com/weather/centralstation/CentralStation.java. Using fallback presentation compiler.[0m
2026.05.22 18:23:07 INFO  no build target found for /Users/habibaelkamary/Desktop/College(new)/DDIA/Labs/project/Weather-Stations-Monitoring-DDIA-Project/weather-station/src/main/java/com/weather/centralstation/CentralStation.java. Using fallback presentation compiler.[0m
2026.05.22 18:23:07 INFO  no build target found for /Users/habibaelkamary/Desktop/College(new)/DDIA/Labs/project/Weather-Stations-Monitoring-DDIA-Project/weather-station/src/main/java/com/weather/centralstation/CentralStation.java. Using fallback presentation compiler.[0m
2026.05.22 18:23:07 INFO  no build target found for /Users/habibaelkamary/Desktop/College(new)/DDIA/Labs/project/Weather-Stations-Monitoring-DDIA-Project/weather-station/src/main/java/com/weather/centralstation/CentralStation.java. Using fallback presentation compiler.[0m
2026.05.22 18:23:07 INFO  no build target found for /Users/habibaelkamary/Desktop/College(new)/DDIA/Labs/project/Weather-Stations-Monitoring-DDIA-Project/weather-station/src/main/java/com/weather/centralstation/CentralStation.java. Using fallback presentation compiler.[0m
2026.05.22 18:23:07 INFO  no build target found for /Users/habibaelkamary/Desktop/College(new)/DDIA/Labs/project/Weather-Stations-Monitoring-DDIA-Project/weather-station/src/main/java/com/weather/centralstation/CentralStation.java. Using fallback presentation compiler.[0m
2026.05.22 18:23:07 INFO  no build target found for /Users/habibaelkamary/Desktop/College(new)/DDIA/Labs/project/Weather-Stations-Monitoring-DDIA-Project/weather-station/src/main/java/com/weather/centralstation/CentralStation.java. Using fallback presentation compiler.[0m
2026.05.22 18:23:09 INFO  no build target found for /Users/habibaelkamary/Desktop/College(new)/DDIA/Labs/project/Weather-Stations-Monitoring-DDIA-Project/weather-station/src/main/java/com/weather/centralstation/CentralStation.java. Using fallback presentation compiler.[0m
2026.05.22 18:23:09 INFO  no build target found for /Users/habibaelkamary/Desktop/College(new)/DDIA/Labs/project/Weather-Stations-Monitoring-DDIA-Project/weather-station/src/main/java/com/weather/centralstation/CentralStation.java. Using fallback presentation compiler.[0m
2026.05.22 18:23:10 INFO  no build target found for /Users/habibaelkamary/Desktop/College(new)/DDIA/Labs/project/Weather-Stations-Monitoring-DDIA-Project/weather-station/src/main/java/com/weather/centralstation/CentralStation.java. Using fallback presentation compiler.[0m
2026.05.22 18:23:11 INFO  no build target found for /Users/habibaelkamary/Desktop/College(new)/DDIA/Labs/project/Weather-Stations-Monitoring-DDIA-Project/weather-station/src/main/java/com/weather/centralstation/CentralStation.java. Using fallback presentation compiler.[0m
2026.05.22 18:23:11 INFO  no build target found for /Users/habibaelkamary/Desktop/College(new)/DDIA/Labs/project/Weather-Stations-Monitoring-DDIA-Project/weather-station/src/main/java/com/weather/centralstation/CentralStation.java. Using fallback presentation compiler.[0m
2026.05.22 18:23:11 INFO  no build target found for /Users/habibaelkamary/Desktop/College(new)/DDIA/Labs/project/Weather-Stations-Monitoring-DDIA-Project/weather-station/src/main/java/com/weather/centralstation/CentralStation.java. Using fallback presentation compiler.[0m
2026.05.22 18:23:11 INFO  no build target found for /Users/habibaelkamary/Desktop/College(new)/DDIA/Labs/project/Weather-Stations-Monitoring-DDIA-Project/weather-station/src/main/java/com/weather/centralstation/CentralStation.java. Using fallback presentation compiler.[0m
2026.05.22 18:23:12 INFO  time: code lens generation in 1.26s[0m
May 22, 2026 6:23:13 PM org.eclipse.lsp4j.jsonrpc.RemoteEndpoint handleCancellation
WARNING: Unmatched cancel notification for request id 6276
2026.05.22 18:23:13 INFO  no build target found for /Users/habibaelkamary/Desktop/College(new)/DDIA/Labs/project/Weather-Stations-Monitoring-DDIA-Project/weather-station/src/main/java/com/weather/centralstation/CentralStation.java. Using fallback presentation compiler.[0m
May 22, 2026 6:23:13 PM org.eclipse.lsp4j.jsonrpc.RemoteEndpoint handleCancellation
WARNING: Unmatched cancel notification for request id 6283
2026.05.22 18:23:13 INFO  no build target found for /Users/habibaelkamary/Desktop/College(new)/DDIA/Labs/project/Weather-Stations-Monitoring-DDIA-Project/weather-station/src/main/java/com/weather/centralstation/CentralStation.java. Using fallback presentation compiler.[0m
2026.05.22 18:23:13 INFO  no build target found for /Users/habibaelkamary/Desktop/College(new)/DDIA/Labs/project/Weather-Stations-Monitoring-DDIA-Project/weather-station/src/main/java/com/weather/centralstation/CentralStation.java. Using fallback presentation compiler.[0m
2026.05.22 18:23:13 INFO  no build target found for /Users/habibaelkamary/Desktop/College(new)/DDIA/Labs/project/Weather-Stations-Monitoring-DDIA-Project/weather-station/src/main/java/com/weather/centralstation/CentralStation.java. Using fallback presentation compiler.[0m
2026.05.22 18:23:13 INFO  no build target found for /Users/habibaelkamary/Desktop/College(new)/DDIA/Labs/project/Weather-Stations-Monitoring-DDIA-Project/weather-station/src/main/java/com/weather/centralstation/CentralStation.java. Using fallback presentation compiler.[0m
2026.05.22 18:23:13 INFO  no build target found for /Users/habibaelkamary/Desktop/College(new)/DDIA/Labs/project/Weather-Stations-Monitoring-DDIA-Project/weather-station/src/main/java/com/weather/centralstation/CentralStation.java. Using fallback presentation compiler.[0m
May 22, 2026 6:23:13 PM org.eclipse.lsp4j.jsonrpc.RemoteEndpoint handleCancellation
WARNING: Unmatched cancel notification for request id 6289
2026.05.22 18:23:13 INFO  no build target found for /Users/habibaelkamary/Desktop/College(new)/DDIA/Labs/project/Weather-Stations-Monitoring-DDIA-Project/weather-station/src/main/java/com/weather/centralstation/CentralStation.java. Using fallback presentation compiler.[0m
2026.05.22 18:23:13 INFO  no build target found for /Users/habibaelkamary/Desktop/College(new)/DDIA/Labs/project/Weather-Stations-Monitoring-DDIA-Project/weather-station/src/main/java/com/weather/centralstation/CentralStation.java. Using fallback presentation compiler.[0m
2026.05.22 18:23:13 INFO  no build target found for /Users/habibaelkamary/Desktop/College(new)/DDIA/Labs/project/Weather-Stations-Monitoring-DDIA-Project/weather-station/src/main/java/com/weather/centralstation/CentralStation.java. Using fallback presentation compiler.[0m
2026.05.22 18:23:13 INFO  no build target found for /Users/habibaelkamary/Desktop/College(new)/DDIA/Labs/project/Weather-Stations-Monitoring-DDIA-Project/weather-station/src/main/java/com/weather/centralstation/CentralStation.java. Using fallback presentation compiler.[0m
2026.05.22 18:23:13 INFO  no build target found for /Users/habibaelkamary/Desktop/College(new)/DDIA/Labs/project/Weather-Stations-Monitoring-DDIA-Project/weather-station/src/main/java/com/weather/centralstation/CentralStation.java. Using fallback presentation compiler.[0m
2026.05.22 18:23:13 INFO  no build target found for /Users/habibaelkamary/Desktop/College(new)/DDIA/Labs/project/Weather-Stations-Monitoring-DDIA-Project/weather-station/src/main/java/com/weather/centralstation/CentralStation.java. Using fallback presentation compiler.[0m
2026.05.22 18:23:13 INFO  no build target found for /Users/habibaelkamary/Desktop/College(new)/DDIA/Labs/project/Weather-Stations-Monitoring-DDIA-Project/weather-station/src/main/java/com/weather/centralstation/CentralStation.java. Using fallback presentation compiler.[0m
2026.05.22 18:23:13 INFO  no build target found for /Users/habibaelkamary/Desktop/College(new)/DDIA/Labs/project/Weather-Stations-Monitoring-DDIA-Project/weather-station/src/main/java/com/weather/centralstation/CentralStation.java. Using fallback presentation compiler.[0m
2026.05.22 18:23:14 INFO  no build target found for /Users/habibaelkamary/Desktop/College(new)/DDIA/Labs/project/Weather-Stations-Monitoring-DDIA-Project/weather-station/src/main/java/com/weather/centralstation/CentralStation.java. Using fallback presentation compiler.[0m
2026.05.22 18:23:14 INFO  no build target found for /Users/habibaelkamary/Desktop/College(new)/DDIA/Labs/project/Weather-Stations-Monitoring-DDIA-Project/weather-station/src/main/java/com/weather/centralstation/CentralStation.java. Using fallback presentation compiler.[0m
2026.05.22 18:23:14 INFO  no build target found for /Users/habibaelkamary/Desktop/College(new)/DDIA/Labs/project/Weather-Stations-Monitoring-DDIA-Project/weather-station/src/main/java/com/weather/centralstation/CentralStation.java. Using fallback presentation compiler.[0m
2026.05.22 18:23:14 INFO  no build target found for /Users/habibaelkamary/Desktop/College(new)/DDIA/Labs/project/Weather-Stations-Monitoring-DDIA-Project/weather-station/src/main/java/com/weather/centralstation/CentralStation.java. Using fallback presentation compiler.[0m
May 22, 2026 6:23:14 PM org.eclipse.lsp4j.jsonrpc.RemoteEndpoint handleCancellation
WARNING: Unmatched cancel notification for request id 6309
2026.05.22 18:23:14 INFO  no build target found for /Users/habibaelkamary/Desktop/College(new)/DDIA/Labs/project/Weather-Stations-Monitoring-DDIA-Project/weather-station/src/main/java/com/weather/centralstation/CentralStation.java. Using fallback presentation compiler.[0m
2026.05.22 18:23:14 INFO  no build target found for /Users/habibaelkamary/Desktop/College(new)/DDIA/Labs/project/Weather-Stations-Monitoring-DDIA-Project/weather-station/src/main/java/com/weather/centralstation/CentralStation.java. Using fallback presentation compiler.[0m
2026.05.22 18:23:14 INFO  no build target found for /Users/habibaelkamary/Desktop/College(new)/DDIA/Labs/project/Weather-Stations-Monitoring-DDIA-Project/weather-station/src/main/java/com/weather/centralstation/CentralStation.java. Using fallback presentation compiler.[0m
2026.05.22 18:23:14 INFO  no build target found for /Users/habibaelkamary/Desktop/College(new)/DDIA/Labs/project/Weather-Stations-Monitoring-DDIA-Project/weather-station/src/main/java/com/weather/centralstation/CentralStation.java. Using fallback presentation compiler.[0m
2026.05.22 18:23:14 INFO  no build target found for /Users/habibaelkamary/Desktop/College(new)/DDIA/Labs/project/Weather-Stations-Monitoring-DDIA-Project/weather-station/src/main/java/com/weather/centralstation/CentralStation.java. Using fallback presentation compiler.[0m
2026.05.22 18:23:15 INFO  no build target found for /Users/habibaelkamary/Desktop/College(new)/DDIA/Labs/project/Weather-Stations-Monitoring-DDIA-Project/weather-station/src/main/java/com/weather/centralstation/CentralStation.java. Using fallback presentation compiler.[0m
2026.05.22 18:23:15 INFO  no build target found for /Users/habibaelkamary/Desktop/College(new)/DDIA/Labs/project/Weather-Stations-Monitoring-DDIA-Project/weather-station/src/main/java/com/weather/centralstation/CentralStation.java. Using fallback presentation compiler.[0m
2026.05.22 18:23:15 INFO  no build target found for /Users/habibaelkamary/Desktop/College(new)/DDIA/Labs/project/Weather-Stations-Monitoring-DDIA-Project/weather-station/src/main/java/com/weather/centralstation/CentralStation.java. Using fallback presentation compiler.[0m
2026.05.22 18:23:15 INFO  no build target found for /Users/habibaelkamary/Desktop/College(new)/DDIA/Labs/project/Weather-Stations-Monitoring-DDIA-Project/weather-station/src/main/java/com/weather/centralstation/CentralStation.java. Using fallback presentation compiler.[0m
2026.05.22 18:23:15 INFO  no build target found for /Users/habibaelkamary/Desktop/College(new)/DDIA/Labs/project/Weather-Stations-Monitoring-DDIA-Project/weather-station/src/main/java/com/weather/centralstation/CentralStation.java. Using fallback presentation compiler.[0m
2026.05.22 18:23:15 INFO  no build target found for /Users/habibaelkamary/Desktop/College(new)/DDIA/Labs/project/Weather-Stations-Monitoring-DDIA-Project/weather-station/src/main/java/com/weather/centralstation/CentralStation.java. Using fallback presentation compiler.[0m
2026.05.22 18:23:16 INFO  no build target found for /Users/habibaelkamary/Desktop/College(new)/DDIA/Labs/project/Weather-Stations-Monitoring-DDIA-Project/weather-station/src/main/java/com/weather/centralstation/CentralStation.java. Using fallback presentation compiler.[0m
2026.05.22 18:23:16 INFO  no build target found for /Users/habibaelkamary/Desktop/College(new)/DDIA/Labs/project/Weather-Stations-Monitoring-DDIA-Project/weather-station/src/main/java/com/weather/centralstation/CentralStation.java. Using fallback presentation compiler.[0m
2026.05.22 18:23:16 INFO  no build target found for /Users/habibaelkamary/Desktop/College(new)/DDIA/Labs/project/Weather-Stations-Monitoring-DDIA-Project/weather-station/src/main/java/com/weather/centralstation/CentralStation.java. Using fallback presentation compiler.[0m
2026.05.22 18:23:17 INFO  no build target found for /Users/habibaelkamary/Desktop/College(new)/DDIA/Labs/project/Weather-Stations-Monitoring-DDIA-Project/weather-station/src/main/java/com/weather/centralstation/CentralStation.java. Using fallback presentation compiler.[0m
2026.05.22 18:23:17 INFO  no build target found for /Users/habibaelkamary/Desktop/College(new)/DDIA/Labs/project/Weather-Stations-Monitoring-DDIA-Project/weather-station/src/main/java/com/weather/centralstation/CentralStation.java. Using fallback presentation compiler.[0m
2026.05.22 18:23:17 INFO  no build target found for /Users/habibaelkamary/Desktop/College(new)/DDIA/Labs/project/Weather-Stations-Monitoring-DDIA-Project/weather-station/src/main/java/com/weather/centralstation/CentralStation.java. Using fallback presentation compiler.[0m
2026.05.22 18:23:18 INFO  no build target found for /Users/habibaelkamary/Desktop/College(new)/DDIA/Labs/project/Weather-Stations-Monitoring-DDIA-Project/weather-station/src/main/java/com/weather/centralstation/CentralStation.java. Using fallback presentation compiler.[0m
2026.05.22 18:23:17 INFO  no build target found for /Users/habibaelkamary/Desktop/College(new)/DDIA/Labs/project/Weather-Stations-Monitoring-DDIA-Project/weather-station/src/main/java/com/weather/centralstation/CentralStation.java. Using fallback presentation compiler.[0m
2026.05.22 18:23:18 INFO  no build target found for /Users/habibaelkamary/Desktop/College(new)/DDIA/Labs/project/Weather-Stations-Monitoring-DDIA-Project/weather-station/src/main/java/com/weather/centralstation/CentralStation.java. Using fallback presentation compiler.[0m
2026.05.22 18:23:21 INFO  no build target found for /Users/habibaelkamary/Desktop/College(new)/DDIA/Labs/project/Weather-Stations-Monitoring-DDIA-Project/weather-station/src/main/java/com/weather/centralstation/CentralStation.java. Using fallback presentation compiler.[0m
2026.05.22 18:23:21 INFO  no build target found for /Users/habibaelkamary/Desktop/College(new)/DDIA/Labs/project/Weather-Stations-Monitoring-DDIA-Project/weather-station/src/main/java/com/weather/centralstation/CentralStation.java. Using fallback presentation compiler.[0m
2026.05.22 18:23:21 INFO  no build target found for /Users/habibaelkamary/Desktop/College(new)/DDIA/Labs/project/Weather-Stations-Monitoring-DDIA-Project/weather-station/src/main/java/com/weather/centralstation/CentralStation.java. Using fallback presentation compiler.[0m
2026.05.22 18:23:21 INFO  no build target found for /Users/habibaelkamary/Desktop/College(new)/DDIA/Labs/project/Weather-Stations-Monitoring-DDIA-Project/weather-station/src/main/java/com/weather/centralstation/CentralStation.java. Using fallback presentation compiler.[0m
2026.05.22 18:23:21 INFO  no build target found for /Users/habibaelkamary/Desktop/College(new)/DDIA/Labs/project/Weather-Stations-Monitoring-DDIA-Project/weather-station/src/main/java/com/weather/centralstation/CentralStation.java. Using fallback presentation compiler.[0m
2026.05.22 18:23:22 INFO  no build target found for /Users/habibaelkamary/Desktop/College(new)/DDIA/Labs/project/Weather-Stations-Monitoring-DDIA-Project/weather-station/src/main/java/com/weather/centralstation/CentralStation.java. Using fallback presentation compiler.[0m
2026.05.22 18:23:22 WARN  no build target for: /Users/habibaelkamary/Desktop/College(new)/DDIA/Labs/project/Weather-Stations-Monitoring-DDIA-Project/weather-station/src/main/java/com/weather/centralstation/CentralStation.java[0m
2026.05.22 18:23:23 INFO  no build target found for /Users/habibaelkamary/Desktop/College(new)/DDIA/Labs/project/Weather-Stations-Monitoring-DDIA-Project/weather-station/src/main/java/com/weather/centralstation/CentralStation.java. Using fallback presentation compiler.[0m
2026.05.22 18:23:22 INFO  no build target found for /Users/habibaelkamary/Desktop/College(new)/DDIA/Labs/project/Weather-Stations-Monitoring-DDIA-Project/weather-station/src/main/java/com/weather/centralstation/CentralStation.java. Using fallback presentation compiler.[0m
2026.05.22 18:23:50 INFO  no build target found for /Users/habibaelkamary/Desktop/College(new)/DDIA/Labs/project/Weather-Stations-Monitoring-DDIA-Project/weather-station/src/main/java/com/weather/centralstation/CentralStation.java. Using fallback presentation compiler.[0m
2026.05.22 18:23:50 INFO  no build target found for /Users/habibaelkamary/Desktop/College(new)/DDIA/Labs/project/Weather-Stations-Monitoring-DDIA-Project/weather-station/src/main/java/com/weather/centralstation/CentralStation.java. Using fallback presentation compiler.[0m
2026.05.22 18:24:12 INFO  no build target found for /Users/habibaelkamary/Desktop/College(new)/DDIA/Labs/project/Weather-Stations-Monitoring-DDIA-Project/weather-station/src/main/java/com/weather/centralstation/CentralStation.java. Using fallback presentation compiler.[0m
2026.05.22 18:24:12 INFO  no build target found for /Users/habibaelkamary/Desktop/College(new)/DDIA/Labs/project/Weather-Stations-Monitoring-DDIA-Project/weather-station/src/main/java/com/weather/centralstation/CentralStation.java. Using fallback presentation compiler.[0m
2026.05.22 18:24:12 INFO  no build target found for /Users/habibaelkamary/Desktop/College(new)/DDIA/Labs/project/Weather-Stations-Monitoring-DDIA-Project/weather-station/src/main/java/com/weather/centralstation/CentralStation.java. Using fallback presentation compiler.[0m
2026.05.22 18:24:13 INFO  no build target found for /Users/habibaelkamary/Desktop/College(new)/DDIA/Labs/project/Weather-Stations-Monitoring-DDIA-Project/weather-station/src/main/java/com/weather/centralstation/CentralStation.java. Using fallback presentation compiler.[0m
2026.05.22 18:24:14 INFO  no build target found for /Users/habibaelkamary/Desktop/College(new)/DDIA/Labs/project/Weather-Stations-Monitoring-DDIA-Project/weather-station/src/main/java/com/weather/centralstation/CentralStation.java. Using fallback presentation compiler.[0m
2026.05.22 18:24:14 INFO  no build target found for /Users/habibaelkamary/Desktop/College(new)/DDIA/Labs/project/Weather-Stations-Monitoring-DDIA-Project/weather-station/src/main/java/com/weather/centralstation/CentralStation.java. Using fallback presentation compiler.[0m
2026.05.22 18:24:14 INFO  no build target found for /Users/habibaelkamary/Desktop/College(new)/DDIA/Labs/project/Weather-Stations-Monitoring-DDIA-Project/weather-station/src/main/java/com/weather/centralstation/CentralStation.java. Using fallback presentation compiler.[0m
2026.05.22 18:24:15 INFO  no build target found for /Users/habibaelkamary/Desktop/College(new)/DDIA/Labs/project/Weather-Stations-Monitoring-DDIA-Project/weather-station/src/main/java/com/weather/centralstation/CentralStation.java. Using fallback presentation compiler.[0m
2026.05.22 18:24:15 INFO  time: code lens generation in 1.13s[0m
2026.05.22 18:24:14 INFO  no build target found for /Users/habibaelkamary/Desktop/College(new)/DDIA/Labs/project/Weather-Stations-Monitoring-DDIA-Project/weather-station/src/main/java/com/weather/centralstation/CentralStation.java. Using fallback presentation compiler.[0m
2026.05.22 18:24:16 WARN  no build target for: /Users/habibaelkamary/Desktop/College(new)/DDIA/Labs/project/Weather-Stations-Monitoring-DDIA-Project/weather-station/src/main/java/com/weather/centralstation/CentralStation.java[0m
2026.05.22 18:24:16 INFO  no build target found for /Users/habibaelkamary/Desktop/College(new)/DDIA/Labs/project/Weather-Stations-Monitoring-DDIA-Project/weather-station/src/main/java/com/weather/centralstation/CentralStation.java. Using fallback presentation compiler.[0m
2026.05.22 18:24:16 INFO  no build target found for /Users/habibaelkamary/Desktop/College(new)/DDIA/Labs/project/Weather-Stations-Monitoring-DDIA-Project/weather-station/src/main/java/com/weather/centralstation/CentralStation.java. Using fallback presentation compiler.[0m
2026.05.22 18:24:27 INFO  no build target found for /Users/habibaelkamary/Desktop/College(new)/DDIA/Labs/project/Weather-Stations-Monitoring-DDIA-Project/weather-station/src/main/java/com/weather/centralstation/CentralStation.java. Using fallback presentation compiler.[0m
2026.05.22 18:24:27 INFO  no build target found for /Users/habibaelkamary/Desktop/College(new)/DDIA/Labs/project/Weather-Stations-Monitoring-DDIA-Project/weather-station/src/main/java/com/weather/centralstation/CentralStation.java. Using fallback presentation compiler.[0m
2026.05.22 18:24:27 INFO  no build target found for /Users/habibaelkamary/Desktop/College(new)/DDIA/Labs/project/Weather-Stations-Monitoring-DDIA-Project/weather-station/src/main/java/com/weather/centralstation/CentralStation.java. Using fallback presentation compiler.[0m
2026.05.22 18:24:28 INFO  time: code lens generation in 1.01s[0m
2026.05.22 18:24:29 INFO  no build target found for /Users/habibaelkamary/Desktop/College(new)/DDIA/Labs/project/Weather-Stations-Monitoring-DDIA-Project/weather-station/src/main/java/com/weather/centralstation/CentralStation.java. Using fallback presentation compiler.[0m
2026.05.22 18:24:29 INFO  no build target found for /Users/habibaelkamary/Desktop/College(new)/DDIA/Labs/project/Weather-Stations-Monitoring-DDIA-Project/weather-station/src/main/java/com/weather/centralstation/CentralStation.java. Using fallback presentation compiler.[0m
2026.05.22 18:24:29 INFO  no build target found for /Users/habibaelkamary/Desktop/College(new)/DDIA/Labs/project/Weather-Stations-Monitoring-DDIA-Project/weather-station/src/main/java/com/weather/centralstation/CentralStation.java. Using fallback presentation compiler.[0m
2026.05.22 18:24:29 INFO  no build target found for /Users/habibaelkamary/Desktop/College(new)/DDIA/Labs/project/Weather-Stations-Monitoring-DDIA-Project/weather-station/src/main/java/com/weather/centralstation/CentralStation.java. Using fallback presentation compiler.[0m
2026.05.22 18:24:30 INFO  no build target found for /Users/habibaelkamary/Desktop/College(new)/DDIA/Labs/project/Weather-Stations-Monitoring-DDIA-Project/weather-station/src/main/java/com/weather/centralstation/CentralStation.java. Using fallback presentation compiler.[0m
2026.05.22 18:24:30 INFO  no build target found for /Users/habibaelkamary/Desktop/College(new)/DDIA/Labs/project/Weather-Stations-Monitoring-DDIA-Project/weather-station/src/main/java/com/weather/centralstation/CentralStation.java. Using fallback presentation compiler.[0m
2026.05.22 18:24:30 INFO  no build target found for /Users/habibaelkamary/Desktop/College(new)/DDIA/Labs/project/Weather-Stations-Monitoring-DDIA-Project/weather-station/src/main/java/com/weather/centralstation/CentralStation.java. Using fallback presentation compiler.[0m
2026.05.22 18:24:30 INFO  no build target found for /Users/habibaelkamary/Desktop/College(new)/DDIA/Labs/project/Weather-Stations-Monitoring-DDIA-Project/weather-station/src/main/java/com/weather/centralstation/CentralStation.java. Using fallback presentation compiler.[0m
2026.05.22 18:24:30 INFO  time: code lens generation in 1.48s[0m
2026.05.22 18:24:30 INFO  no build target found for /Users/habibaelkamary/Desktop/College(new)/DDIA/Labs/project/Weather-Stations-Monitoring-DDIA-Project/weather-station/src/main/java/com/weather/centralstation/CentralStation.java. Using fallback presentation compiler.[0m
2026.05.22 18:24:30 INFO  time: code lens generation in 1.01s[0m
2026.05.22 18:24:30 INFO  no build target found for /Users/habibaelkamary/Desktop/College(new)/DDIA/Labs/project/Weather-Stations-Monitoring-DDIA-Project/weather-station/src/main/java/com/weather/centralstation/CentralStation.java. Using fallback presentation compiler.[0m
2026.05.22 18:24:30 INFO  no build target found for /Users/habibaelkamary/Desktop/College(new)/DDIA/Labs/project/Weather-Stations-Monitoring-DDIA-Project/weather-station/src/main/java/com/weather/centralstation/CentralStation.java. Using fallback presentation compiler.[0m
2026.05.22 18:24:30 INFO  no build target found for /Users/habibaelkamary/Desktop/College(new)/DDIA/Labs/project/Weather-Stations-Monitoring-DDIA-Project/weather-station/src/main/java/com/weather/centralstation/CentralStation.java. Using fallback presentation compiler.[0m
2026.05.22 18:24:31 INFO  no build target found for /Users/habibaelkamary/Desktop/College(new)/DDIA/Labs/project/Weather-Stations-Monitoring-DDIA-Project/weather-station/src/main/java/com/weather/centralstation/CentralStation.java. Using fallback presentation compiler.[0m
2026.05.22 18:24:30 INFO  no build target found for /Users/habibaelkamary/Desktop/College(new)/DDIA/Labs/project/Weather-Stations-Monitoring-DDIA-Project/weather-station/src/main/java/com/weather/centralstation/CentralStation.java. Using fallback presentation compiler.[0m
2026.05.22 18:24:31 INFO  no build target found for /Users/habibaelkamary/Desktop/College(new)/DDIA/Labs/project/Weather-Stations-Monitoring-DDIA-Project/weather-station/src/main/java/com/weather/centralstation/CentralStation.java. Using fallback presentation compiler.[0m
2026.05.22 18:24:31 INFO  no build target found for /Users/habibaelkamary/Desktop/College(new)/DDIA/Labs/project/Weather-Stations-Monitoring-DDIA-Project/weather-station/src/main/java/com/weather/centralstation/CentralStation.java. Using fallback presentation compiler.[0m
2026.05.22 18:24:31 INFO  no build target found for /Users/habibaelkamary/Desktop/College(new)/DDIA/Labs/project/Weather-Stations-Monitoring-DDIA-Project/weather-station/src/main/java/com/weather/centralstation/CentralStation.java. Using fallback presentation compiler.[0m
2026.05.22 18:24:31 INFO  no build target found for /Users/habibaelkamary/Desktop/College(new)/DDIA/Labs/project/Weather-Stations-Monitoring-DDIA-Project/weather-station/src/main/java/com/weather/centralstation/CentralStation.java. Using fallback presentation compiler.[0m
2026.05.22 18:24:31 INFO  no build target found for /Users/habibaelkamary/Desktop/College(new)/DDIA/Labs/project/Weather-Stations-Monitoring-DDIA-Project/weather-station/src/main/java/com/weather/centralstation/CentralStation.java. Using fallback presentation compiler.[0m
2026.05.22 18:24:31 INFO  no build target found for /Users/habibaelkamary/Desktop/College(new)/DDIA/Labs/project/Weather-Stations-Monitoring-DDIA-Project/weather-station/src/main/java/com/weather/centralstation/CentralStation.java. Using fallback presentation compiler.[0m
2026.05.22 18:24:31 INFO  no build target found for /Users/habibaelkamary/Desktop/College(new)/DDIA/Labs/project/Weather-Stations-Monitoring-DDIA-Project/weather-station/src/main/java/com/weather/centralstation/CentralStation.java. Using fallback presentation compiler.[0m
2026.05.22 18:24:31 INFO  no build target found for /Users/habibaelkamary/Desktop/College(new)/DDIA/Labs/project/Weather-Stations-Monitoring-DDIA-Project/weather-station/src/main/java/com/weather/centralstation/CentralStation.java. Using fallback presentation compiler.[0m
2026.05.22 18:24:32 INFO  no build target found for /Users/habibaelkamary/Desktop/College(new)/DDIA/Labs/project/Weather-Stations-Monitoring-DDIA-Project/weather-station/src/main/java/com/weather/centralstation/CentralStation.java. Using fallback presentation compiler.[0m
2026.05.22 18:24:31 INFO  no build target found for /Users/habibaelkamary/Desktop/College(new)/DDIA/Labs/project/Weather-Stations-Monitoring-DDIA-Project/weather-station/src/main/java/com/weather/centralstation/CentralStation.java. Using fallback presentation compiler.[0m
2026.05.22 18:24:32 INFO  no build target found for /Users/habibaelkamary/Desktop/College(new)/DDIA/Labs/project/Weather-Stations-Monitoring-DDIA-Project/weather-station/src/main/java/com/weather/centralstation/CentralStation.java. Using fallback presentation compiler.[0m
2026.05.22 18:24:32 INFO  no build target found for /Users/habibaelkamary/Desktop/College(new)/DDIA/Labs/project/Weather-Stations-Monitoring-DDIA-Project/weather-station/src/main/java/com/weather/centralstation/CentralStation.java. Using fallback presentation compiler.[0m
2026.05.22 18:24:32 INFO  no build target found for /Users/habibaelkamary/Desktop/College(new)/DDIA/Labs/project/Weather-Stations-Monitoring-DDIA-Project/weather-station/src/main/java/com/weather/centralstation/CentralStation.java. Using fallback presentation compiler.[0m
2026.05.22 18:24:32 INFO  no build target found for /Users/habibaelkamary/Desktop/College(new)/DDIA/Labs/project/Weather-Stations-Monitoring-DDIA-Project/weather-station/src/main/java/com/weather/centralstation/CentralStation.java. Using fallback presentation compiler.[0m
2026.05.22 18:24:32 INFO  no build target found for /Users/habibaelkamary/Desktop/College(new)/DDIA/Labs/project/Weather-Stations-Monitoring-DDIA-Project/weather-station/src/main/java/com/weather/centralstation/CentralStation.java. Using fallback presentation compiler.[0m
2026.05.22 18:24:32 INFO  no build target found for /Users/habibaelkamary/Desktop/College(new)/DDIA/Labs/project/Weather-Stations-Monitoring-DDIA-Project/weather-station/src/main/java/com/weather/centralstation/CentralStation.java. Using fallback presentation compiler.[0m
2026.05.22 18:24:32 INFO  no build target found for /Users/habibaelkamary/Desktop/College(new)/DDIA/Labs/project/Weather-Stations-Monitoring-DDIA-Project/weather-station/src/main/java/com/weather/centralstation/CentralStation.java. Using fallback presentation compiler.[0m
2026.05.22 18:24:33 INFO  no build target found for /Users/habibaelkamary/Desktop/College(new)/DDIA/Labs/project/Weather-Stations-Monitoring-DDIA-Project/weather-station/src/main/java/com/weather/centralstation/CentralStation.java. Using fallback presentation compiler.[0m
2026.05.22 18:24:33 INFO  no build target found for /Users/habibaelkamary/Desktop/College(new)/DDIA/Labs/project/Weather-Stations-Monitoring-DDIA-Project/weather-station/src/main/java/com/weather/centralstation/CentralStation.java. Using fallback presentation compiler.[0m
2026.05.22 18:24:33 INFO  no build target found for /Users/habibaelkamary/Desktop/College(new)/DDIA/Labs/project/Weather-Stations-Monitoring-DDIA-Project/weather-station/src/main/java/com/weather/centralstation/CentralStation.java. Using fallback presentation compiler.[0m
2026.05.22 18:24:34 INFO  no build target found for /Users/habibaelkamary/Desktop/College(new)/DDIA/Labs/project/Weather-Stations-Monitoring-DDIA-Project/weather-station/src/main/java/com/weather/centralstation/CentralStation.java. Using fallback presentation compiler.[0m
2026.05.22 18:24:33 INFO  no build target found for /Users/habibaelkamary/Desktop/College(new)/DDIA/Labs/project/Weather-Stations-Monitoring-DDIA-Project/weather-station/src/main/java/com/weather/centralstation/CentralStation.java. Using fallback presentation compiler.[0m
2026.05.22 18:24:33 INFO  no build target found for /Users/habibaelkamary/Desktop/College(new)/DDIA/Labs/project/Weather-Stations-Monitoring-DDIA-Project/weather-station/src/main/java/com/weather/centralstation/CentralStation.java. Using fallback presentation compiler.[0m
2026.05.22 18:24:34 INFO  no build target found for /Users/habibaelkamary/Desktop/College(new)/DDIA/Labs/project/Weather-Stations-Monitoring-DDIA-Project/weather-station/src/main/java/com/weather/centralstation/CentralStation.java. Using fallback presentation compiler.[0m
2026.05.22 18:24:33 INFO  no build target found for /Users/habibaelkamary/Desktop/College(new)/DDIA/Labs/project/Weather-Stations-Monitoring-DDIA-Project/weather-station/src/main/java/com/weather/centralstation/CentralStation.java. Using fallback presentation compiler.[0m
2026.05.22 18:24:34 INFO  no build target found for /Users/habibaelkamary/Desktop/College(new)/DDIA/Labs/project/Weather-Stations-Monitoring-DDIA-Project/weather-station/src/main/java/com/weather/centralstation/CentralStation.java. Using fallback presentation compiler.[0m
2026.05.22 18:24:34 INFO  no build target found for /Users/habibaelkamary/Desktop/College(new)/DDIA/Labs/project/Weather-Stations-Monitoring-DDIA-Project/weather-station/src/main/java/com/weather/centralstation/CentralStation.java. Using fallback presentation compiler.[0m
2026.05.22 18:24:35 INFO  no build target found for /Users/habibaelkamary/Desktop/College(new)/DDIA/Labs/project/Weather-Stations-Monitoring-DDIA-Project/weather-station/src/main/java/com/weather/centralstation/CentralStation.java. Using fallback presentation compiler.[0m
2026.05.22 18:24:34 INFO  no build target found for /Users/habibaelkamary/Desktop/College(new)/DDIA/Labs/project/Weather-Stations-Monitoring-DDIA-Project/weather-station/src/main/java/com/weather/centralstation/CentralStation.java. Using fallback presentation compiler.[0m
2026.05.22 18:24:34 INFO  no build target found for /Users/habibaelkamary/Desktop/College(new)/DDIA/Labs/project/Weather-Stations-Monitoring-DDIA-Project/weather-station/src/main/java/com/weather/centralstation/CentralStation.java. Using fallback presentation compiler.[0m
2026.05.22 18:24:34 INFO  no build target found for /Users/habibaelkamary/Desktop/College(new)/DDIA/Labs/project/Weather-Stations-Monitoring-DDIA-Project/weather-station/src/main/java/com/weather/centralstation/CentralStation.java. Using fallback presentation compiler.[0m
2026.05.22 18:24:35 INFO  no build target found for /Users/habibaelkamary/Desktop/College(new)/DDIA/Labs/project/Weather-Stations-Monitoring-DDIA-Project/weather-station/src/main/java/com/weather/centralstation/CentralStation.java. Using fallback presentation compiler.[0m
2026.05.22 18:24:34 INFO  no build target found for /Users/habibaelkamary/Desktop/College(new)/DDIA/Labs/project/Weather-Stations-Monitoring-DDIA-Project/weather-station/src/main/java/com/weather/centralstation/CentralStation.java. Using fallback presentation compiler.[0m
2026.05.22 18:24:34 INFO  no build target found for /Users/habibaelkamary/Desktop/College(new)/DDIA/Labs/project/Weather-Stations-Monitoring-DDIA-Project/weather-station/src/main/java/com/weather/centralstation/CentralStation.java. Using fallback presentation compiler.[0m
2026.05.22 18:24:35 INFO  no build target found for /Users/habibaelkamary/Desktop/College(new)/DDIA/Labs/project/Weather-Stations-Monitoring-DDIA-Project/weather-station/src/main/java/com/weather/centralstation/CentralStation.java. Using fallback presentation compiler.[0m
2026.05.22 18:24:35 INFO  no build target found for /Users/habibaelkamary/Desktop/College(new)/DDIA/Labs/project/Weather-Stations-Monitoring-DDIA-Project/weather-station/src/main/java/com/weather/centralstation/CentralStation.java. Using fallback presentation compiler.[0m
2026.05.22 18:24:35 INFO  no build target found for /Users/habibaelkamary/Desktop/College(new)/DDIA/Labs/project/Weather-Stations-Monitoring-DDIA-Project/weather-station/src/main/java/com/weather/centralstation/CentralStation.java. Using fallback presentation compiler.[0m
2026.05.22 18:24:35 INFO  no build target found for /Users/habibaelkamary/Desktop/College(new)/DDIA/Labs/project/Weather-Stations-Monitoring-DDIA-Project/weather-station/src/main/java/com/weather/centralstation/CentralStation.java. Using fallback presentation compiler.[0m
2026.05.22 18:24:35 INFO  no build target found for /Users/habibaelkamary/Desktop/College(new)/DDIA/Labs/project/Weather-Stations-Monitoring-DDIA-Project/weather-station/src/main/java/com/weather/centralstation/CentralStation.java. Using fallback presentation compiler.[0m
2026.05.22 18:24:35 INFO  no build target found for /Users/habibaelkamary/Desktop/College(new)/DDIA/Labs/project/Weather-Stations-Monitoring-DDIA-Project/weather-station/src/main/java/com/weather/centralstation/CentralStation.java. Using fallback presentation compiler.[0m
2026.05.22 18:24:36 INFO  no build target found for /Users/habibaelkamary/Desktop/College(new)/DDIA/Labs/project/Weather-Stations-Monitoring-DDIA-Project/weather-station/src/main/java/com/weather/centralstation/CentralStation.java. Using fallback presentation compiler.[0m
2026.05.22 18:24:35 INFO  no build target found for /Users/habibaelkamary/Desktop/College(new)/DDIA/Labs/project/Weather-Stations-Monitoring-DDIA-Project/weather-station/src/main/java/com/weather/centralstation/CentralStation.java. Using fallback presentation compiler.[0m
2026.05.22 18:24:37 INFO  no build target found for /Users/habibaelkamary/Desktop/College(new)/DDIA/Labs/project/Weather-Stations-Monitoring-DDIA-Project/weather-station/src/main/java/com/weather/centralstation/CentralStation.java. Using fallback presentation compiler.[0m
2026.05.22 18:24:38 INFO  no build target found for /Users/habibaelkamary/Desktop/College(new)/DDIA/Labs/project/Weather-Stations-Monitoring-DDIA-Project/weather-station/src/main/java/com/weather/centralstation/CentralStation.java. Using fallback presentation compiler.[0m
2026.05.22 18:24:38 INFO  no build target found for /Users/habibaelkamary/Desktop/College(new)/DDIA/Labs/project/Weather-Stations-Monitoring-DDIA-Project/weather-station/src/main/java/com/weather/centralstation/CentralStation.java. Using fallback presentation compiler.[0m
2026.05.22 18:24:39 INFO  no build target found for /Users/habibaelkamary/Desktop/College(new)/DDIA/Labs/project/Weather-Stations-Monitoring-DDIA-Project/weather-station/src/main/java/com/weather/centralstation/CentralStation.java. Using fallback presentation compiler.[0m
2026.05.22 18:24:39 INFO  no build target found for /Users/habibaelkamary/Desktop/College(new)/DDIA/Labs/project/Weather-Stations-Monitoring-DDIA-Project/weather-station/src/main/java/com/weather/centralstation/CentralStation.java. Using fallback presentation compiler.[0m
2026.05.22 18:24:39 INFO  no build target found for /Users/habibaelkamary/Desktop/College(new)/DDIA/Labs/project/Weather-Stations-Monitoring-DDIA-Project/weather-station/src/main/java/com/weather/centralstation/CentralStation.java. Using fallback presentation compiler.[0m
2026.05.22 18:24:39 INFO  no build target found for /Users/habibaelkamary/Desktop/College(new)/DDIA/Labs/project/Weather-Stations-Monitoring-DDIA-Project/weather-station/src/main/java/com/weather/centralstation/CentralStation.java. Using fallback presentation compiler.[0m
2026.05.22 18:24:39 INFO  no build target found for /Users/habibaelkamary/Desktop/College(new)/DDIA/Labs/project/Weather-Stations-Monitoring-DDIA-Project/weather-station/src/main/java/com/weather/centralstation/CentralStation.java. Using fallback presentation compiler.[0m
2026.05.22 18:24:40 INFO  no build target found for /Users/habibaelkamary/Desktop/College(new)/DDIA/Labs/project/Weather-Stations-Monitoring-DDIA-Project/weather-station/src/main/java/com/weather/centralstation/CentralStation.java. Using fallback presentation compiler.[0m
2026.05.22 18:24:39 INFO  no build target found for /Users/habibaelkamary/Desktop/College(new)/DDIA/Labs/project/Weather-Stations-Monitoring-DDIA-Project/weather-station/src/main/java/com/weather/centralstation/CentralStation.java. Using fallback presentation compiler.[0m
2026.05.22 18:24:40 INFO  no build target found for /Users/habibaelkamary/Desktop/College(new)/DDIA/Labs/project/Weather-Stations-Monitoring-DDIA-Project/weather-station/src/main/java/com/weather/centralstation/CentralStation.java. Using fallback presentation compiler.[0m
2026.05.22 18:24:40 INFO  no build target found for /Users/habibaelkamary/Desktop/College(new)/DDIA/Labs/project/Weather-Stations-Monitoring-DDIA-Project/weather-station/src/main/java/com/weather/centralstation/CentralStation.java. Using fallback presentation compiler.[0m
2026.05.22 18:24:40 INFO  no build target found for /Users/habibaelkamary/Desktop/College(new)/DDIA/Labs/project/Weather-Stations-Monitoring-DDIA-Project/weather-station/src/main/java/com/weather/centralstation/CentralStation.java. Using fallback presentation compiler.[0m
2026.05.22 18:24:40 INFO  no build target found for /Users/habibaelkamary/Desktop/College(new)/DDIA/Labs/project/Weather-Stations-Monitoring-DDIA-Project/weather-station/src/main/java/com/weather/centralstation/CentralStation.java. Using fallback presentation compiler.[0m
2026.05.22 18:24:40 INFO  no build target found for /Users/habibaelkamary/Desktop/College(new)/DDIA/Labs/project/Weather-Stations-Monitoring-DDIA-Project/weather-station/src/main/java/com/weather/centralstation/CentralStation.java. Using fallback presentation compiler.[0m
2026.05.22 18:24:41 INFO  no build target found for /Users/habibaelkamary/Desktop/College(new)/DDIA/Labs/project/Weather-Stations-Monitoring-DDIA-Project/weather-station/src/main/java/com/weather/centralstation/CentralStation.java. Using fallback presentation compiler.[0m
2026.05.22 18:24:40 INFO  no build target found for /Users/habibaelkamary/Desktop/College(new)/DDIA/Labs/project/Weather-Stations-Monitoring-DDIA-Project/weather-station/src/main/java/com/weather/centralstation/CentralStation.java. Using fallback presentation compiler.[0m
2026.05.22 18:24:40 INFO  no build target found for /Users/habibaelkamary/Desktop/College(new)/DDIA/Labs/project/Weather-Stations-Monitoring-DDIA-Project/weather-station/src/main/java/com/weather/centralstation/CentralStation.java. Using fallback presentation compiler.[0m
2026.05.22 18:24:41 INFO  no build target found for /Users/habibaelkamary/Desktop/College(new)/DDIA/Labs/project/Weather-Stations-Monitoring-DDIA-Project/weather-station/src/main/java/com/weather/centralstation/CentralStation.java. Using fallback presentation compiler.[0m
2026.05.22 18:24:40 INFO  no build target found for /Users/habibaelkamary/Desktop/College(new)/DDIA/Labs/project/Weather-Stations-Monitoring-DDIA-Project/weather-station/src/main/java/com/weather/centralstation/CentralStation.java. Using fallback presentation compiler.[0m
2026.05.22 18:24:41 INFO  no build target found for /Users/habibaelkamary/Desktop/College(new)/DDIA/Labs/project/Weather-Stations-Monitoring-DDIA-Project/weather-station/src/main/java/com/weather/centralstation/CentralStation.java. Using fallback presentation compiler.[0m
2026.05.22 18:24:41 INFO  no build target found for /Users/habibaelkamary/Desktop/College(new)/DDIA/Labs/project/Weather-Stations-Monitoring-DDIA-Project/weather-station/src/main/java/com/weather/centralstation/CentralStation.java. Using fallback presentation compiler.[0m
2026.05.22 18:24:41 INFO  no build target found for /Users/habibaelkamary/Desktop/College(new)/DDIA/Labs/project/Weather-Stations-Monitoring-DDIA-Project/weather-station/src/main/java/com/weather/centralstation/CentralStation.java. Using fallback presentation compiler.[0m
2026.05.22 18:24:41 INFO  no build target found for /Users/habibaelkamary/Desktop/College(new)/DDIA/Labs/project/Weather-Stations-Monitoring-DDIA-Project/weather-station/src/main/java/com/weather/centralstation/CentralStation.java. Using fallback presentation compiler.[0m
2026.05.22 18:24:41 INFO  no build target found for /Users/habibaelkamary/Desktop/College(new)/DDIA/Labs/project/Weather-Stations-Monitoring-DDIA-Project/weather-station/src/main/java/com/weather/centralstation/CentralStation.java. Using fallback presentation compiler.[0m
2026.05.22 18:24:42 INFO  no build target found for /Users/habibaelkamary/Desktop/College(new)/DDIA/Labs/project/Weather-Stations-Monitoring-DDIA-Project/weather-station/src/main/java/com/weather/centralstation/CentralStation.java. Using fallback presentation compiler.[0m
2026.05.22 18:24:42 INFO  no build target found for /Users/habibaelkamary/Desktop/College(new)/DDIA/Labs/project/Weather-Stations-Monitoring-DDIA-Project/weather-station/src/main/java/com/weather/centralstation/CentralStation.java. Using fallback presentation compiler.[0m
2026.05.22 18:24:42 INFO  no build target found for /Users/habibaelkamary/Desktop/College(new)/DDIA/Labs/project/Weather-Stations-Monitoring-DDIA-Project/weather-station/src/main/java/com/weather/centralstation/CentralStation.java. Using fallback presentation compiler.[0m
2026.05.22 18:24:42 INFO  no build target found for /Users/habibaelkamary/Desktop/College(new)/DDIA/Labs/project/Weather-Stations-Monitoring-DDIA-Project/weather-station/src/main/java/com/weather/centralstation/CentralStation.java. Using fallback presentation compiler.[0m
2026.05.22 18:24:42 INFO  no build target found for /Users/habibaelkamary/Desktop/College(new)/DDIA/Labs/project/Weather-Stations-Monitoring-DDIA-Project/weather-station/src/main/java/com/weather/centralstation/CentralStation.java. Using fallback presentation compiler.[0m
2026.05.22 18:24:43 INFO  no build target found for /Users/habibaelkamary/Desktop/College(new)/DDIA/Labs/project/Weather-Stations-Monitoring-DDIA-Project/weather-station/src/main/java/com/weather/centralstation/CentralStation.java. Using fallback presentation compiler.[0m
2026.05.22 18:24:42 INFO  no build target found for /Users/habibaelkamary/Desktop/College(new)/DDIA/Labs/project/Weather-Stations-Monitoring-DDIA-Project/weather-station/src/main/java/com/weather/centralstation/CentralStation.java. Using fallback presentation compiler.[0m
2026.05.22 18:24:42 INFO  no build target found for /Users/habibaelkamary/Desktop/College(new)/DDIA/Labs/project/Weather-Stations-Monitoring-DDIA-Project/weather-station/src/main/java/com/weather/centralstation/CentralStation.java. Using fallback presentation compiler.[0m
2026.05.22 18:24:43 INFO  no build target found for /Users/habibaelkamary/Desktop/College(new)/DDIA/Labs/project/Weather-Stations-Monitoring-DDIA-Project/weather-station/src/main/java/com/weather/centralstation/CentralStation.java. Using fallback presentation compiler.[0m
2026.05.22 18:24:43 INFO  no build target found for /Users/habibaelkamary/Desktop/College(new)/DDIA/Labs/project/Weather-Stations-Monitoring-DDIA-Project/weather-station/src/main/java/com/weather/centralstation/CentralStation.java. Using fallback presentation compiler.[0m
2026.05.22 18:24:43 INFO  no build target found for /Users/habibaelkamary/Desktop/College(new)/DDIA/Labs/project/Weather-Stations-Monitoring-DDIA-Project/weather-station/src/main/java/com/weather/centralstation/CentralStation.java. Using fallback presentation compiler.[0m
2026.05.22 18:24:44 INFO  no build target found for /Users/habibaelkamary/Desktop/College(new)/DDIA/Labs/project/Weather-Stations-Monitoring-DDIA-Project/weather-station/src/main/java/com/weather/centralstation/CentralStation.java. Using fallback presentation compiler.[0m
2026.05.22 18:24:43 INFO  no build target found for /Users/habibaelkamary/Desktop/College(new)/DDIA/Labs/project/Weather-Stations-Monitoring-DDIA-Project/weather-station/src/main/java/com/weather/centralstation/CentralStation.java. Using fallback presentation compiler.[0m
2026.05.22 18:24:43 INFO  no build target found for /Users/habibaelkamary/Desktop/College(new)/DDIA/Labs/project/Weather-Stations-Monitoring-DDIA-Project/weather-station/src/main/java/com/weather/centralstation/CentralStation.java. Using fallback presentation compiler.[0m
2026.05.22 18:24:43 INFO  no build target found for /Users/habibaelkamary/Desktop/College(new)/DDIA/Labs/project/Weather-Stations-Monitoring-DDIA-Project/weather-station/src/main/java/com/weather/centralstation/CentralStation.java. Using fallback presentation compiler.[0m
2026.05.22 18:24:44 INFO  no build target found for /Users/habibaelkamary/Desktop/College(new)/DDIA/Labs/project/Weather-Stations-Monitoring-DDIA-Project/weather-station/src/main/java/com/weather/centralstation/CentralStation.java. Using fallback presentation compiler.[0m
2026.05.22 18:24:43 INFO  no build target found for /Users/habibaelkamary/Desktop/College(new)/DDIA/Labs/project/Weather-Stations-Monitoring-DDIA-Project/weather-station/src/main/java/com/weather/centralstation/CentralStation.java. Using fallback presentation compiler.[0m
2026.05.22 18:24:44 INFO  no build target found for /Users/habibaelkamary/Desktop/College(new)/DDIA/Labs/project/Weather-Stations-Monitoring-DDIA-Project/weather-station/src/main/java/com/weather/centralstation/CentralStation.java. Using fallback presentation compiler.[0m
2026.05.22 18:24:44 INFO  no build target found for /Users/habibaelkamary/Desktop/College(new)/DDIA/Labs/project/Weather-Stations-Monitoring-DDIA-Project/weather-station/src/main/java/com/weather/centralstation/CentralStation.java. Using fallback presentation compiler.[0m
2026.05.22 18:24:44 INFO  no build target found for /Users/habibaelkamary/Desktop/College(new)/DDIA/Labs/project/Weather-Stations-Monitoring-DDIA-Project/weather-station/src/main/java/com/weather/centralstation/CentralStation.java. Using fallback presentation compiler.[0m
2026.05.22 18:24:44 INFO  no build target found for /Users/habibaelkamary/Desktop/College(new)/DDIA/Labs/project/Weather-Stations-Monitoring-DDIA-Project/weather-station/src/main/java/com/weather/centralstation/CentralStation.java. Using fallback presentation compiler.[0m
2026.05.22 18:24:45 INFO  no build target found for /Users/habibaelkamary/Desktop/College(new)/DDIA/Labs/project/Weather-Stations-Monitoring-DDIA-Project/weather-station/src/main/java/com/weather/centralstation/CentralStation.java. Using fallback presentation compiler.[0m
2026.05.22 18:24:44 INFO  no build target found for /Users/habibaelkamary/Desktop/College(new)/DDIA/Labs/project/Weather-Stations-Monitoring-DDIA-Project/weather-station/src/main/java/com/weather/centralstation/CentralStation.java. Using fallback presentation compiler.[0m
2026.05.22 18:24:44 INFO  no build target found for /Users/habibaelkamary/Desktop/College(new)/DDIA/Labs/project/Weather-Stations-Monitoring-DDIA-Project/weather-station/src/main/java/com/weather/centralstation/CentralStation.java. Using fallback presentation compiler.[0m
2026.05.22 18:24:45 INFO  no build target found for /Users/habibaelkamary/Desktop/College(new)/DDIA/Labs/project/Weather-Stations-Monitoring-DDIA-Project/weather-station/src/main/java/com/weather/centralstation/CentralStation.java. Using fallback presentation compiler.[0m
2026.05.22 18:24:44 INFO  no build target found for /Users/habibaelkamary/Desktop/College(new)/DDIA/Labs/project/Weather-Stations-Monitoring-DDIA-Project/weather-station/src/main/java/com/weather/centralstation/CentralStation.java. Using fallback presentation compiler.[0m
May 22, 2026 6:24:45 PM org.eclipse.lsp4j.jsonrpc.RemoteEndpoint handleCancellation
WARNING: Unmatched cancel notification for request id 6550
2026.05.22 18:24:45 INFO  no build target found for /Users/habibaelkamary/Desktop/College(new)/DDIA/Labs/project/Weather-Stations-Monitoring-DDIA-Project/weather-station/src/main/java/com/weather/centralstation/CentralStation.java. Using fallback presentation compiler.[0m
2026.05.22 18:24:46 INFO  no build target found for /Users/habibaelkamary/Desktop/College(new)/DDIA/Labs/project/Weather-Stations-Monitoring-DDIA-Project/weather-station/src/main/java/com/weather/centralstation/CentralStation.java. Using fallback presentation compiler.[0m
2026.05.22 18:24:45 INFO  no build target found for /Users/habibaelkamary/Desktop/College(new)/DDIA/Labs/project/Weather-Stations-Monitoring-DDIA-Project/weather-station/src/main/java/com/weather/centralstation/CentralStation.java. Using fallback presentation compiler.[0m
2026.05.22 18:24:45 INFO  no build target found for /Users/habibaelkamary/Desktop/College(new)/DDIA/Labs/project/Weather-Stations-Monitoring-DDIA-Project/weather-station/src/main/java/com/weather/centralstation/CentralStation.java. Using fallback presentation compiler.[0m
2026.05.22 18:24:46 INFO  no build target found for /Users/habibaelkamary/Desktop/College(new)/DDIA/Labs/project/Weather-Stations-Monitoring-DDIA-Project/weather-station/src/main/java/com/weather/centralstation/CentralStation.java. Using fallback presentation compiler.[0m
2026.05.22 18:24:45 INFO  no build target found for /Users/habibaelkamary/Desktop/College(new)/DDIA/Labs/project/Weather-Stations-Monitoring-DDIA-Project/weather-station/src/main/java/com/weather/centralstation/CentralStation.java. Using fallback presentation compiler.[0m
2026.05.22 18:24:45 INFO  no build target found for /Users/habibaelkamary/Desktop/College(new)/DDIA/Labs/project/Weather-Stations-Monitoring-DDIA-Project/weather-station/src/main/java/com/weather/centralstation/CentralStation.java. Using fallback presentation compiler.[0m
2026.05.22 18:24:45 INFO  no build target found for /Users/habibaelkamary/Desktop/College(new)/DDIA/Labs/project/Weather-Stations-Monitoring-DDIA-Project/weather-station/src/main/java/com/weather/centralstation/CentralStation.java. Using fallback presentation compiler.[0m
2026.05.22 18:24:46 INFO  no build target found for /Users/habibaelkamary/Desktop/College(new)/DDIA/Labs/project/Weather-Stations-Monitoring-DDIA-Project/weather-station/src/main/java/com/weather/centralstation/CentralStation.java. Using fallback presentation compiler.[0m
2026.05.22 18:24:47 INFO  no build target found for /Users/habibaelkamary/Desktop/College(new)/DDIA/Labs/project/Weather-Stations-Monitoring-DDIA-Project/weather-station/src/main/java/com/weather/centralstation/CentralStation.java. Using fallback presentation compiler.[0m
2026.05.22 18:24:47 INFO  no build target found for /Users/habibaelkamary/Desktop/College(new)/DDIA/Labs/project/Weather-Stations-Monitoring-DDIA-Project/weather-station/src/main/java/com/weather/centralstation/CentralStation.java. Using fallback presentation compiler.[0m
2026.05.22 18:24:47 INFO  no build target found for /Users/habibaelkamary/Desktop/College(new)/DDIA/Labs/project/Weather-Stations-Monitoring-DDIA-Project/weather-station/src/main/java/com/weather/centralstation/CentralStation.java. Using fallback presentation compiler.[0m
2026.05.22 18:24:47 INFO  no build target found for /Users/habibaelkamary/Desktop/College(new)/DDIA/Labs/project/Weather-Stations-Monitoring-DDIA-Project/weather-station/src/main/java/com/weather/centralstation/CentralStation.java. Using fallback presentation compiler.[0m
2026.05.22 18:24:47 INFO  no build target found for /Users/habibaelkamary/Desktop/College(new)/DDIA/Labs/project/Weather-Stations-Monitoring-DDIA-Project/weather-station/src/main/java/com/weather/centralstation/CentralStation.java. Using fallback presentation compiler.[0m
2026.05.22 18:24:47 INFO  no build target found for /Users/habibaelkamary/Desktop/College(new)/DDIA/Labs/project/Weather-Stations-Monitoring-DDIA-Project/weather-station/src/main/java/com/weather/centralstation/CentralStation.java. Using fallback presentation compiler.[0m
2026.05.22 18:24:47 INFO  no build target found for /Users/habibaelkamary/Desktop/College(new)/DDIA/Labs/project/Weather-Stations-Monitoring-DDIA-Project/weather-station/src/main/java/com/weather/centralstation/CentralStation.java. Using fallback presentation compiler.[0m
2026.05.22 18:24:47 INFO  no build target found for /Users/habibaelkamary/Desktop/College(new)/DDIA/Labs/project/Weather-Stations-Monitoring-DDIA-Project/weather-station/src/main/java/com/weather/centralstation/CentralStation.java. Using fallback presentation compiler.[0m
2026.05.22 18:24:48 INFO  no build target found for /Users/habibaelkamary/Desktop/College(new)/DDIA/Labs/project/Weather-Stations-Monitoring-DDIA-Project/weather-station/src/main/java/com/weather/centralstation/CentralStation.java. Using fallback presentation compiler.[0m
2026.05.22 18:24:48 INFO  no build target found for /Users/habibaelkamary/Desktop/College(new)/DDIA/Labs/project/Weather-Stations-Monitoring-DDIA-Project/weather-station/src/main/java/com/weather/centralstation/CentralStation.java. Using fallback presentation compiler.[0m
2026.05.22 18:24:48 INFO  no build target found for /Users/habibaelkamary/Desktop/College(new)/DDIA/Labs/project/Weather-Stations-Monitoring-DDIA-Project/weather-station/src/main/java/com/weather/centralstation/CentralStation.java. Using fallback presentation compiler.[0m
2026.05.22 18:24:48 INFO  no build target found for /Users/habibaelkamary/Desktop/College(new)/DDIA/Labs/project/Weather-Stations-Monitoring-DDIA-Project/weather-station/src/main/java/com/weather/centralstation/CentralStation.java. Using fallback presentation compiler.[0m
2026.05.22 18:24:49 INFO  no build target found for /Users/habibaelkamary/Desktop/College(new)/DDIA/Labs/project/Weather-Stations-Monitoring-DDIA-Project/weather-station/src/main/java/com/weather/centralstation/CentralStation.java. Using fallback presentation compiler.[0m
2026.05.22 18:24:49 INFO  no build target found for /Users/habibaelkamary/Desktop/College(new)/DDIA/Labs/project/Weather-Stations-Monitoring-DDIA-Project/weather-station/src/main/java/com/weather/centralstation/CentralStation.java. Using fallback presentation compiler.[0m
2026.05.22 18:24:50 INFO  no build target found for /Users/habibaelkamary/Desktop/College(new)/DDIA/Labs/project/Weather-Stations-Monitoring-DDIA-Project/weather-station/src/main/java/com/weather/centralstation/CentralStation.java. Using fallback presentation compiler.[0m
2026.05.22 18:24:50 INFO  no build target found for /Users/habibaelkamary/Desktop/College(new)/DDIA/Labs/project/Weather-Stations-Monitoring-DDIA-Project/weather-station/src/main/java/com/weather/centralstation/CentralStation.java. Using fallback presentation compiler.[0m
2026.05.22 18:24:51 INFO  no build target found for /Users/habibaelkamary/Desktop/College(new)/DDIA/Labs/project/Weather-Stations-Monitoring-DDIA-Project/weather-station/src/main/java/com/weather/centralstation/CentralStation.java. Using fallback presentation compiler.[0m
2026.05.22 18:24:51 WARN  no build target for: /Users/habibaelkamary/Desktop/College(new)/DDIA/Labs/project/Weather-Stations-Monitoring-DDIA-Project/weather-station/src/main/java/com/weather/centralstation/CentralStation.java[0m
2026.05.22 18:24:51 INFO  no build target found for /Users/habibaelkamary/Desktop/College(new)/DDIA/Labs/project/Weather-Stations-Monitoring-DDIA-Project/weather-station/src/main/java/com/weather/centralstation/CentralStation.java. Using fallback presentation compiler.[0m
2026.05.22 18:24:54 INFO  no build target found for /Users/habibaelkamary/Desktop/College(new)/DDIA/Labs/project/Weather-Stations-Monitoring-DDIA-Project/weather-station/src/main/java/com/weather/centralstation/ParquetArchiver.java. Using fallback presentation compiler.[0m
2026.05.22 18:24:54 INFO  no build target found for /Users/habibaelkamary/Desktop/College(new)/DDIA/Labs/project/Weather-Stations-Monitoring-DDIA-Project/weather-station/src/main/java/com/weather/centralstation/ParquetArchiver.java. Using fallback presentation compiler.[0m
May 22, 2026 6:24:54 PM org.eclipse.lsp4j.jsonrpc.RemoteEndpoint handleCancellation
WARNING: Unmatched cancel notification for request id 6601
May 22, 2026 6:24:54 PM org.eclipse.lsp4j.jsonrpc.RemoteEndpoint handleCancellation
WARNING: Unmatched cancel notification for request id 6603
2026.05.22 18:24:54 INFO  no build target found for /Users/habibaelkamary/Desktop/College(new)/DDIA/Labs/project/Weather-Stations-Monitoring-DDIA-Project/weather-station/src/main/java/com/weather/centralstation/ParquetArchiver.java. Using fallback presentation compiler.[0m
2026.05.22 18:24:54 INFO  no build target found for /Users/habibaelkamary/Desktop/College(new)/DDIA/Labs/project/Weather-Stations-Monitoring-DDIA-Project/weather-station/src/main/java/com/weather/centralstation/ParquetArchiver.java. Using fallback presentation compiler.[0m
2026.05.22 18:24:54 WARN  no build target for: /Users/habibaelkamary/Desktop/College(new)/DDIA/Labs/project/Weather-Stations-Monitoring-DDIA-Project/weather-station/src/main/java/com/weather/centralstation/ParquetArchiver.java[0m
2026.05.22 18:24:54 INFO  no build target found for /Users/habibaelkamary/Desktop/College(new)/DDIA/Labs/project/Weather-Stations-Monitoring-DDIA-Project/weather-station/src/main/java/com/weather/centralstation/ParquetArchiver.java. Using fallback presentation compiler.[0m
2026.05.22 18:24:54 INFO  no build target found for /Users/habibaelkamary/Desktop/College(new)/DDIA/Labs/project/Weather-Stations-Monitoring-DDIA-Project/weather-station/src/main/java/com/weather/centralstation/ParquetArchiver.java. Using fallback presentation compiler.[0m
2026.05.22 18:28:47 INFO  no build target found for /Users/habibaelkamary/Desktop/College(new)/DDIA/Labs/project/Weather-Stations-Monitoring-DDIA-Project/weather-station/src/main/java/com/weather/centralstation/ParquetArchiver.java. Using fallback presentation compiler.[0m
May 22, 2026 6:28:47 PM org.eclipse.lsp4j.jsonrpc.RemoteEndpoint handleCancellation
WARNING: Unmatched cancel notification for request id 6618
2026.05.22 18:28:47 INFO  no build target found for /Users/habibaelkamary/Desktop/College(new)/DDIA/Labs/project/Weather-Stations-Monitoring-DDIA-Project/weather-station/src/main/java/com/weather/centralstation/ParquetArchiver.java. Using fallback presentation compiler.[0m
2026.05.22 18:28:47 INFO  no build target found for /Users/habibaelkamary/Desktop/College(new)/DDIA/Labs/project/Weather-Stations-Monitoring-DDIA-Project/weather-station/src/main/java/com/weather/centralstation/ParquetArchiver.java. Using fallback presentation compiler.[0m
2026.05.22 18:28:47 INFO  no build target found for /Users/habibaelkamary/Desktop/College(new)/DDIA/Labs/project/Weather-Stations-Monitoring-DDIA-Project/weather-station/src/main/java/com/weather/centralstation/ParquetArchiver.java. Using fallback presentation compiler.[0m
2026.05.22 18:28:47 INFO  no build target found for /Users/habibaelkamary/Desktop/College(new)/DDIA/Labs/project/Weather-Stations-Monitoring-DDIA-Project/weather-station/src/main/java/com/weather/centralstation/ParquetArchiver.java. Using fallback presentation compiler.[0m
2026.05.22 18:28:48 WARN  no build target for: /Users/habibaelkamary/Desktop/College(new)/DDIA/Labs/project/Weather-Stations-Monitoring-DDIA-Project/weather-station/src/main/java/com/weather/centralstation/ParquetArchiver.java[0m
2026.05.22 18:28:48 INFO  no build target found for /Users/habibaelkamary/Desktop/College(new)/DDIA/Labs/project/Weather-Stations-Monitoring-DDIA-Project/weather-station/src/main/java/com/weather/centralstation/ParquetArchiver.java. Using fallback presentation compiler.[0m
2026.05.22 18:37:44 INFO  no build target found for /Users/habibaelkamary/Desktop/College(new)/DDIA/Labs/project/Weather-Stations-Monitoring-DDIA-Project/weather-station/src/main/java/com/weather/centralstation/storage/SegmentManager.java. Using fallback presentation compiler.[0m
2026.05.22 18:37:45 WARN  no build target for: /Users/habibaelkamary/Desktop/College(new)/DDIA/Labs/project/Weather-Stations-Monitoring-DDIA-Project/weather-station/src/main/java/com/weather/centralstation/storage/SegmentManager.java[0m
2026.05.22 18:37:45 INFO  no build target found for /Users/habibaelkamary/Desktop/College(new)/DDIA/Labs/project/Weather-Stations-Monitoring-DDIA-Project/weather-station/src/main/java/com/weather/centralstation/storage/SegmentManager.java. Using fallback presentation compiler.[0m
May 22, 2026 6:37:45 PM org.eclipse.lsp4j.jsonrpc.RemoteEndpoint handleCancellation
WARNING: Unmatched cancel notification for request id 6638
2026.05.22 18:37:45 INFO  no build target found for /Users/habibaelkamary/Desktop/College(new)/DDIA/Labs/project/Weather-Stations-Monitoring-DDIA-Project/weather-station/src/main/java/com/weather/centralstation/storage/SegmentManager.java. Using fallback presentation compiler.[0m
2026.05.22 18:37:51 INFO  no build target found for /Users/habibaelkamary/Desktop/College(new)/DDIA/Labs/project/Weather-Stations-Monitoring-DDIA-Project/weather-station/src/main/java/com/weather/centralstation/storage/SegmentManager.java. Using fallback presentation compiler.[0m
2026.05.22 18:37:51 INFO  no build target found for /Users/habibaelkamary/Desktop/College(new)/DDIA/Labs/project/Weather-Stations-Monitoring-DDIA-Project/weather-station/src/main/java/com/weather/centralstation/CentralStation.java. Using fallback presentation compiler.[0m
May 22, 2026 6:37:52 PM org.eclipse.lsp4j.jsonrpc.RemoteEndpoint handleCancellation
WARNING: Unmatched cancel notification for request id 6651
2026.05.22 18:37:52 WARN  no build target for: /Users/habibaelkamary/Desktop/College(new)/DDIA/Labs/project/Weather-Stations-Monitoring-DDIA-Project/weather-station/src/main/java/com/weather/centralstation/CentralStation.java[0m
2026.05.22 18:37:52 INFO  no build target found for /Users/habibaelkamary/Desktop/College(new)/DDIA/Labs/project/Weather-Stations-Monitoring-DDIA-Project/weather-station/src/main/java/com/weather/centralstation/CentralStation.java. Using fallback presentation compiler.[0m
2026.05.22 18:37:57 INFO  no build target found for /Users/habibaelkamary/Desktop/College(new)/DDIA/Labs/project/Weather-Stations-Monitoring-DDIA-Project/weather-station/src/main/java/com/weather/centralstation/storage/BitCaskStore.java. Using fallback presentation compiler.[0m
2026.05.22 18:37:57 INFO  no build target found for /Users/habibaelkamary/Desktop/College(new)/DDIA/Labs/project/Weather-Stations-Monitoring-DDIA-Project/weather-station/src/main/java/com/weather/centralstation/storage/BitCaskStore.java. Using fallback presentation compiler.[0m
May 22, 2026 6:37:58 PM org.eclipse.lsp4j.jsonrpc.RemoteEndpoint handleCancellation
WARNING: Unmatched cancel notification for request id 6662
2026.05.22 18:37:57 INFO  no build target found for /Users/habibaelkamary/Desktop/College(new)/DDIA/Labs/project/Weather-Stations-Monitoring-DDIA-Project/weather-station/src/main/java/com/weather/centralstation/storage/BitCaskStore.java. Using fallback presentation compiler.[0m
2026.05.22 18:37:57 INFO  no build target found for /Users/habibaelkamary/Desktop/College(new)/DDIA/Labs/project/Weather-Stations-Monitoring-DDIA-Project/weather-station/src/main/java/com/weather/centralstation/storage/BitCaskStore.java. Using fallback presentation compiler.[0m
2026.05.22 18:37:58 INFO  no build target found for /Users/habibaelkamary/Desktop/College(new)/DDIA/Labs/project/Weather-Stations-Monitoring-DDIA-Project/weather-station/src/main/java/com/weather/centralstation/storage/BitCaskStore.java. Using fallback presentation compiler.[0m
2026.05.22 18:37:58 WARN  no build target for: /Users/habibaelkamary/Desktop/College(new)/DDIA/Labs/project/Weather-Stations-Monitoring-DDIA-Project/weather-station/src/main/java/com/weather/centralstation/storage/BitCaskStore.java[0m
2026.05.22 18:37:58 INFO  no build target found for /Users/habibaelkamary/Desktop/College(new)/DDIA/Labs/project/Weather-Stations-Monitoring-DDIA-Project/weather-station/src/main/java/com/weather/centralstation/storage/BitCaskStore.java. Using fallback presentation compiler.[0m
2026.05.22 18:38:06 INFO  no build target found for /Users/habibaelkamary/Desktop/College(new)/DDIA/Labs/project/Weather-Stations-Monitoring-DDIA-Project/weather-station/src/main/java/com/weather/centralstation/storage/BitCaskStore.java. Using fallback presentation compiler.[0m
2026.05.22 18:38:18 INFO  no build target found for /Users/habibaelkamary/Desktop/College(new)/DDIA/Labs/project/Weather-Stations-Monitoring-DDIA-Project/weather-station/src/main/java/com/weather/centralstation/ParquetArchiver.java. Using fallback presentation compiler.[0m
May 22, 2026 6:38:18 PM org.eclipse.lsp4j.jsonrpc.RemoteEndpoint handleCancellation
WARNING: Unmatched cancel notification for request id 6675
2026.05.22 18:38:18 INFO  no build target found for /Users/habibaelkamary/Desktop/College(new)/DDIA/Labs/project/Weather-Stations-Monitoring-DDIA-Project/weather-station/src/main/java/com/weather/centralstation/ParquetArchiver.java. Using fallback presentation compiler.[0m
2026.05.22 18:38:18 INFO  no build target found for /Users/habibaelkamary/Desktop/College(new)/DDIA/Labs/project/Weather-Stations-Monitoring-DDIA-Project/weather-station/src/main/java/com/weather/centralstation/ParquetArchiver.java. Using fallback presentation compiler.[0m
May 22, 2026 6:38:18 PM org.eclipse.lsp4j.jsonrpc.RemoteEndpoint handleCancellation
WARNING: Unmatched cancel notification for request id 6677
2026.05.22 18:38:18 INFO  no build target found for /Users/habibaelkamary/Desktop/College(new)/DDIA/Labs/project/Weather-Stations-Monitoring-DDIA-Project/weather-station/src/main/java/com/weather/centralstation/ParquetArchiver.java. Using fallback presentation compiler.[0m
2026.05.22 18:38:18 WARN  no build target for: /Users/habibaelkamary/Desktop/College(new)/DDIA/Labs/project/Weather-Stations-Monitoring-DDIA-Project/weather-station/src/main/java/com/weather/centralstation/ParquetArchiver.java[0m
2026.05.22 18:38:18 INFO  no build target found for /Users/habibaelkamary/Desktop/College(new)/DDIA/Labs/project/Weather-Stations-Monitoring-DDIA-Project/weather-station/src/main/java/com/weather/centralstation/ParquetArchiver.java. Using fallback presentation compiler.[0m
2026.05.22 18:38:18 INFO  no build target found for /Users/habibaelkamary/Desktop/College(new)/DDIA/Labs/project/Weather-Stations-Monitoring-DDIA-Project/weather-station/src/main/java/com/weather/centralstation/ParquetArchiver.java. Using fallback presentation compiler.[0m
2026.05.22 18:53:54 INFO  no build target found for /Users/habibaelkamary/Desktop/College(new)/DDIA/Labs/project/Weather-Stations-Monitoring-DDIA-Project/weather-station/src/main/java/com/weather/centralstation/ParquetArchiver.java. Using fallback presentation compiler.[0m
2026.05.22 18:53:56 INFO  no build target found for /Users/habibaelkamary/Desktop/College(new)/DDIA/Labs/project/Weather-Stations-Monitoring-DDIA-Project/weather-station/src/main/java/com/weather/centralstation/ParquetArchiver.java. Using fallback presentation compiler.[0m
2026.05.22 18:53:56 INFO  no build target found for /Users/habibaelkamary/Desktop/College(new)/DDIA/Labs/project/Weather-Stations-Monitoring-DDIA-Project/weather-station/src/main/java/com/weather/centralstation/ParquetArchiver.java. Using fallback presentation compiler.[0m
2026.05.22 18:53:56 INFO  no build target found for /Users/habibaelkamary/Desktop/College(new)/DDIA/Labs/project/Weather-Stations-Monitoring-DDIA-Project/weather-station/src/main/java/com/weather/centralstation/ParquetArchiver.java. Using fallback presentation compiler.[0m
2026.05.22 18:53:56 INFO  no build target found for /Users/habibaelkamary/Desktop/College(new)/DDIA/Labs/project/Weather-Stations-Monitoring-DDIA-Project/weather-station/src/main/java/com/weather/centralstation/ParquetArchiver.java. Using fallback presentation compiler.[0m
2026.05.22 18:53:57 INFO  no build target found for /Users/habibaelkamary/Desktop/College(new)/DDIA/Labs/project/Weather-Stations-Monitoring-DDIA-Project/weather-station/src/main/java/com/weather/centralstation/ParquetArchiver.java. Using fallback presentation compiler.[0m
2026.05.22 18:53:57 INFO  no build target found for /Users/habibaelkamary/Desktop/College(new)/DDIA/Labs/project/Weather-Stations-Monitoring-DDIA-Project/weather-station/src/main/java/com/weather/centralstation/ParquetArchiver.java. Using fallback presentation compiler.[0m
2026.05.22 18:53:58 INFO  no build target found for /Users/habibaelkamary/Desktop/College(new)/DDIA/Labs/project/Weather-Stations-Monitoring-DDIA-Project/weather-station/src/main/java/com/weather/centralstation/ParquetArchiver.java. Using fallback presentation compiler.[0m
2026.05.22 18:53:57 INFO  no build target found for /Users/habibaelkamary/Desktop/College(new)/DDIA/Labs/project/Weather-Stations-Monitoring-DDIA-Project/weather-station/src/main/java/com/weather/centralstation/ParquetArchiver.java. Using fallback presentation compiler.[0m
2026.05.22 18:53:59 WARN  no build target for: /Users/habibaelkamary/Desktop/College(new)/DDIA/Labs/project/Weather-Stations-Monitoring-DDIA-Project/weather-station/src/main/java/com/weather/centralstation/ParquetArchiver.java[0m
2026.05.22 18:53:59 INFO  no build target found for /Users/habibaelkamary/Desktop/College(new)/DDIA/Labs/project/Weather-Stations-Monitoring-DDIA-Project/weather-station/src/main/java/com/weather/centralstation/ParquetArchiver.java. Using fallback presentation compiler.[0m
2026.05.22 18:53:59 INFO  no build target found for /Users/habibaelkamary/Desktop/College(new)/DDIA/Labs/project/Weather-Stations-Monitoring-DDIA-Project/weather-station/src/main/java/com/weather/centralstation/ParquetArchiver.java. Using fallback presentation compiler.[0m
2026.05.22 18:54:56 INFO  no build target found for /Users/habibaelkamary/Desktop/College(new)/DDIA/Labs/project/Weather-Stations-Monitoring-DDIA-Project/weather-station/src/main/java/com/weather/centralstation/ParquetArchiver.java. Using fallback presentation compiler.[0m
2026.05.22 18:55:00 INFO  no build target found for /Users/habibaelkamary/Desktop/College(new)/DDIA/Labs/project/Weather-Stations-Monitoring-DDIA-Project/weather-station/src/main/java/com/weather/centralstation/ParquetArchiver.java. Using fallback presentation compiler.[0m
2026.05.22 18:55:02 INFO  no build target found for /Users/habibaelkamary/Desktop/College(new)/DDIA/Labs/project/Weather-Stations-Monitoring-DDIA-Project/weather-station/src/main/java/com/weather/centralstation/CentralStation.java. Using fallback presentation compiler.[0m
May 22, 2026 6:55:02 PM org.eclipse.lsp4j.jsonrpc.RemoteEndpoint handleCancellation
WARNING: Unmatched cancel notification for request id 6748
2026.05.22 18:55:02 INFO  no build target found for /Users/habibaelkamary/Desktop/College(new)/DDIA/Labs/project/Weather-Stations-Monitoring-DDIA-Project/weather-station/src/main/java/com/weather/centralstation/CentralStation.java. Using fallback presentation compiler.[0m
2026.05.22 18:55:03 WARN  no build target for: /Users/habibaelkamary/Desktop/College(new)/DDIA/Labs/project/Weather-Stations-Monitoring-DDIA-Project/weather-station/src/main/java/com/weather/centralstation/CentralStation.java[0m
2026.05.22 18:55:03 INFO  no build target found for /Users/habibaelkamary/Desktop/College(new)/DDIA/Labs/project/Weather-Stations-Monitoring-DDIA-Project/weather-station/src/main/java/com/weather/centralstation/CentralStation.java. Using fallback presentation compiler.[0m
2026.05.22 18:55:06 INFO  no build target found for /Users/habibaelkamary/Desktop/College(new)/DDIA/Labs/project/Weather-Stations-Monitoring-DDIA-Project/weather-station/src/main/java/com/weather/centralstation/ParquetArchiver.java. Using fallback presentation compiler.[0m
2026.05.22 18:55:06 INFO  no build target found for /Users/habibaelkamary/Desktop/College(new)/DDIA/Labs/project/Weather-Stations-Monitoring-DDIA-Project/weather-station/src/main/java/com/weather/centralstation/ParquetArchiver.java. Using fallback presentation compiler.[0m
2026.05.22 18:55:06 INFO  no build target found for /Users/habibaelkamary/Desktop/College(new)/DDIA/Labs/project/Weather-Stations-Monitoring-DDIA-Project/weather-station/src/main/java/com/weather/centralstation/ParquetArchiver.java. Using fallback presentation compiler.[0m
2026.05.22 18:55:07 WARN  no build target for: /Users/habibaelkamary/Desktop/College(new)/DDIA/Labs/project/Weather-Stations-Monitoring-DDIA-Project/weather-station/src/main/java/com/weather/centralstation/ParquetArchiver.java[0m
2026.05.22 18:55:07 INFO  no build target found for /Users/habibaelkamary/Desktop/College(new)/DDIA/Labs/project/Weather-Stations-Monitoring-DDIA-Project/weather-station/src/main/java/com/weather/centralstation/ParquetArchiver.java. Using fallback presentation compiler.[0m
2026.05.22 18:55:06 INFO  no build target found for /Users/habibaelkamary/Desktop/College(new)/DDIA/Labs/project/Weather-Stations-Monitoring-DDIA-Project/weather-station/src/main/java/com/weather/centralstation/ParquetArchiver.java. Using fallback presentation compiler.[0m
2026.05.22 18:55:06 INFO  no build target found for /Users/habibaelkamary/Desktop/College(new)/DDIA/Labs/project/Weather-Stations-Monitoring-DDIA-Project/weather-station/src/main/java/com/weather/centralstation/ParquetArchiver.java. Using fallback presentation compiler.[0m
2026.05.22 18:56:28 INFO  no build target found for /Users/habibaelkamary/Desktop/College(new)/DDIA/Labs/project/Weather-Stations-Monitoring-DDIA-Project/weather-station/src/main/java/com/weather/centralstation/ParquetArchiver.java. Using fallback presentation compiler.[0m
2026.05.22 18:56:50 INFO  no build target found for /Users/habibaelkamary/Desktop/College(new)/DDIA/Labs/project/Weather-Stations-Monitoring-DDIA-Project/weather-station/src/main/java/com/weather/centralstation/ParquetArchiver.java. Using fallback presentation compiler.[0m
2026.05.22 18:56:50 INFO  no build target found for /Users/habibaelkamary/Desktop/College(new)/DDIA/Labs/project/Weather-Stations-Monitoring-DDIA-Project/weather-station/src/main/java/com/weather/centralstation/ParquetArchiver.java. Using fallback presentation compiler.[0m
2026.05.22 18:56:52 INFO  no build target found for /Users/habibaelkamary/Desktop/College(new)/DDIA/Labs/project/Weather-Stations-Monitoring-DDIA-Project/weather-station/src/main/java/com/weather/centralstation/ParquetArchiver.java. Using fallback presentation compiler.[0m
2026.05.22 18:56:52 INFO  no build target found for /Users/habibaelkamary/Desktop/College(new)/DDIA/Labs/project/Weather-Stations-Monitoring-DDIA-Project/weather-station/src/main/java/com/weather/centralstation/ParquetArchiver.java. Using fallback presentation compiler.[0m
2026.05.22 18:56:52 INFO  no build target found for /Users/habibaelkamary/Desktop/College(new)/DDIA/Labs/project/Weather-Stations-Monitoring-DDIA-Project/weather-station/src/main/java/com/weather/centralstation/ParquetArchiver.java. Using fallback presentation compiler.[0m
2026.05.22 18:56:54 INFO  no build target found for /Users/habibaelkamary/Desktop/College(new)/DDIA/Labs/project/Weather-Stations-Monitoring-DDIA-Project/weather-station/src/main/java/com/weather/centralstation/ParquetArchiver.java. Using fallback presentation compiler.[0m
2026.05.22 18:56:58 INFO  no build target found for /Users/habibaelkamary/Desktop/College(new)/DDIA/Labs/project/Weather-Stations-Monitoring-DDIA-Project/weather-station/src/main/java/com/weather/centralstation/ParquetArchiver.java. Using fallback presentation compiler.[0m
May 22, 2026 6:57:00 PM org.eclipse.lsp4j.jsonrpc.RemoteEndpoint handleCancellation
WARNING: Unmatched cancel notification for request id 7063
2026.05.22 18:57:19 INFO  no build target found for /Users/habibaelkamary/Desktop/College(new)/DDIA/Labs/project/Weather-Stations-Monitoring-DDIA-Project/weather-station/src/main/java/com/weather/centralstation/ParquetArchiver.java. Using fallback presentation compiler.[0m
2026.05.22 18:58:45 INFO  no build target found for /Users/habibaelkamary/Desktop/College(new)/DDIA/Labs/project/Weather-Stations-Monitoring-DDIA-Project/weather-station/src/main/java/com/weather/centralstation/ParquetArchiver.java. Using fallback presentation compiler.[0m
2026.05.22 19:01:00 INFO  no build target found for /Users/habibaelkamary/Desktop/College(new)/DDIA/Labs/project/Weather-Stations-Monitoring-DDIA-Project/weather-station/src/main/java/com/weather/centralstation/ParquetArchiver.java. Using fallback presentation compiler.[0m
2026.05.22 19:01:04 INFO  no build target found for /Users/habibaelkamary/Desktop/College(new)/DDIA/Labs/project/Weather-Stations-Monitoring-DDIA-Project/weather-station/src/main/java/com/weather/centralstation/ParquetArchiver.java. Using fallback presentation compiler.[0m
2026.05.22 19:01:04 INFO  no build target found for /Users/habibaelkamary/Desktop/College(new)/DDIA/Labs/project/Weather-Stations-Monitoring-DDIA-Project/weather-station/src/main/java/com/weather/centralstation/ParquetArchiver.java. Using fallback presentation compiler.[0m
2026.05.22 19:01:04 INFO  no build target found for /Users/habibaelkamary/Desktop/College(new)/DDIA/Labs/project/Weather-Stations-Monitoring-DDIA-Project/weather-station/src/main/java/com/weather/centralstation/ParquetArchiver.java. Using fallback presentation compiler.[0m
2026.05.22 19:01:04 INFO  no build target found for /Users/habibaelkamary/Desktop/College(new)/DDIA/Labs/project/Weather-Stations-Monitoring-DDIA-Project/weather-station/src/main/java/com/weather/centralstation/ParquetArchiver.java. Using fallback presentation compiler.[0m
May 22, 2026 7:01:05 PM org.eclipse.lsp4j.jsonrpc.RemoteEndpoint handleCancellation
WARNING: Unmatched cancel notification for request id 7154
2026.05.22 19:01:04 INFO  no build target found for /Users/habibaelkamary/Desktop/College(new)/DDIA/Labs/project/Weather-Stations-Monitoring-DDIA-Project/weather-station/src/main/java/com/weather/centralstation/ParquetArchiver.java. Using fallback presentation compiler.[0m
2026.05.22 19:01:04 INFO  no build target found for /Users/habibaelkamary/Desktop/College(new)/DDIA/Labs/project/Weather-Stations-Monitoring-DDIA-Project/weather-station/src/main/java/com/weather/centralstation/ParquetArchiver.java. Using fallback presentation compiler.[0m
2026.05.22 19:01:05 INFO  no build target found for /Users/habibaelkamary/Desktop/College(new)/DDIA/Labs/project/Weather-Stations-Monitoring-DDIA-Project/weather-station/src/main/java/com/weather/centralstation/ParquetArchiver.java. Using fallback presentation compiler.[0m
2026.05.22 19:01:05 INFO  no build target found for /Users/habibaelkamary/Desktop/College(new)/DDIA/Labs/project/Weather-Stations-Monitoring-DDIA-Project/weather-station/src/main/java/com/weather/centralstation/ParquetArchiver.java. Using fallback presentation compiler.[0m
2026.05.22 19:01:06 WARN  no build target for: /Users/habibaelkamary/Desktop/College(new)/DDIA/Labs/project/Weather-Stations-Monitoring-DDIA-Project/weather-station/src/main/java/com/weather/centralstation/ParquetArchiver.java[0m
2026.05.22 19:01:06 INFO  no build target found for /Users/habibaelkamary/Desktop/College(new)/DDIA/Labs/project/Weather-Stations-Monitoring-DDIA-Project/weather-station/src/main/java/com/weather/centralstation/ParquetArchiver.java. Using fallback presentation compiler.[0m
2026.05.22 19:01:06 INFO  time: code lens generation in 1.48s[0m
2026.05.22 19:01:06 INFO  no build target found for /Users/habibaelkamary/Desktop/College(new)/DDIA/Labs/project/Weather-Stations-Monitoring-DDIA-Project/weather-station/src/main/java/com/weather/centralstation/ParquetArchiver.java. Using fallback presentation compiler.[0m
2026.05.22 19:01:06 INFO  no build target found for /Users/habibaelkamary/Desktop/College(new)/DDIA/Labs/project/Weather-Stations-Monitoring-DDIA-Project/weather-station/src/main/java/com/weather/centralstation/ParquetArchiver.java. Using fallback presentation compiler.[0m
May 22, 2026 7:01:06 PM org.eclipse.lsp4j.jsonrpc.RemoteEndpoint handleCancellation
WARNING: Unmatched cancel notification for request id 7167
2026.05.22 19:01:10 INFO  no build target found for /Users/habibaelkamary/Desktop/College(new)/DDIA/Labs/project/Weather-Stations-Monitoring-DDIA-Project/weather-station/src/main/java/com/weather/centralstation/ParquetArchiver.java. Using fallback presentation compiler.[0m
2026.05.22 19:03:43 INFO  no build target found for /Users/habibaelkamary/Desktop/College(new)/DDIA/Labs/project/Weather-Stations-Monitoring-DDIA-Project/weather-station/src/main/java/com/weather/centralstation/storage/SegmentManager.java. Using fallback presentation compiler.[0m
2026.05.22 19:04:23 INFO  no build target found for /Users/habibaelkamary/Desktop/College(new)/DDIA/Labs/project/Weather-Stations-Monitoring-DDIA-Project/weather-station/src/main/java/com/weather/centralstation/ParquetArchiver.java. Using fallback presentation compiler.[0m
2026.05.22 19:04:23 INFO  no build target found for /Users/habibaelkamary/Desktop/College(new)/DDIA/Labs/project/Weather-Stations-Monitoring-DDIA-Project/weather-station/src/main/java/com/weather/centralstation/ParquetArchiver.java. Using fallback presentation compiler.[0m
2026.05.22 19:04:23 WARN  no build target for: /Users/habibaelkamary/Desktop/College(new)/DDIA/Labs/project/Weather-Stations-Monitoring-DDIA-Project/weather-station/src/main/java/com/weather/centralstation/ParquetArchiver.java[0m
May 22, 2026 7:04:24 PM org.eclipse.lsp4j.jsonrpc.RemoteEndpoint handleCancellation
WARNING: Unmatched cancel notification for request id 7176
2026.05.22 19:04:23 INFO  no build target found for /Users/habibaelkamary/Desktop/College(new)/DDIA/Labs/project/Weather-Stations-Monitoring-DDIA-Project/weather-station/src/main/java/com/weather/centralstation/ParquetArchiver.java. Using fallback presentation compiler.[0m
2026.05.22 19:04:23 INFO  no build target found for /Users/habibaelkamary/Desktop/College(new)/DDIA/Labs/project/Weather-Stations-Monitoring-DDIA-Project/weather-station/src/main/java/com/weather/centralstation/ParquetArchiver.java. Using fallback presentation compiler.[0m
May 22, 2026 7:04:24 PM org.eclipse.lsp4j.jsonrpc.RemoteEndpoint handleCancellation
WARNING: Unmatched cancel notification for request id 7175
May 22, 2026 7:04:24 PM org.eclipse.lsp4j.jsonrpc.RemoteEndpoint handleCancellation
WARNING: Unmatched cancel notification for request id 7178
2026.05.22 19:04:23 INFO  no build target found for /Users/habibaelkamary/Desktop/College(new)/DDIA/Labs/project/Weather-Stations-Monitoring-DDIA-Project/weather-station/src/main/java/com/weather/centralstation/ParquetArchiver.java. Using fallback presentation compiler.[0m
2026.05.22 19:04:24 INFO  no build target found for /Users/habibaelkamary/Desktop/College(new)/DDIA/Labs/project/Weather-Stations-Monitoring-DDIA-Project/weather-station/src/main/java/com/weather/centralstation/ParquetArchiver.java. Using fallback presentation compiler.[0m
2026.05.22 19:04:23 INFO  no build target found for /Users/habibaelkamary/Desktop/College(new)/DDIA/Labs/project/Weather-Stations-Monitoring-DDIA-Project/weather-station/src/main/java/com/weather/centralstation/ParquetArchiver.java. Using fallback presentation compiler.[0m
May 22, 2026 7:04:24 PM org.eclipse.lsp4j.jsonrpc.RemoteEndpoint handleCancellation
WARNING: Unmatched cancel notification for request id 7180
2026.05.22 19:04:23 INFO  no build target found for /Users/habibaelkamary/Desktop/College(new)/DDIA/Labs/project/Weather-Stations-Monitoring-DDIA-Project/weather-station/src/main/java/com/weather/centralstation/ParquetArchiver.java. Using fallback presentation compiler.[0m
2026.05.22 19:04:24 INFO  no build target found for /Users/habibaelkamary/Desktop/College(new)/DDIA/Labs/project/Weather-Stations-Monitoring-DDIA-Project/weather-station/src/main/java/com/weather/centralstation/ParquetArchiver.java. Using fallback presentation compiler.[0m
2026.05.22 19:04:24 INFO  no build target found for /Users/habibaelkamary/Desktop/College(new)/DDIA/Labs/project/Weather-Stations-Monitoring-DDIA-Project/weather-station/src/main/java/com/weather/centralstation/ParquetArchiver.java. Using fallback presentation compiler.[0m
May 22, 2026 7:04:25 PM org.eclipse.lsp4j.jsonrpc.RemoteEndpoint handleCancellation
WARNING: Unmatched cancel notification for request id 7188
May 22, 2026 7:05:26 PM org.eclipse.lsp4j.jsonrpc.services.GenericEndpoint notify
INFO: Unsupported notification method: $/setTrace
May 22, 2026 7:05:26 PM org.eclipse.lsp4j.jsonrpc.services.GenericEndpoint notify
INFO: Unsupported notification method: $/setTrace
2026.05.22 19:05:35 INFO  no build target found for /Users/habibaelkamary/Desktop/College(new)/DDIA/Labs/project/Weather-Stations-Monitoring-DDIA-Project/weather-station/src/main/java/com/weather/centralstation/ParquetArchiver.java. Using fallback presentation compiler.[0m
2026.05.22 19:05:35 INFO  no build target found for /Users/habibaelkamary/Desktop/College(new)/DDIA/Labs/project/Weather-Stations-Monitoring-DDIA-Project/weather-station/src/main/java/com/weather/centralstation/ParquetArchiver.java. Using fallback presentation compiler.[0m
2026.05.22 19:05:36 WARN  no build target for: /Users/habibaelkamary/Desktop/College(new)/DDIA/Labs/project/Weather-Stations-Monitoring-DDIA-Project/weather-station/src/main/java/com/weather/centralstation/ParquetArchiver.java[0m
May 22, 2026 7:05:36 PM org.eclipse.lsp4j.jsonrpc.RemoteEndpoint handleCancellation
WARNING: Unmatched cancel notification for request id 7192
2026.05.22 19:05:36 INFO  no build target found for /Users/habibaelkamary/Desktop/College(new)/DDIA/Labs/project/Weather-Stations-Monitoring-DDIA-Project/weather-station/src/main/java/com/weather/centralstation/ParquetArchiver.java. Using fallback presentation compiler.[0m
2026.05.22 19:05:36 INFO  no build target found for /Users/habibaelkamary/Desktop/College(new)/DDIA/Labs/project/Weather-Stations-Monitoring-DDIA-Project/weather-station/src/main/java/com/weather/centralstation/ParquetArchiver.java. Using fallback presentation compiler.[0m
May 22, 2026 7:05:37 PM org.eclipse.lsp4j.jsonrpc.RemoteEndpoint handleCancellation
WARNING: Unmatched cancel notification for request id 7191
May 22, 2026 7:05:37 PM org.eclipse.lsp4j.jsonrpc.RemoteEndpoint handleCancellation
WARNING: Unmatched cancel notification for request id 7194
2026.05.22 19:05:36 INFO  no build target found for /Users/habibaelkamary/Desktop/College(new)/DDIA/Labs/project/Weather-Stations-Monitoring-DDIA-Project/weather-station/src/main/java/com/weather/centralstation/ParquetArchiver.java. Using fallback presentation compiler.[0m
2026.05.22 19:05:37 INFO  no build target found for /Users/habibaelkamary/Desktop/College(new)/DDIA/Labs/project/Weather-Stations-Monitoring-DDIA-Project/weather-station/src/main/java/com/weather/centralstation/ParquetArchiver.java. Using fallback presentation compiler.[0m
May 22, 2026 7:05:37 PM org.eclipse.lsp4j.jsonrpc.RemoteEndpoint handleCancellation
WARNING: Unmatched cancel notification for request id 7196
2026.05.22 19:05:36 INFO  no build target found for /Users/habibaelkamary/Desktop/College(new)/DDIA/Labs/project/Weather-Stations-Monitoring-DDIA-Project/weather-station/src/main/java/com/weather/centralstation/ParquetArchiver.java. Using fallback presentation compiler.[0m
2026.05.22 19:05:36 INFO  no build target found for /Users/habibaelkamary/Desktop/College(new)/DDIA/Labs/project/Weather-Stations-Monitoring-DDIA-Project/weather-station/src/main/java/com/weather/centralstation/ParquetArchiver.java. Using fallback presentation compiler.[0m
May 22, 2026 7:05:37 PM org.eclipse.lsp4j.jsonrpc.RemoteEndpoint handleCancellation
WARNING: Unmatched cancel notification for request id 7195
2026.05.22 19:05:38 INFO  no build target found for /Users/habibaelkamary/Desktop/College(new)/DDIA/Labs/project/Weather-Stations-Monitoring-DDIA-Project/weather-station/src/main/java/com/weather/centralstation/ParquetArchiver.java. Using fallback presentation compiler.[0m
2026.05.22 19:05:48 INFO  no build target found for /Users/habibaelkamary/Desktop/College(new)/DDIA/Labs/project/Weather-Stations-Monitoring-DDIA-Project/weather-station/src/main/java/com/weather/centralstation/ParquetArchiver.java. Using fallback presentation compiler.[0m
2026.05.22 19:05:48 INFO  no build target found for /Users/habibaelkamary/Desktop/College(new)/DDIA/Labs/project/Weather-Stations-Monitoring-DDIA-Project/weather-station/src/main/java/com/weather/centralstation/ParquetArchiver.java. Using fallback presentation compiler.[0m
2026.05.22 19:05:48 WARN  no build target for: /Users/habibaelkamary/Desktop/College(new)/DDIA/Labs/project/Weather-Stations-Monitoring-DDIA-Project/weather-station/src/main/java/com/weather/centralstation/ParquetArchiver.java[0m
2026.05.22 19:05:48 INFO  no build target found for /Users/habibaelkamary/Desktop/College(new)/DDIA/Labs/project/Weather-Stations-Monitoring-DDIA-Project/weather-station/src/main/java/com/weather/centralstation/ParquetArchiver.java. Using fallback presentation compiler.[0m
May 22, 2026 7:05:49 PM org.eclipse.lsp4j.jsonrpc.RemoteEndpoint handleCancellation
WARNING: Unmatched cancel notification for request id 7205
May 22, 2026 7:05:49 PM org.eclipse.lsp4j.jsonrpc.RemoteEndpoint handleCancellation
WARNING: Unmatched cancel notification for request id 7207
2026.05.22 19:05:48 INFO  no build target found for /Users/habibaelkamary/Desktop/College(new)/DDIA/Labs/project/Weather-Stations-Monitoring-DDIA-Project/weather-station/src/main/java/com/weather/centralstation/ParquetArchiver.java. Using fallback presentation compiler.[0m
2026.05.22 19:05:49 INFO  no build target found for /Users/habibaelkamary/Desktop/College(new)/DDIA/Labs/project/Weather-Stations-Monitoring-DDIA-Project/weather-station/src/main/java/com/weather/centralstation/ParquetArchiver.java. Using fallback presentation compiler.[0m
May 22, 2026 7:05:49 PM org.eclipse.lsp4j.jsonrpc.RemoteEndpoint handleCancellation
WARNING: Unmatched cancel notification for request id 7208
2026.05.22 19:05:48 INFO  no build target found for /Users/habibaelkamary/Desktop/College(new)/DDIA/Labs/project/Weather-Stations-Monitoring-DDIA-Project/weather-station/src/main/java/com/weather/centralstation/ParquetArchiver.java. Using fallback presentation compiler.[0m
2026.05.22 19:05:49 INFO  no build target found for /Users/habibaelkamary/Desktop/College(new)/DDIA/Labs/project/Weather-Stations-Monitoring-DDIA-Project/weather-station/src/main/java/com/weather/centralstation/ParquetArchiver.java. Using fallback presentation compiler.[0m
2026.05.22 19:08:56 INFO  no build target found for /Users/habibaelkamary/Desktop/College(new)/DDIA/Labs/project/Weather-Stations-Monitoring-DDIA-Project/weather-station/src/main/java/com/weather/centralstation/ParquetArchiver.java. Using fallback presentation compiler.[0m
2026.05.22 23:33:51 INFO  no build target found for /Users/habibaelkamary/Desktop/College(new)/DDIA/Labs/project/Weather-Stations-Monitoring-DDIA-Project/weather-station/src/main/java/com/weather/centralstation/storage/BitCaskStore.java. Using fallback presentation compiler.[0m
2026.05.22 23:33:51 INFO  no build target found for /Users/habibaelkamary/Desktop/College(new)/DDIA/Labs/project/Weather-Stations-Monitoring-DDIA-Project/weather-station/src/main/java/com/weather/centralstation/storage/BitCaskStore.java. Using fallback presentation compiler.[0m
May 22, 2026 11:33:51 PM org.eclipse.lsp4j.jsonrpc.RemoteEndpoint handleCancellation
WARNING: Unmatched cancel notification for request id 7218
2026.05.22 23:33:51 INFO  no build target found for /Users/habibaelkamary/Desktop/College(new)/DDIA/Labs/project/Weather-Stations-Monitoring-DDIA-Project/weather-station/src/main/java/com/weather/centralstation/storage/BitCaskStore.java. Using fallback presentation compiler.[0m
May 22, 2026 11:33:51 PM org.eclipse.lsp4j.jsonrpc.RemoteEndpoint handleCancellation
WARNING: Unmatched cancel notification for request id 7220
2026.05.22 23:33:51 INFO  no build target found for /Users/habibaelkamary/Desktop/College(new)/DDIA/Labs/project/Weather-Stations-Monitoring-DDIA-Project/weather-station/src/main/java/com/weather/centralstation/storage/BitCaskStore.java. Using fallback presentation compiler.[0m
2026.05.22 23:33:51 INFO  no build target found for /Users/habibaelkamary/Desktop/College(new)/DDIA/Labs/project/Weather-Stations-Monitoring-DDIA-Project/weather-station/src/main/java/com/weather/centralstation/storage/BitCaskStore.java. Using fallback presentation compiler.[0m
2026.05.22 23:33:52 WARN  no build target for: /Users/habibaelkamary/Desktop/College(new)/DDIA/Labs/project/Weather-Stations-Monitoring-DDIA-Project/weather-station/src/main/java/com/weather/centralstation/storage/BitCaskStore.java[0m
2026.05.22 23:33:51 INFO  no build target found for /Users/habibaelkamary/Desktop/College(new)/DDIA/Labs/project/Weather-Stations-Monitoring-DDIA-Project/weather-station/src/main/java/com/weather/centralstation/storage/BitCaskStore.java. Using fallback presentation compiler.[0m
2026.05.22 23:33:51 INFO  no build target found for /Users/habibaelkamary/Desktop/College(new)/DDIA/Labs/project/Weather-Stations-Monitoring-DDIA-Project/weather-station/src/main/java/com/weather/centralstation/storage/BitCaskStore.java. Using fallback presentation compiler.[0m
2026.05.23 00:13:42 INFO  no build target found for /Users/habibaelkamary/Desktop/College(new)/DDIA/Labs/project/Weather-Stations-Monitoring-DDIA-Project/weather-station/src/main/java/com/weather/centralstation/CentralStation.java. Using fallback presentation compiler.[0m
2026.05.23 00:14:09 INFO  no build target found for /Users/habibaelkamary/Desktop/College(new)/DDIA/Labs/project/Weather-Stations-Monitoring-DDIA-Project/weather-station/src/main/java/com/weather/centralstation/ElasticIndexer.java. Using fallback presentation compiler.[0m
2026.05.23 00:14:10 WARN  no build target for: /Users/habibaelkamary/Desktop/College(new)/DDIA/Labs/project/Weather-Stations-Monitoring-DDIA-Project/weather-station/src/main/java/com/weather/centralstation/ElasticIndexer.java[0m
2026.05.23 00:14:10 INFO  no build target found for /Users/habibaelkamary/Desktop/College(new)/DDIA/Labs/project/Weather-Stations-Monitoring-DDIA-Project/weather-station/src/main/java/com/weather/centralstation/ElasticIndexer.java. Using fallback presentation compiler.[0m
2026.05.23 00:14:09 INFO  no build target found for /Users/habibaelkamary/Desktop/College(new)/DDIA/Labs/project/Weather-Stations-Monitoring-DDIA-Project/weather-station/src/main/java/com/weather/centralstation/ElasticIndexer.java. Using fallback presentation compiler.[0m
May 23, 2026 12:14:10 AM org.eclipse.lsp4j.jsonrpc.RemoteEndpoint handleCancellation
WARNING: Unmatched cancel notification for request id 7228
2026.05.23 00:14:11 INFO  no build target found for /Users/habibaelkamary/Desktop/College(new)/DDIA/Labs/project/Weather-Stations-Monitoring-DDIA-Project/weather-station/src/main/java/com/weather/centralstation/ElasticIndexer.java. Using fallback presentation compiler.[0m
2026.05.23 00:14:11 INFO  no build target found for /Users/habibaelkamary/Desktop/College(new)/DDIA/Labs/project/Weather-Stations-Monitoring-DDIA-Project/weather-station/src/main/java/com/weather/centralstation/ElasticIndexer.java. Using fallback presentation compiler.[0m
2026.05.23 00:14:11 INFO  time: code lens generation in 1.27s[0m
2026.05.23 00:14:11 INFO  no build target found for /Users/habibaelkamary/Desktop/College(new)/DDIA/Labs/project/Weather-Stations-Monitoring-DDIA-Project/weather-station/src/main/java/com/weather/centralstation/ElasticIndexer.java. Using fallback presentation compiler.[0m
2026.05.23 00:14:20 INFO  no build target found for /Users/habibaelkamary/Desktop/College(new)/DDIA/Labs/project/Weather-Stations-Monitoring-DDIA-Project/weather-station/src/main/java/com/weather/centralstation/ElasticIndexer.java. Using fallback presentation compiler.[0m
2026.05.23 00:14:22 INFO  no build target found for /Users/habibaelkamary/Desktop/College(new)/DDIA/Labs/project/Weather-Stations-Monitoring-DDIA-Project/weather-station/src/main/java/com/weather/centralstation/ElasticIndexer.java. Using fallback presentation compiler.[0m
2026.05.23 00:47:27 INFO  no build target found for /Users/habibaelkamary/Desktop/College(new)/DDIA/Labs/project/Weather-Stations-Monitoring-DDIA-Project/weather-station/src/main/java/com/weather/centralstation/CentralStation.java. Using fallback presentation compiler.[0m
2026.05.23 00:47:28 INFO  no build target found for /Users/habibaelkamary/Desktop/College(new)/DDIA/Labs/project/Weather-Stations-Monitoring-DDIA-Project/weather-station/src/main/java/com/weather/centralstation/ParquetArchiver.java. Using fallback presentation compiler.[0m
2026.05.23 01:30:05 INFO  Shutting down server[0m
2026.05.23 01:30:05 INFO  Memory monitor stopped[0m
2026.05.23 01:30:05 INFO  shutting down Metals[0m
2026.05.23 01:30:06 INFO  Shut down connection with build server.[0m
2026.05.23 01:30:06 INFO  Exiting server[0m
2026.05.23 02:31:43 INFO  Started: Metals version 1.6.7 in folders '/Users/habibaelkamary/Desktop/College(new)/DDIA/Labs/project/Weather-Stations-Monitoring-DDIA-Project' for client Visual Studio Code 1.120.0.
2026.05.23 02:31:43 INFO  Memory monitor started
2026.05.23 02:31:45 WARN  Using H2 2.4.240 which is newer than the version Flyway has been verified with. The latest verified version of H2 is 2.3.232.
2026.05.23 02:31:46 INFO  no build target found for /Users/habibaelkamary/Desktop/College(new)/DDIA/Labs/project/Weather-Stations-Monitoring-DDIA-Project/weather-station/src/main/java/com/weather/centralstation/CentralStation.java. Using fallback presentation compiler.
2026.05.23 02:31:47 INFO  Attempting to connect to the build server...
2026.05.23 02:31:47 INFO  No running Bloop server found, starting one.
2026.05.23 02:31:55 INFO  Starting compilation server
2026.05.23 02:31:56 INFO  no build target found for /Users/habibaelkamary/Desktop/College(new)/DDIA/Labs/project/Weather-Stations-Monitoring-DDIA-Project/weather-station/src/main/java/com/weather/centralstation/CentralStation.java. Using fallback presentation compiler.
2026.05.23 02:31:59 INFO  no build target found for /Users/habibaelkamary/Desktop/College(new)/DDIA/Labs/project/Weather-Stations-Monitoring-DDIA-Project/weather-station/src/main/java/com/weather/centralstation/CentralStation.java. Using fallback presentation compiler.
2026.05.23 02:31:59 INFO  no build target found for /Users/habibaelkamary/Desktop/College(new)/DDIA/Labs/project/Weather-Stations-Monitoring-DDIA-Project/weather-station/src/main/java/com/weather/centralstation/CentralStation.java. Using fallback presentation compiler.
2026.05.23 02:31:59 INFO  no build target found for /Users/habibaelkamary/Desktop/College(new)/DDIA/Labs/project/Weather-Stations-Monitoring-DDIA-Project/weather-station/src/main/java/com/weather/centralstation/CentralStation.java. Using fallback presentation compiler.
May 23, 2026 2:31:59 AM org.eclipse.lsp4j.jsonrpc.RemoteEndpoint handleCancellation
WARNING: Unmatched cancel notification for request id 9
2026.05.23 02:31:59 INFO  no build target found for /Users/habibaelkamary/Desktop/College(new)/DDIA/Labs/project/Weather-Stations-Monitoring-DDIA-Project/weather-station/src/main/java/com/weather/centralstation/CentralStation.java. Using fallback presentation compiler.
2026.05.23 02:32:00 INFO  tracing is disabled for protocol BSP, to enable tracing of incoming and outgoing JSON messages create an empty file at /Users/habibaelkamary/Desktop/College(new)/DDIA/Labs/project/Weather-Stations-Monitoring-DDIA-Project/.metals/bsp.trace.json or /Users/habibaelkamary/Library/Caches/org.scalameta.metals/bsp.trace.json
May 23, 2026 2:32:01 AM org.eclipse.lsp4j.jsonrpc.RemoteEndpoint handleCancellation
WARNING: Unmatched cancel notification for request id 11
2026.05.23 02:32:01 INFO  no build target found for /Users/habibaelkamary/Desktop/College(new)/DDIA/Labs/project/Weather-Stations-Monitoring-DDIA-Project/weather-station/src/main/java/com/weather/centralstation/CentralStation.java. Using fallback presentation compiler.
2026.05.23 02:32:01 INFO  no build target found for /Users/habibaelkamary/Desktop/College(new)/DDIA/Labs/project/Weather-Stations-Monitoring-DDIA-Project/weather-station/src/main/java/com/weather/centralstation/CentralStation.java. Using fallback presentation compiler.
May 23, 2026 2:32:01 AM org.eclipse.lsp4j.jsonrpc.RemoteEndpoint handleCancellation
WARNING: Unmatched cancel notification for request id 12
2026.05.23 02:32:04 INFO  time: Connected to build server in 17s
2026.05.23 02:32:04 INFO  Connected to Build server: Bloop v2.0.19
2026.05.23 02:32:04 INFO  time: Imported build in 0.44s
2026.05.23 02:32:13 WARN  Using H2 2.4.240 which is newer than the version Flyway has been verified with. The latest verified version of H2 is 2.3.232.
2026.05.23 02:32:15 INFO  time: indexed workspace in 9.68s
2026.05.23 02:32:15 WARN  no build target for: /Users/habibaelkamary/Desktop/College(new)/DDIA/Labs/project/Weather-Stations-Monitoring-DDIA-Project/weather-station/src/main/java/com/weather/centralstation/CentralStation.java
2026.05.23 02:32:15 INFO  no build target found for /Users/habibaelkamary/Desktop/College(new)/DDIA/Labs/project/Weather-Stations-Monitoring-DDIA-Project/weather-station/src/main/java/com/weather/centralstation/CentralStation.java. Using fallback presentation compiler.
2026.05.23 02:32:15 WARN  no build target for: /Users/habibaelkamary/Desktop/College(new)/DDIA/Labs/project/Weather-Stations-Monitoring-DDIA-Project/weather-station/src/main/java/com/weather/centralstation/CentralStation.java
2026.05.23 02:32:16 INFO  time: code lens generation in 1.09s
2026.05.23 02:32:17 INFO  no build target found for /Users/habibaelkamary/Desktop/College(new)/DDIA/Labs/project/Weather-Stations-Monitoring-DDIA-Project/weather-station/src/main/java/com/weather/centralstation/CentralStation.java. Using fallback presentation compiler.
2026.05.23 02:38:20 INFO  no build target found for /Users/habibaelkamary/Desktop/College(new)/DDIA/Labs/project/Weather-Stations-Monitoring-DDIA-Project/weather-station/src/main/java/com/weather/centralstation/CentralStation.java. Using fallback presentation compiler.
May 23, 2026 2:38:20 AM org.eclipse.lsp4j.jsonrpc.RemoteEndpoint handleCancellation
WARNING: Unmatched cancel notification for request id 23
2026.05.23 02:38:23 INFO  Shutting down server
2026.05.23 02:38:23 INFO  Memory monitor stopped
2026.05.23 02:38:23 INFO  shutting down Metals
2026.05.23 02:38:23 INFO  Shut down connection with build server.
2026.05.23 02:38:23 INFO  Exiting server
2026.05.23 02:54:04 INFO  Started: Metals version 1.6.7 in folders '/Users/habibaelkamary/Desktop/College(new)/DDIA/Labs/project/Weather-Stations-Monitoring-DDIA-Project' for client Visual Studio Code 1.121.0.[0m
2026.05.23 02:54:04 INFO  Memory monitor started[0m
2026.05.23 02:54:06 WARN  Using H2 2.4.240 which is newer than the version Flyway has been verified with. The latest verified version of H2 is 2.3.232.[0m
2026.05.23 02:54:07 INFO  Attempting to connect to the build server...[0m
2026.05.23 02:54:07 INFO  Found a Bloop server running[0m
2026.05.23 02:54:07 INFO  tracing is disabled for protocol BSP, to enable tracing of incoming and outgoing JSON messages create an empty file at /Users/habibaelkamary/Desktop/College(new)/DDIA/Labs/project/Weather-Stations-Monitoring-DDIA-Project/.metals/bsp.trace.json or /Users/habibaelkamary/Library/Caches/org.scalameta.metals/bsp.trace.json[0m
2026.05.23 02:54:08 INFO  time: Connected to build server in 1.6s[0m
2026.05.23 02:54:08 INFO  Connected to Build server: Bloop v2.0.19[0m
2026.05.23 02:54:09 INFO  time: Imported build in 0.23s[0m
2026.05.23 02:54:15 WARN  Using H2 2.4.240 which is newer than the version Flyway has been verified with. The latest verified version of H2 is 2.3.232.[0m
2026.05.23 02:54:16 INFO  time: indexed workspace in 7.52s[0m
2026.05.23 02:54:17 WARN  no build target for: /Users/habibaelkamary/Desktop/College(new)/DDIA/Labs/project/Weather-Stations-Monitoring-DDIA-Project/weather-station/src/main/java/com/weather/centralstation/CentralStation.java[0m
2026.05.23 02:54:17 WARN  no build target for: /Users/habibaelkamary/Desktop/College(new)/DDIA/Labs/project/Weather-Stations-Monitoring-DDIA-Project/weather-station/src/main/java/com/weather/centralstation/CentralStation.java[0m
2026.05.23 03:02:06 INFO  no build target found for /Users/habibaelkamary/Desktop/College(new)/DDIA/Labs/project/Weather-Stations-Monitoring-DDIA-Project/weather-station/src/main/java/com/weather/centralstation/CentralStation.java. Using fallback presentation compiler.[0m
May 23, 2026 3:02:07 AM org.eclipse.lsp4j.jsonrpc.RemoteEndpoint handleCancellation
WARNING: Unmatched cancel notification for request id 1
May 23, 2026 3:02:07 AM org.eclipse.lsp4j.jsonrpc.RemoteEndpoint handleCancellation
WARNING: Unmatched cancel notification for request id 3
2026.05.23 03:02:07 INFO  no build target found for /Users/habibaelkamary/Desktop/College(new)/DDIA/Labs/project/Weather-Stations-Monitoring-DDIA-Project/weather-station/src/main/java/com/weather/centralstation/CentralStation.java. Using fallback presentation compiler.[0m
2026.05.23 03:02:07 WARN  no build target for: /Users/habibaelkamary/Desktop/College(new)/DDIA/Labs/project/Weather-Stations-Monitoring-DDIA-Project/weather-station/src/main/java/com/weather/centralstation/CentralStation.java[0m
2026.05.23 03:02:07 INFO  no build target found for /Users/habibaelkamary/Desktop/College(new)/DDIA/Labs/project/Weather-Stations-Monitoring-DDIA-Project/weather-station/src/main/java/com/weather/centralstation/CentralStation.java. Using fallback presentation compiler.[0m
2026.05.23 03:02:15 INFO  no build target found for /Users/habibaelkamary/Desktop/College(new)/DDIA/Labs/project/Weather-Stations-Monitoring-DDIA-Project/weather-station/src/main/java/com/weather/centralstation/CentralStation.java. Using fallback presentation compiler.[0m
2026.05.23 04:47:06 INFO  no build target found for /Users/habibaelkamary/Desktop/College(new)/DDIA/Labs/project/Weather-Stations-Monitoring-DDIA-Project/weather-station/src/main/java/com/weather/centralstation/ParquetArchiver.java. Using fallback presentation compiler.[0m
2026.05.23 04:47:06 WARN  no build target for: /Users/habibaelkamary/Desktop/College(new)/DDIA/Labs/project/Weather-Stations-Monitoring-DDIA-Project/weather-station/src/main/java/com/weather/centralstation/ParquetArchiver.java[0m
2026.05.23 04:47:06 INFO  no build target found for /Users/habibaelkamary/Desktop/College(new)/DDIA/Labs/project/Weather-Stations-Monitoring-DDIA-Project/weather-station/src/main/java/com/weather/centralstation/ParquetArchiver.java. Using fallback presentation compiler.[0m
May 23, 2026 4:47:06 AM org.eclipse.lsp4j.jsonrpc.RemoteEndpoint handleCancellation
WARNING: Unmatched cancel notification for request id 12
2026.05.23 04:47:06 INFO  no build target found for /Users/habibaelkamary/Desktop/College(new)/DDIA/Labs/project/Weather-Stations-Monitoring-DDIA-Project/weather-station/src/main/java/com/weather/centralstation/ParquetArchiver.java. Using fallback presentation compiler.[0m
2026.05.23 04:47:06 INFO  no build target found for /Users/habibaelkamary/Desktop/College(new)/DDIA/Labs/project/Weather-Stations-Monitoring-DDIA-Project/weather-station/src/main/java/com/weather/centralstation/ParquetArchiver.java. Using fallback presentation compiler.[0m
May 23, 2026 4:47:06 AM org.eclipse.lsp4j.jsonrpc.RemoteEndpoint handleCancellation
WARNING: Unmatched cancel notification for request id 16
2026.05.23 04:47:06 INFO  no build target found for /Users/habibaelkamary/Desktop/College(new)/DDIA/Labs/project/Weather-Stations-Monitoring-DDIA-Project/weather-station/src/main/java/com/weather/centralstation/ParquetArchiver.java. Using fallback presentation compiler.[0m
2026.05.23 04:47:07 INFO  no build target found for /Users/habibaelkamary/Desktop/College(new)/DDIA/Labs/project/Weather-Stations-Monitoring-DDIA-Project/weather-station/src/main/java/com/weather/centralstation/ParquetArchiver.java. Using fallback presentation compiler.[0m
May 23, 2026 4:47:07 AM org.eclipse.lsp4j.jsonrpc.RemoteEndpoint handleCancellation
WARNING: Unmatched cancel notification for request id 21
2026.05.23 04:47:07 INFO  no build target found for /Users/habibaelkamary/Desktop/College(new)/DDIA/Labs/project/Weather-Stations-Monitoring-DDIA-Project/weather-station/src/main/java/com/weather/centralstation/ParquetArchiver.java. Using fallback presentation compiler.[0m
2026.05.23 04:47:08 INFO  time: code lens generation in 1.27s[0m
2026.05.23 04:47:08 INFO  no build target found for /Users/habibaelkamary/Desktop/College(new)/DDIA/Labs/project/Weather-Stations-Monitoring-DDIA-Project/weather-station/src/main/java/com/weather/centralstation/ParquetArchiver.java. Using fallback presentation compiler.[0m
2026.05.23 04:47:08 INFO  no build target found for /Users/habibaelkamary/Desktop/College(new)/DDIA/Labs/project/Weather-Stations-Monitoring-DDIA-Project/weather-station/src/main/java/com/weather/centralstation/ParquetArchiver.java. Using fallback presentation compiler.[0m
2026.05.23 04:47:10 INFO  no build target found for /Users/habibaelkamary/Desktop/College(new)/DDIA/Labs/project/Weather-Stations-Monitoring-DDIA-Project/weather-station/src/main/java/com/weather/centralstation/ParquetArchiver.java. Using fallback presentation compiler.[0m
2026.05.23 04:47:53 INFO  no build target found for /Users/habibaelkamary/Desktop/College(new)/DDIA/Labs/project/Weather-Stations-Monitoring-DDIA-Project/weather-station/src/main/java/com/weather/centralstation/ParquetArchiver.java. Using fallback presentation compiler.[0m
May 23, 2026 4:47:53 AM org.eclipse.lsp4j.jsonrpc.RemoteEndpoint handleCancellation
WARNING: Unmatched cancel notification for request id 34
2026.05.23 04:47:53 INFO  no build target found for /Users/habibaelkamary/Desktop/College(new)/DDIA/Labs/project/Weather-Stations-Monitoring-DDIA-Project/weather-station/src/main/java/com/weather/centralstation/ParquetArchiver.java. Using fallback presentation compiler.[0m
2026.05.23 04:47:54 INFO  no build target found for /Users/habibaelkamary/Desktop/College(new)/DDIA/Labs/project/Weather-Stations-Monitoring-DDIA-Project/weather-station/src/main/java/com/weather/centralstation/ParquetArchiver.java. Using fallback presentation compiler.[0m
2026.05.23 04:47:54 INFO  no build target found for /Users/habibaelkamary/Desktop/College(new)/DDIA/Labs/project/Weather-Stations-Monitoring-DDIA-Project/weather-station/src/main/java/com/weather/centralstation/ParquetArchiver.java. Using fallback presentation compiler.[0m
2026.05.23 04:47:56 INFO  no build target found for /Users/habibaelkamary/Desktop/College(new)/DDIA/Labs/project/Weather-Stations-Monitoring-DDIA-Project/weather-station/src/main/java/com/weather/centralstation/ParquetArchiver.java. Using fallback presentation compiler.[0m
2026.05.23 04:53:01 INFO  no build target found for /Users/habibaelkamary/Desktop/College(new)/DDIA/Labs/project/Weather-Stations-Monitoring-DDIA-Project/weather-station/src/main/java/com/weather/centralstation/ParquetArchiver.java. Using fallback presentation compiler.[0m
May 23, 2026 4:53:01 AM org.eclipse.lsp4j.jsonrpc.RemoteEndpoint handleCancellation
WARNING: Unmatched cancel notification for request id 40
2026.05.23 04:53:01 INFO  no build target found for /Users/habibaelkamary/Desktop/College(new)/DDIA/Labs/project/Weather-Stations-Monitoring-DDIA-Project/weather-station/src/main/java/com/weather/centralstation/ParquetArchiver.java. Using fallback presentation compiler.[0m
May 23, 2026 4:53:01 AM org.eclipse.lsp4j.jsonrpc.RemoteEndpoint handleCancellation
WARNING: Unmatched cancel notification for request id 41
2026.05.23 04:53:01 INFO  no build target found for /Users/habibaelkamary/Desktop/College(new)/DDIA/Labs/project/Weather-Stations-Monitoring-DDIA-Project/weather-station/src/main/java/com/weather/centralstation/ParquetArchiver.java. Using fallback presentation compiler.[0m
2026.05.23 04:53:01 WARN  no build target for: /Users/habibaelkamary/Desktop/College(new)/DDIA/Labs/project/Weather-Stations-Monitoring-DDIA-Project/weather-station/src/main/java/com/weather/centralstation/ParquetArchiver.java[0m
2026.05.23 04:53:01 INFO  no build target found for /Users/habibaelkamary/Desktop/College(new)/DDIA/Labs/project/Weather-Stations-Monitoring-DDIA-Project/weather-station/src/main/java/com/weather/centralstation/ParquetArchiver.java. Using fallback presentation compiler.[0m
2026.05.23 04:53:01 INFO  no build target found for /Users/habibaelkamary/Desktop/College(new)/DDIA/Labs/project/Weather-Stations-Monitoring-DDIA-Project/weather-station/src/main/java/com/weather/centralstation/ParquetArchiver.java. Using fallback presentation compiler.[0m
2026.05.23 04:53:02 INFO  no build target found for /Users/habibaelkamary/Desktop/College(new)/DDIA/Labs/project/Weather-Stations-Monitoring-DDIA-Project/weather-station/src/main/java/com/weather/centralstation/ParquetArchiver.java. Using fallback presentation compiler.[0m
2026.05.23 04:53:43 INFO  no build target found for /Users/habibaelkamary/Desktop/College(new)/DDIA/Labs/project/Weather-Stations-Monitoring-DDIA-Project/weather-station/src/main/java/com/weather/centralstation/ParquetArchiver.java. Using fallback presentation compiler.[0m
May 23, 2026 4:53:43 AM org.eclipse.lsp4j.jsonrpc.RemoteEndpoint handleCancellation
WARNING: Unmatched cancel notification for request id 51
2026.05.23 04:53:47 INFO  no build target found for /Users/habibaelkamary/Desktop/College(new)/DDIA/Labs/project/Weather-Stations-Monitoring-DDIA-Project/weather-station/src/main/java/com/weather/centralstation/ParquetArchiver.java. Using fallback presentation compiler.[0m
2026.05.23 04:53:47 INFO  no build target found for /Users/habibaelkamary/Desktop/College(new)/DDIA/Labs/project/Weather-Stations-Monitoring-DDIA-Project/weather-station/src/main/java/com/weather/Weather.java. Using fallback presentation compiler.[0m
2026.05.23 04:53:47 WARN  no build target for: /Users/habibaelkamary/Desktop/College(new)/DDIA/Labs/project/Weather-Stations-Monitoring-DDIA-Project/weather-station/src/main/java/com/weather/Weather.java[0m
2026.05.23 04:53:47 INFO  no build target found for /Users/habibaelkamary/Desktop/College(new)/DDIA/Labs/project/Weather-Stations-Monitoring-DDIA-Project/weather-station/src/main/java/com/weather/Weather.java. Using fallback presentation compiler.[0m
May 23, 2026 4:53:47 AM org.eclipse.lsp4j.jsonrpc.RemoteEndpoint handleCancellation
WARNING: Unmatched cancel notification for request id 52
2026.05.23 04:53:47 INFO  no build target found for /Users/habibaelkamary/Desktop/College(new)/DDIA/Labs/project/Weather-Stations-Monitoring-DDIA-Project/weather-station/src/main/java/com/weather/Weather.java. Using fallback presentation compiler.[0m
May 23, 2026 4:53:47 AM org.eclipse.lsp4j.jsonrpc.RemoteEndpoint handleCancellation
WARNING: Unmatched cancel notification for request id 55
2026.05.23 04:53:47 INFO  no build target found for /Users/habibaelkamary/Desktop/College(new)/DDIA/Labs/project/Weather-Stations-Monitoring-DDIA-Project/weather-station/src/main/java/com/weather/Weather.java. Using fallback presentation compiler.[0m
2026.05.23 04:53:49 INFO  no build target found for /Users/habibaelkamary/Desktop/College(new)/DDIA/Labs/project/Weather-Stations-Monitoring-DDIA-Project/weather-station/src/main/java/com/weather/Weather.java. Using fallback presentation compiler.[0m
2026.05.23 04:53:49 INFO  no build target found for /Users/habibaelkamary/Desktop/College(new)/DDIA/Labs/project/Weather-Stations-Monitoring-DDIA-Project/weather-station/src/main/java/com/weather/WeatherMessage.java. Using fallback presentation compiler.[0m
2026.05.23 04:53:49 INFO  no build target found for /Users/habibaelkamary/Desktop/College(new)/DDIA/Labs/project/Weather-Stations-Monitoring-DDIA-Project/weather-station/src/main/java/com/weather/WeatherMessage.java. Using fallback presentation compiler.[0m
May 23, 2026 4:53:49 AM org.eclipse.lsp4j.jsonrpc.RemoteEndpoint handleCancellation
WARNING: Unmatched cancel notification for request id 63
2026.05.23 04:53:49 INFO  no build target found for /Users/habibaelkamary/Desktop/College(new)/DDIA/Labs/project/Weather-Stations-Monitoring-DDIA-Project/weather-station/src/main/java/com/weather/WeatherMessage.java. Using fallback presentation compiler.[0m
2026.05.23 04:53:49 WARN  no build target for: /Users/habibaelkamary/Desktop/College(new)/DDIA/Labs/project/Weather-Stations-Monitoring-DDIA-Project/weather-station/src/main/java/com/weather/WeatherMessage.java[0m
2026.05.23 04:53:49 INFO  no build target found for /Users/habibaelkamary/Desktop/College(new)/DDIA/Labs/project/Weather-Stations-Monitoring-DDIA-Project/weather-station/src/main/java/com/weather/WeatherMessage.java. Using fallback presentation compiler.[0m
2026.05.23 04:54:10 INFO  no build target found for /Users/habibaelkamary/Desktop/College(new)/DDIA/Labs/project/Weather-Stations-Monitoring-DDIA-Project/weather-station/src/main/java/com/weather/WeatherMessage.java. Using fallback presentation compiler.[0m
2026.05.23 04:54:10 INFO  no build target found for /Users/habibaelkamary/Desktop/College(new)/DDIA/Labs/project/Weather-Stations-Monitoring-DDIA-Project/weather-station/src/main/java/com/weather/centralstation/ParquetArchiver.java. Using fallback presentation compiler.[0m
2026.05.23 04:54:11 WARN  no build target for: /Users/habibaelkamary/Desktop/College(new)/DDIA/Labs/project/Weather-Stations-Monitoring-DDIA-Project/weather-station/src/main/java/com/weather/centralstation/ParquetArchiver.java[0m
2026.05.23 04:54:11 INFO  no build target found for /Users/habibaelkamary/Desktop/College(new)/DDIA/Labs/project/Weather-Stations-Monitoring-DDIA-Project/weather-station/src/main/java/com/weather/centralstation/ParquetArchiver.java. Using fallback presentation compiler.[0m
May 23, 2026 4:54:11 AM org.eclipse.lsp4j.jsonrpc.RemoteEndpoint handleCancellation
WARNING: Unmatched cancel notification for request id 74
2026.05.23 04:54:10 INFO  no build target found for /Users/habibaelkamary/Desktop/College(new)/DDIA/Labs/project/Weather-Stations-Monitoring-DDIA-Project/weather-station/src/main/java/com/weather/centralstation/ParquetArchiver.java. Using fallback presentation compiler.[0m
2026.05.23 04:54:10 INFO  no build target found for /Users/habibaelkamary/Desktop/College(new)/DDIA/Labs/project/Weather-Stations-Monitoring-DDIA-Project/weather-station/src/main/java/com/weather/centralstation/ParquetArchiver.java. Using fallback presentation compiler.[0m
May 23, 2026 4:54:11 AM org.eclipse.lsp4j.jsonrpc.RemoteEndpoint handleCancellation
WARNING: Unmatched cancel notification for request id 79
2026.05.23 04:54:10 INFO  no build target found for /Users/habibaelkamary/Desktop/College(new)/DDIA/Labs/project/Weather-Stations-Monitoring-DDIA-Project/weather-station/src/main/java/com/weather/centralstation/ParquetArchiver.java. Using fallback presentation compiler.[0m
2026.05.23 04:54:12 INFO  no build target found for /Users/habibaelkamary/Desktop/College(new)/DDIA/Labs/project/Weather-Stations-Monitoring-DDIA-Project/weather-station/src/main/java/com/weather/centralstation/ParquetArchiver.java. Using fallback presentation compiler.[0m
2026.05.23 04:54:13 INFO  no build target found for /Users/habibaelkamary/Desktop/College(new)/DDIA/Labs/project/Weather-Stations-Monitoring-DDIA-Project/weather-station/src/main/java/com/weather/centralstation/ParquetArchiver.java. Using fallback presentation compiler.[0m
May 23, 2026 4:54:13 AM org.eclipse.lsp4j.jsonrpc.RemoteEndpoint handleCancellation
WARNING: Unmatched cancel notification for request id 85
2026.05.23 04:55:46 INFO  no build target found for /Users/habibaelkamary/Desktop/College(new)/DDIA/Labs/project/Weather-Stations-Monitoring-DDIA-Project/weather-station/src/main/java/com/weather/centralstation/ParquetArchiver.java. Using fallback presentation compiler.[0m
2026.05.23 06:04:57 INFO  no build target found for /Users/habibaelkamary/Desktop/College(new)/DDIA/Labs/project/Weather-Stations-Monitoring-DDIA-Project/weather-station/src/main/java/com/weather/centralstation/CentralStation.java. Using fallback presentation compiler.[0m
2026.05.23 06:04:58 WARN  no build target for: /Users/habibaelkamary/Desktop/College(new)/DDIA/Labs/project/Weather-Stations-Monitoring-DDIA-Project/weather-station/src/main/java/com/weather/centralstation/CentralStation.java[0m
2026.05.23 06:04:58 INFO  no build target found for /Users/habibaelkamary/Desktop/College(new)/DDIA/Labs/project/Weather-Stations-Monitoring-DDIA-Project/weather-station/src/main/java/com/weather/centralstation/CentralStation.java. Using fallback presentation compiler.[0m
May 23, 2026 6:04:58 AM org.eclipse.lsp4j.jsonrpc.RemoteEndpoint handleCancellation
WARNING: Unmatched cancel notification for request id 158
2026.05.23 06:04:59 INFO  no build target found for /Users/habibaelkamary/Desktop/College(new)/DDIA/Labs/project/Weather-Stations-Monitoring-DDIA-Project/weather-station/src/main/java/com/weather/centralstation/CentralStation.java. Using fallback presentation compiler.[0m
2026.05.23 06:05:02 INFO  no build target found for /Users/habibaelkamary/Desktop/College(new)/DDIA/Labs/project/Weather-Stations-Monitoring-DDIA-Project/weather-station/src/main/java/com/weather/centralstation/CentralStation.java. Using fallback presentation compiler.[0m
2026.05.23 06:05:02 INFO  no build target found for /Users/habibaelkamary/Desktop/College(new)/DDIA/Labs/project/Weather-Stations-Monitoring-DDIA-Project/weather-station/src/main/java/com/weather/centralstation/CentralStation.java. Using fallback presentation compiler.[0m
2026.05.23 06:05:03 INFO  no build target found for /Users/habibaelkamary/Desktop/College(new)/DDIA/Labs/project/Weather-Stations-Monitoring-DDIA-Project/weather-station/src/main/java/com/weather/centralstation/CentralStation.java. Using fallback presentation compiler.[0m
2026.05.23 06:05:03 INFO  no build target found for /Users/habibaelkamary/Desktop/College(new)/DDIA/Labs/project/Weather-Stations-Monitoring-DDIA-Project/weather-station/src/main/java/com/weather/centralstation/CentralStation.java. Using fallback presentation compiler.[0m
2026.05.23 06:05:04 INFO  no build target found for /Users/habibaelkamary/Desktop/College(new)/DDIA/Labs/project/Weather-Stations-Monitoring-DDIA-Project/weather-station/src/main/java/com/weather/centralstation/CentralStation.java. Using fallback presentation compiler.[0m
2026.05.23 06:05:04 INFO  no build target found for /Users/habibaelkamary/Desktop/College(new)/DDIA/Labs/project/Weather-Stations-Monitoring-DDIA-Project/weather-station/src/main/java/com/weather/centralstation/CentralStation.java. Using fallback presentation compiler.[0m
2026.05.23 06:05:04 INFO  no build target found for /Users/habibaelkamary/Desktop/College(new)/DDIA/Labs/project/Weather-Stations-Monitoring-DDIA-Project/weather-station/src/main/java/com/weather/centralstation/CentralStation.java. Using fallback presentation compiler.[0m
2026.05.23 06:05:04 INFO  no build target found for /Users/habibaelkamary/Desktop/College(new)/DDIA/Labs/project/Weather-Stations-Monitoring-DDIA-Project/weather-station/src/main/java/com/weather/centralstation/CentralStation.java. Using fallback presentation compiler.[0m
2026.05.23 06:05:04 INFO  no build target found for /Users/habibaelkamary/Desktop/College(new)/DDIA/Labs/project/Weather-Stations-Monitoring-DDIA-Project/weather-station/src/main/java/com/weather/centralstation/CentralStation.java. Using fallback presentation compiler.[0m
2026.05.23 06:05:05 INFO  no build target found for /Users/habibaelkamary/Desktop/College(new)/DDIA/Labs/project/Weather-Stations-Monitoring-DDIA-Project/weather-station/src/main/java/com/weather/centralstation/CentralStation.java. Using fallback presentation compiler.[0m
May 23, 2026 6:05:06 AM org.eclipse.lsp4j.jsonrpc.RemoteEndpoint handleCancellation
WARNING: Unmatched cancel notification for request id 188
2026.05.23 06:05:05 INFO  no build target found for /Users/habibaelkamary/Desktop/College(new)/DDIA/Labs/project/Weather-Stations-Monitoring-DDIA-Project/weather-station/src/main/java/com/weather/centralstation/CentralStation.java. Using fallback presentation compiler.[0m
2026.05.23 06:05:05 INFO  no build target found for /Users/habibaelkamary/Desktop/College(new)/DDIA/Labs/project/Weather-Stations-Monitoring-DDIA-Project/weather-station/src/main/java/com/weather/centralstation/CentralStation.java. Using fallback presentation compiler.[0m
2026.05.23 06:05:06 INFO  no build target found for /Users/habibaelkamary/Desktop/College(new)/DDIA/Labs/project/Weather-Stations-Monitoring-DDIA-Project/weather-station/src/main/java/com/weather/centralstation/CentralStation.java. Using fallback presentation compiler.[0m
2026.05.23 06:05:06 INFO  no build target found for /Users/habibaelkamary/Desktop/College(new)/DDIA/Labs/project/Weather-Stations-Monitoring-DDIA-Project/weather-station/src/main/java/com/weather/centralstation/CentralStation.java. Using fallback presentation compiler.[0m
2026.05.23 06:05:06 INFO  no build target found for /Users/habibaelkamary/Desktop/College(new)/DDIA/Labs/project/Weather-Stations-Monitoring-DDIA-Project/weather-station/src/main/java/com/weather/centralstation/CentralStation.java. Using fallback presentation compiler.[0m
2026.05.23 06:05:06 INFO  no build target found for /Users/habibaelkamary/Desktop/College(new)/DDIA/Labs/project/Weather-Stations-Monitoring-DDIA-Project/weather-station/src/main/java/com/weather/centralstation/CentralStation.java. Using fallback presentation compiler.[0m
2026.05.23 06:05:06 INFO  no build target found for /Users/habibaelkamary/Desktop/College(new)/DDIA/Labs/project/Weather-Stations-Monitoring-DDIA-Project/weather-station/src/main/java/com/weather/centralstation/CentralStation.java. Using fallback presentation compiler.[0m
2026.05.23 06:05:07 INFO  no build target found for /Users/habibaelkamary/Desktop/College(new)/DDIA/Labs/project/Weather-Stations-Monitoring-DDIA-Project/weather-station/src/main/java/com/weather/centralstation/CentralStation.java. Using fallback presentation compiler.[0m
May 23, 2026 6:05:07 AM org.eclipse.lsp4j.jsonrpc.RemoteEndpoint handleCancellation
WARNING: Unmatched cancel notification for request id 200
2026.05.23 06:05:07 INFO  no build target found for /Users/habibaelkamary/Desktop/College(new)/DDIA/Labs/project/Weather-Stations-Monitoring-DDIA-Project/weather-station/src/main/java/com/weather/centralstation/CentralStation.java. Using fallback presentation compiler.[0m
2026.05.23 06:05:07 INFO  no build target found for /Users/habibaelkamary/Desktop/College(new)/DDIA/Labs/project/Weather-Stations-Monitoring-DDIA-Project/weather-station/src/main/java/com/weather/centralstation/CentralStation.java. Using fallback presentation compiler.[0m
2026.05.23 06:05:07 INFO  no build target found for /Users/habibaelkamary/Desktop/College(new)/DDIA/Labs/project/Weather-Stations-Monitoring-DDIA-Project/weather-station/src/main/java/com/weather/centralstation/CentralStation.java. Using fallback presentation compiler.[0m
2026.05.23 06:05:07 INFO  no build target found for /Users/habibaelkamary/Desktop/College(new)/DDIA/Labs/project/Weather-Stations-Monitoring-DDIA-Project/weather-station/src/main/java/com/weather/centralstation/CentralStation.java. Using fallback presentation compiler.[0m
2026.05.23 06:05:08 INFO  no build target found for /Users/habibaelkamary/Desktop/College(new)/DDIA/Labs/project/Weather-Stations-Monitoring-DDIA-Project/weather-station/src/main/java/com/weather/centralstation/CentralStation.java. Using fallback presentation compiler.[0m
2026.05.23 06:05:08 INFO  no build target found for /Users/habibaelkamary/Desktop/College(new)/DDIA/Labs/project/Weather-Stations-Monitoring-DDIA-Project/weather-station/src/main/java/com/weather/centralstation/CentralStation.java. Using fallback presentation compiler.[0m
2026.05.23 06:05:12 INFO  no build target found for /Users/habibaelkamary/Desktop/College(new)/DDIA/Labs/project/Weather-Stations-Monitoring-DDIA-Project/weather-station/src/main/java/com/weather/centralstation/CentralStation.java. Using fallback presentation compiler.[0m
2026.05.23 06:05:12 INFO  no build target found for /Users/habibaelkamary/Desktop/College(new)/DDIA/Labs/project/Weather-Stations-Monitoring-DDIA-Project/weather-station/src/main/java/com/weather/centralstation/CentralStation.java. Using fallback presentation compiler.[0m
2026.05.23 06:05:12 INFO  no build target found for /Users/habibaelkamary/Desktop/College(new)/DDIA/Labs/project/Weather-Stations-Monitoring-DDIA-Project/weather-station/src/main/java/com/weather/centralstation/CentralStation.java. Using fallback presentation compiler.[0m
2026.05.23 06:05:12 INFO  no build target found for /Users/habibaelkamary/Desktop/College(new)/DDIA/Labs/project/Weather-Stations-Monitoring-DDIA-Project/weather-station/src/main/java/com/weather/centralstation/CentralStation.java. Using fallback presentation compiler.[0m
2026.05.23 06:05:13 INFO  no build target found for /Users/habibaelkamary/Desktop/College(new)/DDIA/Labs/project/Weather-Stations-Monitoring-DDIA-Project/weather-station/src/main/java/com/weather/centralstation/CentralStation.java. Using fallback presentation compiler.[0m
May 23, 2026 6:05:13 AM org.eclipse.lsp4j.jsonrpc.RemoteEndpoint handleCancellation
WARNING: Unmatched cancel notification for request id 218
2026.05.23 06:05:12 INFO  no build target found for /Users/habibaelkamary/Desktop/College(new)/DDIA/Labs/project/Weather-Stations-Monitoring-DDIA-Project/weather-station/src/main/java/com/weather/centralstation/CentralStation.java. Using fallback presentation compiler.[0m
May 23, 2026 6:05:13 AM org.eclipse.lsp4j.jsonrpc.RemoteEndpoint handleCancellation
WARNING: Unmatched cancel notification for request id 219
May 23, 2026 6:05:13 AM org.eclipse.lsp4j.jsonrpc.RemoteEndpoint handleCancellation
WARNING: Unmatched cancel notification for request id 222
2026.05.23 06:05:12 INFO  no build target found for /Users/habibaelkamary/Desktop/College(new)/DDIA/Labs/project/Weather-Stations-Monitoring-DDIA-Project/weather-station/src/main/java/com/weather/centralstation/CentralStation.java. Using fallback presentation compiler.[0m
2026.05.23 06:05:12 INFO  no build target found for /Users/habibaelkamary/Desktop/College(new)/DDIA/Labs/project/Weather-Stations-Monitoring-DDIA-Project/weather-station/src/main/java/com/weather/centralstation/CentralStation.java. Using fallback presentation compiler.[0m
May 23, 2026 6:05:13 AM org.eclipse.lsp4j.jsonrpc.RemoteEndpoint handleCancellation
WARNING: Unmatched cancel notification for request id 223
2026.05.23 06:05:12 INFO  no build target found for /Users/habibaelkamary/Desktop/College(new)/DDIA/Labs/project/Weather-Stations-Monitoring-DDIA-Project/weather-station/src/main/java/com/weather/centralstation/CentralStation.java. Using fallback presentation compiler.[0m
May 23, 2026 6:05:13 AM org.eclipse.lsp4j.jsonrpc.RemoteEndpoint handleCancellation
WARNING: Unmatched cancel notification for request id 226
May 23, 2026 6:05:13 AM org.eclipse.lsp4j.jsonrpc.RemoteEndpoint handleCancellation
WARNING: Unmatched cancel notification for request id 224
2026.05.23 06:05:12 INFO  no build target found for /Users/habibaelkamary/Desktop/College(new)/DDIA/Labs/project/Weather-Stations-Monitoring-DDIA-Project/weather-station/src/main/java/com/weather/centralstation/CentralStation.java. Using fallback presentation compiler.[0m
2026.05.23 06:05:12 INFO  no build target found for /Users/habibaelkamary/Desktop/College(new)/DDIA/Labs/project/Weather-Stations-Monitoring-DDIA-Project/weather-station/src/main/java/com/weather/centralstation/CentralStation.java. Using fallback presentation compiler.[0m
2026.05.23 06:05:13 INFO  no build target found for /Users/habibaelkamary/Desktop/College(new)/DDIA/Labs/project/Weather-Stations-Monitoring-DDIA-Project/weather-station/src/main/java/com/weather/centralstation/CentralStation.java. Using fallback presentation compiler.[0m
2026.05.23 06:05:13 INFO  no build target found for /Users/habibaelkamary/Desktop/College(new)/DDIA/Labs/project/Weather-Stations-Monitoring-DDIA-Project/weather-station/src/main/java/com/weather/centralstation/CentralStation.java. Using fallback presentation compiler.[0m
May 23, 2026 6:05:13 AM org.eclipse.lsp4j.jsonrpc.RemoteEndpoint handleCancellation
WARNING: Unmatched cancel notification for request id 229
2026.05.23 06:05:13 INFO  no build target found for /Users/habibaelkamary/Desktop/College(new)/DDIA/Labs/project/Weather-Stations-Monitoring-DDIA-Project/weather-station/src/main/java/com/weather/centralstation/CentralStation.java. Using fallback presentation compiler.[0m
2026.05.23 06:05:13 INFO  no build target found for /Users/habibaelkamary/Desktop/College(new)/DDIA/Labs/project/Weather-Stations-Monitoring-DDIA-Project/weather-station/src/main/java/com/weather/centralstation/CentralStation.java. Using fallback presentation compiler.[0m
2026.05.23 06:05:13 INFO  no build target found for /Users/habibaelkamary/Desktop/College(new)/DDIA/Labs/project/Weather-Stations-Monitoring-DDIA-Project/weather-station/src/main/java/com/weather/centralstation/CentralStation.java. Using fallback presentation compiler.[0m
2026.05.23 06:05:13 INFO  no build target found for /Users/habibaelkamary/Desktop/College(new)/DDIA/Labs/project/Weather-Stations-Monitoring-DDIA-Project/weather-station/src/main/java/com/weather/centralstation/CentralStation.java. Using fallback presentation compiler.[0m
2026.05.23 06:05:13 INFO  no build target found for /Users/habibaelkamary/Desktop/College(new)/DDIA/Labs/project/Weather-Stations-Monitoring-DDIA-Project/weather-station/src/main/java/com/weather/centralstation/CentralStation.java. Using fallback presentation compiler.[0m
2026.05.23 06:05:13 INFO  no build target found for /Users/habibaelkamary/Desktop/College(new)/DDIA/Labs/project/Weather-Stations-Monitoring-DDIA-Project/weather-station/src/main/java/com/weather/centralstation/CentralStation.java. Using fallback presentation compiler.[0m
2026.05.23 06:05:13 INFO  no build target found for /Users/habibaelkamary/Desktop/College(new)/DDIA/Labs/project/Weather-Stations-Monitoring-DDIA-Project/weather-station/src/main/java/com/weather/centralstation/CentralStation.java. Using fallback presentation compiler.[0m
2026.05.23 06:05:14 INFO  no build target found for /Users/habibaelkamary/Desktop/College(new)/DDIA/Labs/project/Weather-Stations-Monitoring-DDIA-Project/weather-station/src/main/java/com/weather/centralstation/CentralStation.java. Using fallback presentation compiler.[0m
May 23, 2026 6:05:14 AM org.eclipse.lsp4j.jsonrpc.RemoteEndpoint handleCancellation
WARNING: Unmatched cancel notification for request id 238
2026.05.23 06:05:13 INFO  no build target found for /Users/habibaelkamary/Desktop/College(new)/DDIA/Labs/project/Weather-Stations-Monitoring-DDIA-Project/weather-station/src/main/java/com/weather/centralstation/CentralStation.java. Using fallback presentation compiler.[0m
May 23, 2026 6:05:14 AM org.eclipse.lsp4j.jsonrpc.RemoteEndpoint handleCancellation
WARNING: Unmatched cancel notification for request id 241
2026.05.23 06:05:14 INFO  no build target found for /Users/habibaelkamary/Desktop/College(new)/DDIA/Labs/project/Weather-Stations-Monitoring-DDIA-Project/weather-station/src/main/java/com/weather/centralstation/CentralStation.java. Using fallback presentation compiler.[0m
2026.05.23 06:05:14 INFO  no build target found for /Users/habibaelkamary/Desktop/College(new)/DDIA/Labs/project/Weather-Stations-Monitoring-DDIA-Project/weather-station/src/main/java/com/weather/centralstation/CentralStation.java. Using fallback presentation compiler.[0m
2026.05.23 06:05:14 INFO  no build target found for /Users/habibaelkamary/Desktop/College(new)/DDIA/Labs/project/Weather-Stations-Monitoring-DDIA-Project/weather-station/src/main/java/com/weather/centralstation/CentralStation.java. Using fallback presentation compiler.[0m
2026.05.23 06:05:14 INFO  no build target found for /Users/habibaelkamary/Desktop/College(new)/DDIA/Labs/project/Weather-Stations-Monitoring-DDIA-Project/weather-station/src/main/java/com/weather/centralstation/CentralStation.java. Using fallback presentation compiler.[0m
May 23, 2026 6:05:14 AM org.eclipse.lsp4j.jsonrpc.RemoteEndpoint handleCancellation
WARNING: Unmatched cancel notification for request id 242
2026.05.23 06:05:14 INFO  no build target found for /Users/habibaelkamary/Desktop/College(new)/DDIA/Labs/project/Weather-Stations-Monitoring-DDIA-Project/weather-station/src/main/java/com/weather/centralstation/CentralStation.java. Using fallback presentation compiler.[0m
2026.05.23 06:05:14 INFO  time: code lens generation in 1.24s[0m
2026.05.23 06:05:14 INFO  no build target found for /Users/habibaelkamary/Desktop/College(new)/DDIA/Labs/project/Weather-Stations-Monitoring-DDIA-Project/weather-station/src/main/java/com/weather/centralstation/CentralStation.java. Using fallback presentation compiler.[0m
May 23, 2026 6:05:15 AM org.eclipse.lsp4j.jsonrpc.RemoteEndpoint handleCancellation
WARNING: Unmatched cancel notification for request id 245
2026.05.23 06:05:15 INFO  no build target found for /Users/habibaelkamary/Desktop/College(new)/DDIA/Labs/project/Weather-Stations-Monitoring-DDIA-Project/weather-station/src/main/java/com/weather/centralstation/CentralStation.java. Using fallback presentation compiler.[0m
May 23, 2026 6:05:15 AM org.eclipse.lsp4j.jsonrpc.RemoteEndpoint handleCancellation
WARNING: Unmatched cancel notification for request id 246
2026.05.23 06:05:17 INFO  no build target found for /Users/habibaelkamary/Desktop/College(new)/DDIA/Labs/project/Weather-Stations-Monitoring-DDIA-Project/weather-station/src/main/java/com/weather/centralstation/CentralStation.java. Using fallback presentation compiler.[0m
2026.05.23 06:05:17 INFO  no build target found for /Users/habibaelkamary/Desktop/College(new)/DDIA/Labs/project/Weather-Stations-Monitoring-DDIA-Project/weather-station/src/main/java/com/weather/centralstation/CentralStation.java. Using fallback presentation compiler.[0m
2026.05.23 06:05:17 INFO  no build target found for /Users/habibaelkamary/Desktop/College(new)/DDIA/Labs/project/Weather-Stations-Monitoring-DDIA-Project/weather-station/src/main/java/com/weather/centralstation/CentralStation.java. Using fallback presentation compiler.[0m
2026.05.23 06:05:17 INFO  no build target found for /Users/habibaelkamary/Desktop/College(new)/DDIA/Labs/project/Weather-Stations-Monitoring-DDIA-Project/weather-station/src/main/java/com/weather/centralstation/CentralStation.java. Using fallback presentation compiler.[0m
2026.05.23 06:05:17 INFO  no build target found for /Users/habibaelkamary/Desktop/College(new)/DDIA/Labs/project/Weather-Stations-Monitoring-DDIA-Project/weather-station/src/main/java/com/weather/centralstation/CentralStation.java. Using fallback presentation compiler.[0m
2026.05.23 06:05:17 INFO  no build target found for /Users/habibaelkamary/Desktop/College(new)/DDIA/Labs/project/Weather-Stations-Monitoring-DDIA-Project/weather-station/src/main/java/com/weather/centralstation/CentralStation.java. Using fallback presentation compiler.[0m
2026.05.23 06:05:17 INFO  no build target found for /Users/habibaelkamary/Desktop/College(new)/DDIA/Labs/project/Weather-Stations-Monitoring-DDIA-Project/weather-station/src/main/java/com/weather/centralstation/CentralStation.java. Using fallback presentation compiler.[0m
2026.05.23 06:05:17 INFO  no build target found for /Users/habibaelkamary/Desktop/College(new)/DDIA/Labs/project/Weather-Stations-Monitoring-DDIA-Project/weather-station/src/main/java/com/weather/centralstation/CentralStation.java. Using fallback presentation compiler.[0m
2026.05.23 06:05:17 INFO  no build target found for /Users/habibaelkamary/Desktop/College(new)/DDIA/Labs/project/Weather-Stations-Monitoring-DDIA-Project/weather-station/src/main/java/com/weather/centralstation/CentralStation.java. Using fallback presentation compiler.[0m
2026.05.23 06:05:17 INFO  no build target found for /Users/habibaelkamary/Desktop/College(new)/DDIA/Labs/project/Weather-Stations-Monitoring-DDIA-Project/weather-station/src/main/java/com/weather/centralstation/CentralStation.java. Using fallback presentation compiler.[0m
2026.05.23 06:05:17 INFO  no build target found for /Users/habibaelkamary/Desktop/College(new)/DDIA/Labs/project/Weather-Stations-Monitoring-DDIA-Project/weather-station/src/main/java/com/weather/centralstation/CentralStation.java. Using fallback presentation compiler.[0m
2026.05.23 06:05:18 INFO  no build target found for /Users/habibaelkamary/Desktop/College(new)/DDIA/Labs/project/Weather-Stations-Monitoring-DDIA-Project/weather-station/src/main/java/com/weather/centralstation/CentralStation.java. Using fallback presentation compiler.[0m
2026.05.23 06:05:18 INFO  no build target found for /Users/habibaelkamary/Desktop/College(new)/DDIA/Labs/project/Weather-Stations-Monitoring-DDIA-Project/weather-station/src/main/java/com/weather/centralstation/CentralStation.java. Using fallback presentation compiler.[0m
2026.05.23 06:05:18 INFO  no build target found for /Users/habibaelkamary/Desktop/College(new)/DDIA/Labs/project/Weather-Stations-Monitoring-DDIA-Project/weather-station/src/main/java/com/weather/centralstation/CentralStation.java. Using fallback presentation compiler.[0m
2026.05.23 06:05:18 INFO  no build target found for /Users/habibaelkamary/Desktop/College(new)/DDIA/Labs/project/Weather-Stations-Monitoring-DDIA-Project/weather-station/src/main/java/com/weather/centralstation/CentralStation.java. Using fallback presentation compiler.[0m
2026.05.23 06:05:18 INFO  no build target found for /Users/habibaelkamary/Desktop/College(new)/DDIA/Labs/project/Weather-Stations-Monitoring-DDIA-Project/weather-station/src/main/java/com/weather/centralstation/CentralStation.java. Using fallback presentation compiler.[0m
2026.05.23 06:05:18 INFO  no build target found for /Users/habibaelkamary/Desktop/College(new)/DDIA/Labs/project/Weather-Stations-Monitoring-DDIA-Project/weather-station/src/main/java/com/weather/centralstation/CentralStation.java. Using fallback presentation compiler.[0m
2026.05.23 06:05:18 INFO  no build target found for /Users/habibaelkamary/Desktop/College(new)/DDIA/Labs/project/Weather-Stations-Monitoring-DDIA-Project/weather-station/src/main/java/com/weather/centralstation/CentralStation.java. Using fallback presentation compiler.[0m
2026.05.23 06:05:18 INFO  no build target found for /Users/habibaelkamary/Desktop/College(new)/DDIA/Labs/project/Weather-Stations-Monitoring-DDIA-Project/weather-station/src/main/java/com/weather/centralstation/CentralStation.java. Using fallback presentation compiler.[0m
2026.05.23 06:05:18 INFO  no build target found for /Users/habibaelkamary/Desktop/College(new)/DDIA/Labs/project/Weather-Stations-Monitoring-DDIA-Project/weather-station/src/main/java/com/weather/centralstation/CentralStation.java. Using fallback presentation compiler.[0m
2026.05.23 06:05:18 INFO  no build target found for /Users/habibaelkamary/Desktop/College(new)/DDIA/Labs/project/Weather-Stations-Monitoring-DDIA-Project/weather-station/src/main/java/com/weather/centralstation/CentralStation.java. Using fallback presentation compiler.[0m
2026.05.23 06:05:18 INFO  no build target found for /Users/habibaelkamary/Desktop/College(new)/DDIA/Labs/project/Weather-Stations-Monitoring-DDIA-Project/weather-station/src/main/java/com/weather/centralstation/CentralStation.java. Using fallback presentation compiler.[0m
2026.05.23 06:05:19 INFO  no build target found for /Users/habibaelkamary/Desktop/College(new)/DDIA/Labs/project/Weather-Stations-Monitoring-DDIA-Project/weather-station/src/main/java/com/weather/centralstation/CentralStation.java. Using fallback presentation compiler.[0m
2026.05.23 06:05:18 INFO  no build target found for /Users/habibaelkamary/Desktop/College(new)/DDIA/Labs/project/Weather-Stations-Monitoring-DDIA-Project/weather-station/src/main/java/com/weather/centralstation/CentralStation.java. Using fallback presentation compiler.[0m
2026.05.23 06:05:18 INFO  no build target found for /Users/habibaelkamary/Desktop/College(new)/DDIA/Labs/project/Weather-Stations-Monitoring-DDIA-Project/weather-station/src/main/java/com/weather/centralstation/CentralStation.java. Using fallback presentation compiler.[0m
2026.05.23 06:05:19 INFO  no build target found for /Users/habibaelkamary/Desktop/College(new)/DDIA/Labs/project/Weather-Stations-Monitoring-DDIA-Project/weather-station/src/main/java/com/weather/centralstation/CentralStation.java. Using fallback presentation compiler.[0m
2026.05.23 06:05:19 INFO  no build target found for /Users/habibaelkamary/Desktop/College(new)/DDIA/Labs/project/Weather-Stations-Monitoring-DDIA-Project/weather-station/src/main/java/com/weather/centralstation/CentralStation.java. Using fallback presentation compiler.[0m
2026.05.23 06:05:19 INFO  no build target found for /Users/habibaelkamary/Desktop/College(new)/DDIA/Labs/project/Weather-Stations-Monitoring-DDIA-Project/weather-station/src/main/java/com/weather/centralstation/CentralStation.java. Using fallback presentation compiler.[0m
2026.05.23 06:05:19 INFO  no build target found for /Users/habibaelkamary/Desktop/College(new)/DDIA/Labs/project/Weather-Stations-Monitoring-DDIA-Project/weather-station/src/main/java/com/weather/centralstation/CentralStation.java. Using fallback presentation compiler.[0m
2026.05.23 06:05:19 INFO  no build target found for /Users/habibaelkamary/Desktop/College(new)/DDIA/Labs/project/Weather-Stations-Monitoring-DDIA-Project/weather-station/src/main/java/com/weather/centralstation/CentralStation.java. Using fallback presentation compiler.[0m
May 23, 2026 6:05:19 AM org.eclipse.lsp4j.jsonrpc.RemoteEndpoint handleCancellation
WARNING: Unmatched cancel notification for request id 283
2026.05.23 06:05:19 INFO  no build target found for /Users/habibaelkamary/Desktop/College(new)/DDIA/Labs/project/Weather-Stations-Monitoring-DDIA-Project/weather-station/src/main/java/com/weather/centralstation/CentralStation.java. Using fallback presentation compiler.[0m
2026.05.23 06:05:19 INFO  no build target found for /Users/habibaelkamary/Desktop/College(new)/DDIA/Labs/project/Weather-Stations-Monitoring-DDIA-Project/weather-station/src/main/java/com/weather/centralstation/CentralStation.java. Using fallback presentation compiler.[0m
2026.05.23 06:05:19 INFO  no build target found for /Users/habibaelkamary/Desktop/College(new)/DDIA/Labs/project/Weather-Stations-Monitoring-DDIA-Project/weather-station/src/main/java/com/weather/centralstation/CentralStation.java. Using fallback presentation compiler.[0m
2026.05.23 06:05:19 INFO  no build target found for /Users/habibaelkamary/Desktop/College(new)/DDIA/Labs/project/Weather-Stations-Monitoring-DDIA-Project/weather-station/src/main/java/com/weather/centralstation/CentralStation.java. Using fallback presentation compiler.[0m
2026.05.23 06:05:20 INFO  no build target found for /Users/habibaelkamary/Desktop/College(new)/DDIA/Labs/project/Weather-Stations-Monitoring-DDIA-Project/weather-station/src/main/java/com/weather/centralstation/CentralStation.java. Using fallback presentation compiler.[0m
2026.05.23 06:05:20 INFO  no build target found for /Users/habibaelkamary/Desktop/College(new)/DDIA/Labs/project/Weather-Stations-Monitoring-DDIA-Project/weather-station/src/main/java/com/weather/centralstation/CentralStation.java. Using fallback presentation compiler.[0m
2026.05.23 06:05:21 INFO  no build target found for /Users/habibaelkamary/Desktop/College(new)/DDIA/Labs/project/Weather-Stations-Monitoring-DDIA-Project/weather-station/src/main/java/com/weather/centralstation/CentralStation.java. Using fallback presentation compiler.[0m
2026.05.23 06:05:21 INFO  no build target found for /Users/habibaelkamary/Desktop/College(new)/DDIA/Labs/project/Weather-Stations-Monitoring-DDIA-Project/weather-station/src/main/java/com/weather/centralstation/CentralStation.java. Using fallback presentation compiler.[0m
2026.05.23 06:05:21 INFO  no build target found for /Users/habibaelkamary/Desktop/College(new)/DDIA/Labs/project/Weather-Stations-Monitoring-DDIA-Project/weather-station/src/main/java/com/weather/centralstation/CentralStation.java. Using fallback presentation compiler.[0m
May 23, 2026 6:05:21 AM org.eclipse.lsp4j.jsonrpc.RemoteEndpoint handleCancellation
WARNING: Unmatched cancel notification for request id 291
2026.05.23 06:05:21 INFO  no build target found for /Users/habibaelkamary/Desktop/College(new)/DDIA/Labs/project/Weather-Stations-Monitoring-DDIA-Project/weather-station/src/main/java/com/weather/centralstation/CentralStation.java. Using fallback presentation compiler.[0m
2026.05.23 06:05:21 INFO  no build target found for /Users/habibaelkamary/Desktop/College(new)/DDIA/Labs/project/Weather-Stations-Monitoring-DDIA-Project/weather-station/src/main/java/com/weather/centralstation/CentralStation.java. Using fallback presentation compiler.[0m
May 23, 2026 6:05:22 AM org.eclipse.lsp4j.jsonrpc.RemoteEndpoint handleCancellation
WARNING: Unmatched cancel notification for request id 294
May 23, 2026 6:05:22 AM org.eclipse.lsp4j.jsonrpc.RemoteEndpoint handleCancellation
WARNING: Unmatched cancel notification for request id 298
May 23, 2026 6:05:22 AM org.eclipse.lsp4j.jsonrpc.RemoteEndpoint handleCancellation
WARNING: Unmatched cancel notification for request id 296
2026.05.23 06:05:21 INFO  no build target found for /Users/habibaelkamary/Desktop/College(new)/DDIA/Labs/project/Weather-Stations-Monitoring-DDIA-Project/weather-station/src/main/java/com/weather/centralstation/CentralStation.java. Using fallback presentation compiler.[0m
May 23, 2026 6:05:22 AM org.eclipse.lsp4j.jsonrpc.RemoteEndpoint handleCancellation
WARNING: Unmatched cancel notification for request id 300
May 23, 2026 6:05:22 AM org.eclipse.lsp4j.jsonrpc.RemoteEndpoint handleCancellation
WARNING: Unmatched cancel notification for request id 297
2026.05.23 06:05:21 INFO  no build target found for /Users/habibaelkamary/Desktop/College(new)/DDIA/Labs/project/Weather-Stations-Monitoring-DDIA-Project/weather-station/src/main/java/com/weather/centralstation/CentralStation.java. Using fallback presentation compiler.[0m
2026.05.23 06:05:21 INFO  no build target found for /Users/habibaelkamary/Desktop/College(new)/DDIA/Labs/project/Weather-Stations-Monitoring-DDIA-Project/weather-station/src/main/java/com/weather/centralstation/CentralStation.java. Using fallback presentation compiler.[0m
May 23, 2026 6:05:22 AM org.eclipse.lsp4j.jsonrpc.RemoteEndpoint handleCancellation
WARNING: Unmatched cancel notification for request id 299
May 23, 2026 6:05:22 AM org.eclipse.lsp4j.jsonrpc.RemoteEndpoint handleCancellation
WARNING: Unmatched cancel notification for request id 303
May 23, 2026 6:05:22 AM org.eclipse.lsp4j.jsonrpc.RemoteEndpoint handleCancellation
WARNING: Unmatched cancel notification for request id 301
2026.05.23 06:05:21 INFO  no build target found for /Users/habibaelkamary/Desktop/College(new)/DDIA/Labs/project/Weather-Stations-Monitoring-DDIA-Project/weather-station/src/main/java/com/weather/centralstation/CentralStation.java. Using fallback presentation compiler.[0m
May 23, 2026 6:05:22 AM org.eclipse.lsp4j.jsonrpc.RemoteEndpoint handleCancellation
WARNING: Unmatched cancel notification for request id 302
2026.05.23 06:05:21 INFO  no build target found for /Users/habibaelkamary/Desktop/College(new)/DDIA/Labs/project/Weather-Stations-Monitoring-DDIA-Project/weather-station/src/main/java/com/weather/centralstation/CentralStation.java. Using fallback presentation compiler.[0m
2026.05.23 06:05:21 INFO  no build target found for /Users/habibaelkamary/Desktop/College(new)/DDIA/Labs/project/Weather-Stations-Monitoring-DDIA-Project/weather-station/src/main/java/com/weather/centralstation/CentralStation.java. Using fallback presentation compiler.[0m
May 23, 2026 6:05:22 AM org.eclipse.lsp4j.jsonrpc.RemoteEndpoint handleCancellation
WARNING: Unmatched cancel notification for request id 304
2026.05.23 06:05:22 INFO  no build target found for /Users/habibaelkamary/Desktop/College(new)/DDIA/Labs/project/Weather-Stations-Monitoring-DDIA-Project/weather-station/src/main/java/com/weather/centralstation/CentralStation.java. Using fallback presentation compiler.[0m
2026.05.23 06:05:21 INFO  no build target found for /Users/habibaelkamary/Desktop/College(new)/DDIA/Labs/project/Weather-Stations-Monitoring-DDIA-Project/weather-station/src/main/java/com/weather/centralstation/CentralStation.java. Using fallback presentation compiler.[0m
2026.05.23 06:05:21 INFO  no build target found for /Users/habibaelkamary/Desktop/College(new)/DDIA/Labs/project/Weather-Stations-Monitoring-DDIA-Project/weather-station/src/main/java/com/weather/centralstation/CentralStation.java. Using fallback presentation compiler.[0m
2026.05.23 06:05:22 INFO  no build target found for /Users/habibaelkamary/Desktop/College(new)/DDIA/Labs/project/Weather-Stations-Monitoring-DDIA-Project/weather-station/src/main/java/com/weather/centralstation/CentralStation.java. Using fallback presentation compiler.[0m
2026.05.23 06:05:22 INFO  no build target found for /Users/habibaelkamary/Desktop/College(new)/DDIA/Labs/project/Weather-Stations-Monitoring-DDIA-Project/weather-station/src/main/java/com/weather/centralstation/CentralStation.java. Using fallback presentation compiler.[0m
2026.05.23 06:05:22 INFO  no build target found for /Users/habibaelkamary/Desktop/College(new)/DDIA/Labs/project/Weather-Stations-Monitoring-DDIA-Project/weather-station/src/main/java/com/weather/centralstation/CentralStation.java. Using fallback presentation compiler.[0m
2026.05.23 06:05:22 INFO  no build target found for /Users/habibaelkamary/Desktop/College(new)/DDIA/Labs/project/Weather-Stations-Monitoring-DDIA-Project/weather-station/src/main/java/com/weather/centralstation/CentralStation.java. Using fallback presentation compiler.[0m
2026.05.23 06:05:22 INFO  no build target found for /Users/habibaelkamary/Desktop/College(new)/DDIA/Labs/project/Weather-Stations-Monitoring-DDIA-Project/weather-station/src/main/java/com/weather/centralstation/CentralStation.java. Using fallback presentation compiler.[0m
2026.05.23 06:05:22 INFO  no build target found for /Users/habibaelkamary/Desktop/College(new)/DDIA/Labs/project/Weather-Stations-Monitoring-DDIA-Project/weather-station/src/main/java/com/weather/centralstation/CentralStation.java. Using fallback presentation compiler.[0m
2026.05.23 06:05:22 INFO  no build target found for /Users/habibaelkamary/Desktop/College(new)/DDIA/Labs/project/Weather-Stations-Monitoring-DDIA-Project/weather-station/src/main/java/com/weather/centralstation/CentralStation.java. Using fallback presentation compiler.[0m
2026.05.23 06:05:22 INFO  no build target found for /Users/habibaelkamary/Desktop/College(new)/DDIA/Labs/project/Weather-Stations-Monitoring-DDIA-Project/weather-station/src/main/java/com/weather/centralstation/CentralStation.java. Using fallback presentation compiler.[0m
2026.05.23 06:05:23 INFO  no build target found for /Users/habibaelkamary/Desktop/College(new)/DDIA/Labs/project/Weather-Stations-Monitoring-DDIA-Project/weather-station/src/main/java/com/weather/centralstation/CentralStation.java. Using fallback presentation compiler.[0m
2026.05.23 06:05:22 INFO  no build target found for /Users/habibaelkamary/Desktop/College(new)/DDIA/Labs/project/Weather-Stations-Monitoring-DDIA-Project/weather-station/src/main/java/com/weather/centralstation/CentralStation.java. Using fallback presentation compiler.[0m
2026.05.23 06:05:22 INFO  no build target found for /Users/habibaelkamary/Desktop/College(new)/DDIA/Labs/project/Weather-Stations-Monitoring-DDIA-Project/weather-station/src/main/java/com/weather/centralstation/CentralStation.java. Using fallback presentation compiler.[0m
2026.05.23 06:05:22 INFO  no build target found for /Users/habibaelkamary/Desktop/College(new)/DDIA/Labs/project/Weather-Stations-Monitoring-DDIA-Project/weather-station/src/main/java/com/weather/centralstation/CentralStation.java. Using fallback presentation compiler.[0m
2026.05.23 06:05:22 INFO  no build target found for /Users/habibaelkamary/Desktop/College(new)/DDIA/Labs/project/Weather-Stations-Monitoring-DDIA-Project/weather-station/src/main/java/com/weather/centralstation/CentralStation.java. Using fallback presentation compiler.[0m
2026.05.23 06:05:22 INFO  no build target found for /Users/habibaelkamary/Desktop/College(new)/DDIA/Labs/project/Weather-Stations-Monitoring-DDIA-Project/weather-station/src/main/java/com/weather/centralstation/CentralStation.java. Using fallback presentation compiler.[0m
2026.05.23 06:05:23 INFO  no build target found for /Users/habibaelkamary/Desktop/College(new)/DDIA/Labs/project/Weather-Stations-Monitoring-DDIA-Project/weather-station/src/main/java/com/weather/centralstation/CentralStation.java. Using fallback presentation compiler.[0m
2026.05.23 06:05:23 INFO  no build target found for /Users/habibaelkamary/Desktop/College(new)/DDIA/Labs/project/Weather-Stations-Monitoring-DDIA-Project/weather-station/src/main/java/com/weather/centralstation/CentralStation.java. Using fallback presentation compiler.[0m
2026.05.23 06:05:23 INFO  no build target found for /Users/habibaelkamary/Desktop/College(new)/DDIA/Labs/project/Weather-Stations-Monitoring-DDIA-Project/weather-station/src/main/java/com/weather/centralstation/CentralStation.java. Using fallback presentation compiler.[0m
2026.05.23 06:05:23 INFO  no build target found for /Users/habibaelkamary/Desktop/College(new)/DDIA/Labs/project/Weather-Stations-Monitoring-DDIA-Project/weather-station/src/main/java/com/weather/centralstation/CentralStation.java. Using fallback presentation compiler.[0m
2026.05.23 06:05:23 INFO  no build target found for /Users/habibaelkamary/Desktop/College(new)/DDIA/Labs/project/Weather-Stations-Monitoring-DDIA-Project/weather-station/src/main/java/com/weather/centralstation/CentralStation.java. Using fallback presentation compiler.[0m
2026.05.23 06:05:23 INFO  no build target found for /Users/habibaelkamary/Desktop/College(new)/DDIA/Labs/project/Weather-Stations-Monitoring-DDIA-Project/weather-station/src/main/java/com/weather/centralstation/CentralStation.java. Using fallback presentation compiler.[0m
2026.05.23 06:05:23 INFO  no build target found for /Users/habibaelkamary/Desktop/College(new)/DDIA/Labs/project/Weather-Stations-Monitoring-DDIA-Project/weather-station/src/main/java/com/weather/centralstation/CentralStation.java. Using fallback presentation compiler.[0m
2026.05.23 06:05:23 INFO  no build target found for /Users/habibaelkamary/Desktop/College(new)/DDIA/Labs/project/Weather-Stations-Monitoring-DDIA-Project/weather-station/src/main/java/com/weather/centralstation/CentralStation.java. Using fallback presentation compiler.[0m
2026.05.23 06:05:25 INFO  no build target found for /Users/habibaelkamary/Desktop/College(new)/DDIA/Labs/project/Weather-Stations-Monitoring-DDIA-Project/weather-station/src/main/java/com/weather/centralstation/CentralStation.java. Using fallback presentation compiler.[0m
2026.05.23 06:05:31 INFO  no build target found for /Users/habibaelkamary/Desktop/College(new)/DDIA/Labs/project/Weather-Stations-Monitoring-DDIA-Project/weather-station/src/main/java/com/weather/centralstation/CentralStation.java. Using fallback presentation compiler.[0m
2026.05.23 06:05:31 WARN  no build target for: /Users/habibaelkamary/Desktop/College(new)/DDIA/Labs/project/Weather-Stations-Monitoring-DDIA-Project/weather-station/src/main/java/com/weather/centralstation/CentralStation.java[0m
2026.05.23 06:05:31 INFO  no build target found for /Users/habibaelkamary/Desktop/College(new)/DDIA/Labs/project/Weather-Stations-Monitoring-DDIA-Project/weather-station/src/main/java/com/weather/centralstation/CentralStation.java. Using fallback presentation compiler.[0m
2026.05.23 06:05:32 INFO  no build target found for /Users/habibaelkamary/Desktop/College(new)/DDIA/Labs/project/Weather-Stations-Monitoring-DDIA-Project/weather-station/src/main/java/com/weather/centralstation/CentralStation.java. Using fallback presentation compiler.[0m
May 23, 2026 6:05:54 AM org.eclipse.lsp4j.jsonrpc.RemoteEndpoint handleCancellation
WARNING: Unmatched cancel notification for request id 416
2026.05.23 06:07:50 INFO  no build target found for /Users/habibaelkamary/Desktop/College(new)/DDIA/Labs/project/Weather-Stations-Monitoring-DDIA-Project/weather-station/src/main/java/com/weather/centralstation/CentralStation.java. Using fallback presentation compiler.[0m
May 23, 2026 6:07:51 AM org.eclipse.lsp4j.jsonrpc.RemoteEndpoint handleCancellation
WARNING: Unmatched cancel notification for request id 430
2026.05.23 06:07:51 INFO  no build target found for /Users/habibaelkamary/Desktop/College(new)/DDIA/Labs/project/Weather-Stations-Monitoring-DDIA-Project/weather-station/src/main/java/com/weather/centralstation/CentralStation.java. Using fallback presentation compiler.[0m
2026.05.23 06:07:51 WARN  no build target for: /Users/habibaelkamary/Desktop/College(new)/DDIA/Labs/project/Weather-Stations-Monitoring-DDIA-Project/weather-station/src/main/java/com/weather/centralstation/CentralStation.java[0m
2026.05.23 06:07:51 INFO  no build target found for /Users/habibaelkamary/Desktop/College(new)/DDIA/Labs/project/Weather-Stations-Monitoring-DDIA-Project/weather-station/src/main/java/com/weather/centralstation/CentralStation.java. Using fallback presentation compiler.[0m
2026.05.23 06:07:50 INFO  no build target found for /Users/habibaelkamary/Desktop/College(new)/DDIA/Labs/project/Weather-Stations-Monitoring-DDIA-Project/weather-station/src/main/java/com/weather/centralstation/CentralStation.java. Using fallback presentation compiler.[0m
2026.05.23 06:07:53 INFO  no build target found for /Users/habibaelkamary/Desktop/College(new)/DDIA/Labs/project/Weather-Stations-Monitoring-DDIA-Project/weather-station/src/main/java/com/weather/centralstation/CentralStation.java. Using fallback presentation compiler.[0m
2026.05.23 06:17:07 INFO  no build target found for /Users/habibaelkamary/Desktop/College(new)/DDIA/Labs/project/Weather-Stations-Monitoring-DDIA-Project/weather-station/src/main/java/com/weather/centralstation/CentralStation.java. Using fallback presentation compiler.[0m
2026.05.23 06:17:08 WARN  no build target for: /Users/habibaelkamary/Desktop/College(new)/DDIA/Labs/project/Weather-Stations-Monitoring-DDIA-Project/weather-station/src/main/java/com/weather/centralstation/CentralStation.java[0m
2026.05.23 06:17:08 INFO  no build target found for /Users/habibaelkamary/Desktop/College(new)/DDIA/Labs/project/Weather-Stations-Monitoring-DDIA-Project/weather-station/src/main/java/com/weather/centralstation/CentralStation.java. Using fallback presentation compiler.[0m
May 23, 2026 6:17:08 AM org.eclipse.lsp4j.jsonrpc.RemoteEndpoint handleCancellation
WARNING: Unmatched cancel notification for request id 441
2026.05.23 06:17:09 INFO  no build target found for /Users/habibaelkamary/Desktop/College(new)/DDIA/Labs/project/Weather-Stations-Monitoring-DDIA-Project/weather-station/src/main/java/com/weather/centralstation/CentralStation.java. Using fallback presentation compiler.[0m
2026.05.23 06:17:42 INFO  no build target found for /Users/habibaelkamary/Desktop/College(new)/DDIA/Labs/project/Weather-Stations-Monitoring-DDIA-Project/weather-station/src/main/java/com/weather/centralstation/CentralStation.java. Using fallback presentation compiler.[0m
2026.05.23 06:17:42 INFO  no build target found for /Users/habibaelkamary/Desktop/College(new)/DDIA/Labs/project/Weather-Stations-Monitoring-DDIA-Project/weather-station/src/main/java/com/weather/centralstation/CentralStation.java. Using fallback presentation compiler.[0m
2026.05.23 06:17:42 INFO  no build target found for /Users/habibaelkamary/Desktop/College(new)/DDIA/Labs/project/Weather-Stations-Monitoring-DDIA-Project/weather-station/src/main/java/com/weather/centralstation/CentralStation.java. Using fallback presentation compiler.[0m
2026.05.23 06:17:47 INFO  no build target found for /Users/habibaelkamary/Desktop/College(new)/DDIA/Labs/project/Weather-Stations-Monitoring-DDIA-Project/weather-station/src/main/java/com/weather/centralstation/CentralStation.java. Using fallback presentation compiler.[0m
2026.05.23 06:17:47 INFO  no build target found for /Users/habibaelkamary/Desktop/College(new)/DDIA/Labs/project/Weather-Stations-Monitoring-DDIA-Project/weather-station/src/main/java/com/weather/centralstation/CentralStation.java. Using fallback presentation compiler.[0m
2026.05.23 06:17:48 INFO  no build target found for /Users/habibaelkamary/Desktop/College(new)/DDIA/Labs/project/Weather-Stations-Monitoring-DDIA-Project/weather-station/src/main/java/com/weather/centralstation/CentralStation.java. Using fallback presentation compiler.[0m
2026.05.23 06:17:50 INFO  no build target found for /Users/habibaelkamary/Desktop/College(new)/DDIA/Labs/project/Weather-Stations-Monitoring-DDIA-Project/weather-station/src/main/java/com/weather/centralstation/CentralStation.java. Using fallback presentation compiler.[0m
2026.05.23 06:18:16 INFO  no build target found for /Users/habibaelkamary/Desktop/College(new)/DDIA/Labs/project/Weather-Stations-Monitoring-DDIA-Project/weather-station/src/main/java/com/weather/centralstation/CentralStation.java. Using fallback presentation compiler.[0m
2026.05.23 06:18:19 INFO  no build target found for /Users/habibaelkamary/Desktop/College(new)/DDIA/Labs/project/Weather-Stations-Monitoring-DDIA-Project/weather-station/src/main/java/com/weather/centralstation/CentralStation.java. Using fallback presentation compiler.[0m
2026.05.23 06:18:36 INFO  no build target found for /Users/habibaelkamary/Desktop/College(new)/DDIA/Labs/project/Weather-Stations-Monitoring-DDIA-Project/weather-station/src/main/java/com/weather/centralstation/CentralStation.java. Using fallback presentation compiler.[0m
May 23, 2026 6:18:48 AM org.eclipse.lsp4j.jsonrpc.RemoteEndpoint handleCancellation
WARNING: Unmatched cancel notification for request id 519
2026.05.23 06:19:54 INFO  no build target found for /Users/habibaelkamary/Desktop/College(new)/DDIA/Labs/project/Weather-Stations-Monitoring-DDIA-Project/weather-station/src/main/java/com/weather/centralstation/CentralStation.java. Using fallback presentation compiler.[0m
May 23, 2026 6:19:55 AM org.eclipse.lsp4j.jsonrpc.RemoteEndpoint handleCancellation
WARNING: Unmatched cancel notification for request id 548
2026.05.23 06:19:54 INFO  no build target found for /Users/habibaelkamary/Desktop/College(new)/DDIA/Labs/project/Weather-Stations-Monitoring-DDIA-Project/weather-station/src/main/java/com/weather/centralstation/CentralStation.java. Using fallback presentation compiler.[0m
May 23, 2026 6:19:55 AM org.eclipse.lsp4j.jsonrpc.RemoteEndpoint handleCancellation
WARNING: Unmatched cancel notification for request id 549
2026.05.23 06:19:54 INFO  no build target found for /Users/habibaelkamary/Desktop/College(new)/DDIA/Labs/project/Weather-Stations-Monitoring-DDIA-Project/weather-station/src/main/java/com/weather/centralstation/CentralStation.java. Using fallback presentation compiler.[0m
2026.05.23 06:19:55 WARN  no build target for: /Users/habibaelkamary/Desktop/College(new)/DDIA/Labs/project/Weather-Stations-Monitoring-DDIA-Project/weather-station/src/main/java/com/weather/centralstation/CentralStation.java[0m
May 23, 2026 6:19:55 AM org.eclipse.lsp4j.jsonrpc.RemoteEndpoint handleCancellation
WARNING: Unmatched cancel notification for request id 550
2026.05.23 06:19:54 INFO  no build target found for /Users/habibaelkamary/Desktop/College(new)/DDIA/Labs/project/Weather-Stations-Monitoring-DDIA-Project/weather-station/src/main/java/com/weather/centralstation/CentralStation.java. Using fallback presentation compiler.[0m
2026.05.23 06:19:55 INFO  no build target found for /Users/habibaelkamary/Desktop/College(new)/DDIA/Labs/project/Weather-Stations-Monitoring-DDIA-Project/weather-station/src/main/java/com/weather/centralstation/CentralStation.java. Using fallback presentation compiler.[0m
May 23, 2026 6:19:55 AM org.eclipse.lsp4j.jsonrpc.RemoteEndpoint handleCancellation
WARNING: Unmatched cancel notification for request id 553
2026.05.23 06:19:55 INFO  no build target found for /Users/habibaelkamary/Desktop/College(new)/DDIA/Labs/project/Weather-Stations-Monitoring-DDIA-Project/weather-station/src/main/java/com/weather/centralstation/CentralStation.java. Using fallback presentation compiler.[0m
2026.05.23 06:19:55 INFO  no build target found for /Users/habibaelkamary/Desktop/College(new)/DDIA/Labs/project/Weather-Stations-Monitoring-DDIA-Project/weather-station/src/main/java/com/weather/centralstation/CentralStation.java. Using fallback presentation compiler.[0m
2026.05.23 06:19:56 INFO  no build target found for /Users/habibaelkamary/Desktop/College(new)/DDIA/Labs/project/Weather-Stations-Monitoring-DDIA-Project/weather-station/src/main/java/com/weather/centralstation/CentralStation.java. Using fallback presentation compiler.[0m
2026.05.23 06:20:52 INFO  no build target found for /Users/habibaelkamary/Desktop/College(new)/DDIA/Labs/project/Weather-Stations-Monitoring-DDIA-Project/weather-station/src/main/java/com/weather/centralstation/CentralStation.java. Using fallback presentation compiler.[0m
May 23, 2026 6:20:52 AM org.eclipse.lsp4j.jsonrpc.RemoteEndpoint handleCancellation
WARNING: Unmatched cancel notification for request id 677
2026.05.23 06:20:55 INFO  no build target found for /Users/habibaelkamary/Desktop/College(new)/DDIA/Labs/project/Weather-Stations-Monitoring-DDIA-Project/weather-station/src/main/java/com/weather/centralstation/CentralStation.java. Using fallback presentation compiler.[0m
2026.05.23 06:21:17 INFO  no build target found for /Users/habibaelkamary/Desktop/College(new)/DDIA/Labs/project/Weather-Stations-Monitoring-DDIA-Project/weather-station/src/main/java/com/weather/centralstation/CentralStation.java. Using fallback presentation compiler.[0m
2026.05.23 06:21:17 WARN  no build target for: /Users/habibaelkamary/Desktop/College(new)/DDIA/Labs/project/Weather-Stations-Monitoring-DDIA-Project/weather-station/src/main/java/com/weather/centralstation/CentralStation.java[0m
2026.05.23 06:21:17 INFO  no build target found for /Users/habibaelkamary/Desktop/College(new)/DDIA/Labs/project/Weather-Stations-Monitoring-DDIA-Project/weather-station/src/main/java/com/weather/centralstation/CentralStation.java. Using fallback presentation compiler.[0m
2026.05.23 06:21:18 INFO  no build target found for /Users/habibaelkamary/Desktop/College(new)/DDIA/Labs/project/Weather-Stations-Monitoring-DDIA-Project/weather-station/src/main/java/com/weather/centralstation/CentralStation.java. Using fallback presentation compiler.[0m
May 23, 2026 6:21:18 AM org.eclipse.lsp4j.jsonrpc.RemoteEndpoint handleCancellation
WARNING: Unmatched cancel notification for request id 679
2026.05.23 06:21:17 INFO  no build target found for /Users/habibaelkamary/Desktop/College(new)/DDIA/Labs/project/Weather-Stations-Monitoring-DDIA-Project/weather-station/src/main/java/com/weather/centralstation/CentralStation.java. Using fallback presentation compiler.[0m
May 23, 2026 6:21:18 AM org.eclipse.lsp4j.jsonrpc.RemoteEndpoint handleCancellation
WARNING: Unmatched cancel notification for request id 683
2026.05.23 06:21:18 INFO  no build target found for /Users/habibaelkamary/Desktop/College(new)/DDIA/Labs/project/Weather-Stations-Monitoring-DDIA-Project/weather-station/src/main/java/com/weather/centralstation/CentralStation.java. Using fallback presentation compiler.[0m
May 23, 2026 6:21:18 AM org.eclipse.lsp4j.jsonrpc.RemoteEndpoint handleCancellation
WARNING: Unmatched cancel notification for request id 685
2026.05.23 06:21:18 INFO  no build target found for /Users/habibaelkamary/Desktop/College(new)/DDIA/Labs/project/Weather-Stations-Monitoring-DDIA-Project/weather-station/src/main/java/com/weather/centralstation/CentralStation.java. Using fallback presentation compiler.[0m
2026.05.23 06:21:18 INFO  no build target found for /Users/habibaelkamary/Desktop/College(new)/DDIA/Labs/project/Weather-Stations-Monitoring-DDIA-Project/weather-station/src/main/java/com/weather/centralstation/CentralStation.java. Using fallback presentation compiler.[0m
2026.05.23 06:21:19 INFO  no build target found for /Users/habibaelkamary/Desktop/College(new)/DDIA/Labs/project/Weather-Stations-Monitoring-DDIA-Project/weather-station/src/main/java/com/weather/centralstation/CentralStation.java. Using fallback presentation compiler.[0m
2026.05.23 06:21:27 INFO  no build target found for /Users/habibaelkamary/Desktop/College(new)/DDIA/Labs/project/Weather-Stations-Monitoring-DDIA-Project/weather-station/src/main/java/com/weather/centralstation/CentralStation.java. Using fallback presentation compiler.[0m
2026.05.23 06:25:44 INFO  no build target found for /Users/habibaelkamary/Desktop/College(new)/DDIA/Labs/project/Weather-Stations-Monitoring-DDIA-Project/weather-station/src/main/java/com/weather/centralstation/CentralStation.java. Using fallback presentation compiler.[0m
2026.05.23 06:30:36 INFO  no build target found for /Users/habibaelkamary/Desktop/College(new)/DDIA/Labs/project/Weather-Stations-Monitoring-DDIA-Project/weather-station/src/main/java/com/weather/centralstation/CentralStation.java. Using fallback presentation compiler.[0m
2026.05.23 06:30:37 WARN  no build target for: /Users/habibaelkamary/Desktop/College(new)/DDIA/Labs/project/Weather-Stations-Monitoring-DDIA-Project/weather-station/src/main/java/com/weather/centralstation/CentralStation.java[0m
2026.05.23 06:30:37 INFO  no build target found for /Users/habibaelkamary/Desktop/College(new)/DDIA/Labs/project/Weather-Stations-Monitoring-DDIA-Project/weather-station/src/main/java/com/weather/centralstation/CentralStation.java. Using fallback presentation compiler.[0m
May 23, 2026 6:30:37 AM org.eclipse.lsp4j.jsonrpc.RemoteEndpoint handleCancellation
WARNING: Unmatched cancel notification for request id 694
2026.05.23 06:30:38 INFO  no build target found for /Users/habibaelkamary/Desktop/College(new)/DDIA/Labs/project/Weather-Stations-Monitoring-DDIA-Project/weather-station/src/main/java/com/weather/centralstation/CentralStation.java. Using fallback presentation compiler.[0m
May 23, 2026 6:30:38 AM org.eclipse.lsp4j.jsonrpc.RemoteEndpoint handleCancellation
WARNING: Unmatched cancel notification for request id 697
2026.05.23 06:30:38 INFO  no build target found for /Users/habibaelkamary/Desktop/College(new)/DDIA/Labs/project/Weather-Stations-Monitoring-DDIA-Project/weather-station/src/main/java/com/weather/centralstation/CentralStation.java. Using fallback presentation compiler.[0m
2026.05.23 06:30:38 INFO  no build target found for /Users/habibaelkamary/Desktop/College(new)/DDIA/Labs/project/Weather-Stations-Monitoring-DDIA-Project/weather-station/src/main/java/com/weather/centralstation/CentralStation.java. Using fallback presentation compiler.[0m
May 23, 2026 6:30:38 AM org.eclipse.lsp4j.jsonrpc.RemoteEndpoint handleCancellation
WARNING: Unmatched cancel notification for request id 699
2026.05.23 06:30:38 INFO  no build target found for /Users/habibaelkamary/Desktop/College(new)/DDIA/Labs/project/Weather-Stations-Monitoring-DDIA-Project/weather-station/src/main/java/com/weather/centralstation/CentralStation.java. Using fallback presentation compiler.[0m
2026.05.23 06:30:38 INFO  no build target found for /Users/habibaelkamary/Desktop/College(new)/DDIA/Labs/project/Weather-Stations-Monitoring-DDIA-Project/weather-station/src/main/java/com/weather/centralstation/CentralStation.java. Using fallback presentation compiler.[0m
2026.05.23 06:30:39 INFO  no build target found for /Users/habibaelkamary/Desktop/College(new)/DDIA/Labs/project/Weather-Stations-Monitoring-DDIA-Project/weather-station/src/main/java/com/weather/centralstation/CentralStation.java. Using fallback presentation compiler.[0m
2026.05.23 06:30:56 INFO  no build target found for /Users/habibaelkamary/Desktop/College(new)/DDIA/Labs/project/Weather-Stations-Monitoring-DDIA-Project/weather-station/src/main/java/com/weather/centralstation/CentralStation.java. Using fallback presentation compiler.[0m
2026.05.23 06:41:15 INFO  no build target found for /Users/habibaelkamary/Desktop/College(new)/DDIA/Labs/project/Weather-Stations-Monitoring-DDIA-Project/weather-station/src/main/java/com/weather/centralstation/CentralStation.java. Using fallback presentation compiler.[0m
May 23, 2026 6:41:15 AM org.eclipse.lsp4j.jsonrpc.RemoteEndpoint handleCancellation
WARNING: Unmatched cancel notification for request id 729
2026.05.23 06:41:15 INFO  no build target found for /Users/habibaelkamary/Desktop/College(new)/DDIA/Labs/project/Weather-Stations-Monitoring-DDIA-Project/weather-station/src/main/java/com/weather/centralstation/CentralStation.java. Using fallback presentation compiler.[0m
2026.05.23 06:41:15 INFO  no build target found for /Users/habibaelkamary/Desktop/College(new)/DDIA/Labs/project/Weather-Stations-Monitoring-DDIA-Project/weather-station/src/main/java/com/weather/centralstation/CentralStation.java. Using fallback presentation compiler.[0m
2026.05.23 06:41:15 WARN  no build target for: /Users/habibaelkamary/Desktop/College(new)/DDIA/Labs/project/Weather-Stations-Monitoring-DDIA-Project/weather-station/src/main/java/com/weather/centralstation/CentralStation.java[0m
May 23, 2026 6:41:16 AM org.eclipse.lsp4j.jsonrpc.RemoteEndpoint handleCancellation
WARNING: Unmatched cancel notification for request id 731
2026.05.23 06:41:15 INFO  no build target found for /Users/habibaelkamary/Desktop/College(new)/DDIA/Labs/project/Weather-Stations-Monitoring-DDIA-Project/weather-station/src/main/java/com/weather/centralstation/CentralStation.java. Using fallback presentation compiler.[0m
May 23, 2026 6:41:16 AM org.eclipse.lsp4j.jsonrpc.RemoteEndpoint handleCancellation
WARNING: Unmatched cancel notification for request id 733
2026.05.23 06:41:15 INFO  no build target found for /Users/habibaelkamary/Desktop/College(new)/DDIA/Labs/project/Weather-Stations-Monitoring-DDIA-Project/weather-station/src/main/java/com/weather/centralstation/CentralStation.java. Using fallback presentation compiler.[0m
2026.05.23 06:41:16 INFO  no build target found for /Users/habibaelkamary/Desktop/College(new)/DDIA/Labs/project/Weather-Stations-Monitoring-DDIA-Project/weather-station/src/main/java/com/weather/centralstation/CentralStation.java. Using fallback presentation compiler.[0m
2026.05.23 06:43:35 INFO  no build target found for /Users/habibaelkamary/Desktop/College(new)/DDIA/Labs/project/Weather-Stations-Monitoring-DDIA-Project/weather-station/src/main/java/com/weather/centralstation/CentralStation.java. Using fallback presentation compiler.[0m
2026.05.23 06:43:35 INFO  no build target found for /Users/habibaelkamary/Desktop/College(new)/DDIA/Labs/project/Weather-Stations-Monitoring-DDIA-Project/weather-station/src/main/java/com/weather/centralstation/CentralStation.java. Using fallback presentation compiler.[0m
2026.05.23 06:43:40 INFO  no build target found for /Users/habibaelkamary/Desktop/College(new)/DDIA/Labs/project/Weather-Stations-Monitoring-DDIA-Project/weather-station/src/main/java/com/weather/centralstation/CentralStation.java. Using fallback presentation compiler.[0m
2026.05.23 06:44:05 INFO  no build target found for /Users/habibaelkamary/Desktop/College(new)/DDIA/Labs/project/Weather-Stations-Monitoring-DDIA-Project/weather-station/src/main/java/com/weather/centralstation/CentralStation.java. Using fallback presentation compiler.[0m
2026.05.23 06:44:22 INFO  no build target found for /Users/habibaelkamary/Desktop/College(new)/DDIA/Labs/project/Weather-Stations-Monitoring-DDIA-Project/weather-station/src/main/java/com/weather/centralstation/CentralStation.java. Using fallback presentation compiler.[0m
2026.05.23 06:44:49 INFO  no build target found for /Users/habibaelkamary/Desktop/College(new)/DDIA/Labs/project/Weather-Stations-Monitoring-DDIA-Project/weather-station/src/main/java/com/weather/centralstation/CentralStation.java. Using fallback presentation compiler.[0m
2026.05.23 06:46:21 INFO  no build target found for /Users/habibaelkamary/Desktop/College(new)/DDIA/Labs/project/Weather-Stations-Monitoring-DDIA-Project/weather-station/src/main/java/com/weather/centralstation/CentralStation.java. Using fallback presentation compiler.[0m
May 23, 2026 6:46:21 AM org.eclipse.lsp4j.jsonrpc.RemoteEndpoint handleCancellation
WARNING: Unmatched cancel notification for request id 823
2026.05.23 06:46:21 INFO  no build target found for /Users/habibaelkamary/Desktop/College(new)/DDIA/Labs/project/Weather-Stations-Monitoring-DDIA-Project/weather-station/src/main/java/com/weather/centralstation/CentralStation.java. Using fallback presentation compiler.[0m
2026.05.23 06:46:21 INFO  no build target found for /Users/habibaelkamary/Desktop/College(new)/DDIA/Labs/project/Weather-Stations-Monitoring-DDIA-Project/weather-station/src/main/java/com/weather/centralstation/CentralStation.java. Using fallback presentation compiler.[0m
2026.05.23 06:46:21 INFO  no build target found for /Users/habibaelkamary/Desktop/College(new)/DDIA/Labs/project/Weather-Stations-Monitoring-DDIA-Project/weather-station/src/main/java/com/weather/centralstation/CentralStation.java. Using fallback presentation compiler.[0m
2026.05.23 06:46:21 INFO  no build target found for /Users/habibaelkamary/Desktop/College(new)/DDIA/Labs/project/Weather-Stations-Monitoring-DDIA-Project/weather-station/src/main/java/com/weather/centralstation/CentralStation.java. Using fallback presentation compiler.[0m
2026.05.23 06:46:21 INFO  no build target found for /Users/habibaelkamary/Desktop/College(new)/DDIA/Labs/project/Weather-Stations-Monitoring-DDIA-Project/weather-station/src/main/java/com/weather/centralstation/CentralStation.java. Using fallback presentation compiler.[0m
2026.05.23 06:46:22 WARN  no build target for: /Users/habibaelkamary/Desktop/College(new)/DDIA/Labs/project/Weather-Stations-Monitoring-DDIA-Project/weather-station/src/main/java/com/weather/centralstation/CentralStation.java[0m
2026.05.23 06:46:22 INFO  no build target found for /Users/habibaelkamary/Desktop/College(new)/DDIA/Labs/project/Weather-Stations-Monitoring-DDIA-Project/weather-station/src/main/java/com/weather/centralstation/CentralStation.java. Using fallback presentation compiler.[0m
2026.05.23 06:46:27 INFO  no build target found for /Users/habibaelkamary/Desktop/College(new)/DDIA/Labs/project/Weather-Stations-Monitoring-DDIA-Project/weather-station/src/main/java/com/weather/centralstation/CentralStation.java. Using fallback presentation compiler.[0m
2026.05.23 06:47:14 INFO  no build target found for /Users/habibaelkamary/Desktop/College(new)/DDIA/Labs/project/Weather-Stations-Monitoring-DDIA-Project/weather-station/src/main/java/com/weather/centralstation/CentralStation.java. Using fallback presentation compiler.[0m
2026.05.23 06:47:14 INFO  no build target found for /Users/habibaelkamary/Desktop/College(new)/DDIA/Labs/project/Weather-Stations-Monitoring-DDIA-Project/weather-station/src/main/java/com/weather/centralstation/CentralStation.java. Using fallback presentation compiler.[0m
2026.05.23 06:47:15 WARN  no build target for: /Users/habibaelkamary/Desktop/College(new)/DDIA/Labs/project/Weather-Stations-Monitoring-DDIA-Project/weather-station/src/main/java/com/weather/centralstation/CentralStation.java[0m
May 23, 2026 6:47:15 AM org.eclipse.lsp4j.jsonrpc.RemoteEndpoint handleCancellation
WARNING: Unmatched cancel notification for request id 841
2026.05.23 06:47:15 INFO  no build target found for /Users/habibaelkamary/Desktop/College(new)/DDIA/Labs/project/Weather-Stations-Monitoring-DDIA-Project/weather-station/src/main/java/com/weather/centralstation/CentralStation.java. Using fallback presentation compiler.[0m
May 23, 2026 6:47:15 AM org.eclipse.lsp4j.jsonrpc.RemoteEndpoint handleCancellation
WARNING: Unmatched cancel notification for request id 843
2026.05.23 06:47:15 INFO  no build target found for /Users/habibaelkamary/Desktop/College(new)/DDIA/Labs/project/Weather-Stations-Monitoring-DDIA-Project/weather-station/src/main/java/com/weather/centralstation/CentralStation.java. Using fallback presentation compiler.[0m
2026.05.23 06:47:16 INFO  no build target found for /Users/habibaelkamary/Desktop/College(new)/DDIA/Labs/project/Weather-Stations-Monitoring-DDIA-Project/weather-station/src/main/java/com/weather/centralstation/CentralStation.java. Using fallback presentation compiler.[0m
May 23, 2026 6:47:16 AM org.eclipse.lsp4j.jsonrpc.RemoteEndpoint handleCancellation
WARNING: Unmatched cancel notification for request id 845
2026.05.23 06:47:15 INFO  no build target found for /Users/habibaelkamary/Desktop/College(new)/DDIA/Labs/project/Weather-Stations-Monitoring-DDIA-Project/weather-station/src/main/java/com/weather/centralstation/CentralStation.java. Using fallback presentation compiler.[0m
2026.05.23 06:47:16 INFO  no build target found for /Users/habibaelkamary/Desktop/College(new)/DDIA/Labs/project/Weather-Stations-Monitoring-DDIA-Project/weather-station/src/main/java/com/weather/centralstation/CentralStation.java. Using fallback presentation compiler.[0m
2026.05.23 06:49:26 INFO  no build target found for /Users/habibaelkamary/Desktop/College(new)/DDIA/Labs/project/Weather-Stations-Monitoring-DDIA-Project/weather-station/src/main/java/com/weather/centralstation/CentralStation.java. Using fallback presentation compiler.[0m
2026.05.23 06:50:03 INFO  no build target found for /Users/habibaelkamary/Desktop/College(new)/DDIA/Labs/project/Weather-Stations-Monitoring-DDIA-Project/weather-station/src/main/java/com/weather/centralstation/CentralStation.java. Using fallback presentation compiler.[0m
May 23, 2026 6:50:04 AM org.eclipse.lsp4j.jsonrpc.RemoteEndpoint handleCancellation
WARNING: Unmatched cancel notification for request id 859
2026.05.23 06:50:14 INFO  no build target found for /Users/habibaelkamary/Desktop/College(new)/DDIA/Labs/project/Weather-Stations-Monitoring-DDIA-Project/weather-station/src/main/java/com/weather/centralstation/CentralStation.java. Using fallback presentation compiler.[0m
2026.05.23 06:50:14 INFO  no build target found for /Users/habibaelkamary/Desktop/College(new)/DDIA/Labs/project/Weather-Stations-Monitoring-DDIA-Project/weather-station/src/main/java/com/weather/stations/WeatherStation.java. Using fallback presentation compiler.[0m
2026.05.23 06:50:15 WARN  no build target for: /Users/habibaelkamary/Desktop/College(new)/DDIA/Labs/project/Weather-Stations-Monitoring-DDIA-Project/weather-station/src/main/java/com/weather/stations/WeatherStation.java[0m
2026.05.23 06:50:15 INFO  no build target found for /Users/habibaelkamary/Desktop/College(new)/DDIA/Labs/project/Weather-Stations-Monitoring-DDIA-Project/weather-station/src/main/java/com/weather/stations/WeatherStation.java. Using fallback presentation compiler.[0m
May 23, 2026 6:50:15 AM org.eclipse.lsp4j.jsonrpc.RemoteEndpoint handleCancellation
WARNING: Unmatched cancel notification for request id 860
2026.05.23 06:50:16 INFO  no build target found for /Users/habibaelkamary/Desktop/College(new)/DDIA/Labs/project/Weather-Stations-Monitoring-DDIA-Project/weather-station/src/main/java/com/weather/stations/WeatherStation.java. Using fallback presentation compiler.[0m
May 23, 2026 6:50:16 AM org.eclipse.lsp4j.jsonrpc.RemoteEndpoint handleCancellation
WARNING: Unmatched cancel notification for request id 863
2026.05.23 06:50:16 INFO  no build target found for /Users/habibaelkamary/Desktop/College(new)/DDIA/Labs/project/Weather-Stations-Monitoring-DDIA-Project/weather-station/src/main/java/com/weather/stations/WeatherStation.java. Using fallback presentation compiler.[0m
May 23, 2026 6:50:16 AM org.eclipse.lsp4j.jsonrpc.RemoteEndpoint handleCancellation
WARNING: Unmatched cancel notification for request id 865
2026.05.23 06:50:16 INFO  no build target found for /Users/habibaelkamary/Desktop/College(new)/DDIA/Labs/project/Weather-Stations-Monitoring-DDIA-Project/weather-station/src/main/java/com/weather/stations/WeatherStation.java. Using fallback presentation compiler.[0m
2026.05.23 06:50:17 INFO  no build target found for /Users/habibaelkamary/Desktop/College(new)/DDIA/Labs/project/Weather-Stations-Monitoring-DDIA-Project/weather-station/src/main/java/com/weather/stations/WeatherStation.java. Using fallback presentation compiler.[0m
2026.05.23 06:51:13 INFO  no build target found for /Users/habibaelkamary/Desktop/College(new)/DDIA/Labs/project/Weather-Stations-Monitoring-DDIA-Project/weather-station/src/main/java/com/weather/stations/WeatherStation.java. Using fallback presentation compiler.[0m
May 23, 2026 6:51:52 AM org.eclipse.lsp4j.jsonrpc.RemoteEndpoint handleCancellation
WARNING: Unmatched cancel notification for request id 1019
2026.05.23 06:52:00 INFO  no build target found for /Users/habibaelkamary/Desktop/College(new)/DDIA/Labs/project/Weather-Stations-Monitoring-DDIA-Project/weather-station/src/main/java/com/weather/stations/WeatherStation.java. Using fallback presentation compiler.[0m
2026.05.23 06:52:00 INFO  no build target found for /Users/habibaelkamary/Desktop/College(new)/DDIA/Labs/project/Weather-Stations-Monitoring-DDIA-Project/weather-station/src/main/java/com/weather/stations/WeatherStation.java. Using fallback presentation compiler.[0m
2026.05.23 06:52:00 INFO  no build target found for /Users/habibaelkamary/Desktop/College(new)/DDIA/Labs/project/Weather-Stations-Monitoring-DDIA-Project/weather-station/src/main/java/com/weather/stations/WeatherStation.java. Using fallback presentation compiler.[0m
2026.05.23 06:52:00 INFO  no build target found for /Users/habibaelkamary/Desktop/College(new)/DDIA/Labs/project/Weather-Stations-Monitoring-DDIA-Project/weather-station/src/main/java/com/weather/stations/WeatherStation.java. Using fallback presentation compiler.[0m
2026.05.23 06:52:01 INFO  no build target found for /Users/habibaelkamary/Desktop/College(new)/DDIA/Labs/project/Weather-Stations-Monitoring-DDIA-Project/weather-station/src/main/java/com/weather/stations/WeatherStation.java. Using fallback presentation compiler.[0m
2026.05.23 06:52:01 INFO  no build target found for /Users/habibaelkamary/Desktop/College(new)/DDIA/Labs/project/Weather-Stations-Monitoring-DDIA-Project/weather-station/src/main/java/com/weather/stations/WeatherStation.java. Using fallback presentation compiler.[0m
2026.05.23 06:52:02 INFO  no build target found for /Users/habibaelkamary/Desktop/College(new)/DDIA/Labs/project/Weather-Stations-Monitoring-DDIA-Project/weather-station/src/main/java/com/weather/stations/WeatherStation.java. Using fallback presentation compiler.[0m
2026.05.23 06:52:47 INFO  no build target found for /Users/habibaelkamary/Desktop/College(new)/DDIA/Labs/project/Weather-Stations-Monitoring-DDIA-Project/weather-station/src/main/java/com/weather/stations/WeatherStation.java. Using fallback presentation compiler.[0m
May 23, 2026 6:52:47 AM org.eclipse.lsp4j.jsonrpc.RemoteEndpoint handleCancellation
WARNING: Unmatched cancel notification for request id 1076
2026.05.23 06:52:47 INFO  no build target found for /Users/habibaelkamary/Desktop/College(new)/DDIA/Labs/project/Weather-Stations-Monitoring-DDIA-Project/weather-station/src/main/java/com/weather/stations/WeatherStation.java. Using fallback presentation compiler.[0m
2026.05.23 06:52:58 INFO  no build target found for /Users/habibaelkamary/Desktop/College(new)/DDIA/Labs/project/Weather-Stations-Monitoring-DDIA-Project/weather-station/src/main/java/com/weather/stations/WeatherStation.java. Using fallback presentation compiler.[0m
May 23, 2026 6:52:59 AM org.eclipse.lsp4j.jsonrpc.RemoteEndpoint handleCancellation
WARNING: Unmatched cancel notification for request id 1105
2026.05.23 06:52:58 INFO  no build target found for /Users/habibaelkamary/Desktop/College(new)/DDIA/Labs/project/Weather-Stations-Monitoring-DDIA-Project/weather-station/src/main/java/com/weather/stations/WeatherStation.java. Using fallback presentation compiler.[0m
2026.05.23 06:52:59 INFO  no build target found for /Users/habibaelkamary/Desktop/College(new)/DDIA/Labs/project/Weather-Stations-Monitoring-DDIA-Project/weather-station/src/main/java/com/weather/stations/WeatherStation.java. Using fallback presentation compiler.[0m
2026.05.23 06:52:59 INFO  no build target found for /Users/habibaelkamary/Desktop/College(new)/DDIA/Labs/project/Weather-Stations-Monitoring-DDIA-Project/weather-station/src/main/java/com/weather/stations/WeatherStation.java. Using fallback presentation compiler.[0m
2026.05.23 06:53:01 INFO  no build target found for /Users/habibaelkamary/Desktop/College(new)/DDIA/Labs/project/Weather-Stations-Monitoring-DDIA-Project/weather-station/src/main/java/com/weather/stations/WeatherStation.java. Using fallback presentation compiler.[0m
2026.05.23 06:53:01 INFO  no build target found for /Users/habibaelkamary/Desktop/College(new)/DDIA/Labs/project/Weather-Stations-Monitoring-DDIA-Project/weather-station/src/main/java/com/weather/stations/WeatherStation.java. Using fallback presentation compiler.[0m
2026.05.23 06:53:01 INFO  no build target found for /Users/habibaelkamary/Desktop/College(new)/DDIA/Labs/project/Weather-Stations-Monitoring-DDIA-Project/weather-station/src/main/java/com/weather/stations/WeatherStation.java. Using fallback presentation compiler.[0m
2026.05.23 06:53:01 INFO  no build target found for /Users/habibaelkamary/Desktop/College(new)/DDIA/Labs/project/Weather-Stations-Monitoring-DDIA-Project/weather-station/src/main/java/com/weather/stations/WeatherStation.java. Using fallback presentation compiler.[0m
2026.05.23 06:53:01 INFO  no build target found for /Users/habibaelkamary/Desktop/College(new)/DDIA/Labs/project/Weather-Stations-Monitoring-DDIA-Project/weather-station/src/main/java/com/weather/stations/WeatherStation.java. Using fallback presentation compiler.[0m
2026.05.23 06:53:01 INFO  no build target found for /Users/habibaelkamary/Desktop/College(new)/DDIA/Labs/project/Weather-Stations-Monitoring-DDIA-Project/weather-station/src/main/java/com/weather/stations/WeatherStation.java. Using fallback presentation compiler.[0m
2026.05.23 06:53:02 INFO  no build target found for /Users/habibaelkamary/Desktop/College(new)/DDIA/Labs/project/Weather-Stations-Monitoring-DDIA-Project/weather-station/src/main/java/com/weather/stations/WeatherStation.java. Using fallback presentation compiler.[0m
2026.05.23 06:53:02 INFO  no build target found for /Users/habibaelkamary/Desktop/College(new)/DDIA/Labs/project/Weather-Stations-Monitoring-DDIA-Project/weather-station/src/main/java/com/weather/stations/WeatherStation.java. Using fallback presentation compiler.[0m
2026.05.23 06:53:02 INFO  no build target found for /Users/habibaelkamary/Desktop/College(new)/DDIA/Labs/project/Weather-Stations-Monitoring-DDIA-Project/weather-station/src/main/java/com/weather/stations/WeatherStation.java. Using fallback presentation compiler.[0m
2026.05.23 06:53:02 INFO  no build target found for /Users/habibaelkamary/Desktop/College(new)/DDIA/Labs/project/Weather-Stations-Monitoring-DDIA-Project/weather-station/src/main/java/com/weather/stations/WeatherStation.java. Using fallback presentation compiler.[0m
2026.05.23 06:53:02 INFO  no build target found for /Users/habibaelkamary/Desktop/College(new)/DDIA/Labs/project/Weather-Stations-Monitoring-DDIA-Project/weather-station/src/main/java/com/weather/stations/WeatherStation.java. Using fallback presentation compiler.[0m
2026.05.23 06:53:02 INFO  no build target found for /Users/habibaelkamary/Desktop/College(new)/DDIA/Labs/project/Weather-Stations-Monitoring-DDIA-Project/weather-station/src/main/java/com/weather/stations/WeatherStation.java. Using fallback presentation compiler.[0m
2026.05.23 06:53:03 INFO  no build target found for /Users/habibaelkamary/Desktop/College(new)/DDIA/Labs/project/Weather-Stations-Monitoring-DDIA-Project/weather-station/src/main/java/com/weather/stations/WeatherStation.java. Using fallback presentation compiler.[0m
2026.05.23 06:53:03 INFO  no build target found for /Users/habibaelkamary/Desktop/College(new)/DDIA/Labs/project/Weather-Stations-Monitoring-DDIA-Project/weather-station/src/main/java/com/weather/stations/WeatherStation.java. Using fallback presentation compiler.[0m
2026.05.23 06:53:03 INFO  no build target found for /Users/habibaelkamary/Desktop/College(new)/DDIA/Labs/project/Weather-Stations-Monitoring-DDIA-Project/weather-station/src/main/java/com/weather/stations/WeatherStation.java. Using fallback presentation compiler.[0m
2026.05.23 06:53:04 INFO  no build target found for /Users/habibaelkamary/Desktop/College(new)/DDIA/Labs/project/Weather-Stations-Monitoring-DDIA-Project/weather-station/src/main/java/com/weather/stations/WeatherStation.java. Using fallback presentation compiler.[0m
2026.05.23 06:53:05 INFO  no build target found for /Users/habibaelkamary/Desktop/College(new)/DDIA/Labs/project/Weather-Stations-Monitoring-DDIA-Project/weather-station/src/main/java/com/weather/stations/WeatherStation.java. Using fallback presentation compiler.[0m
2026.05.23 06:53:05 INFO  no build target found for /Users/habibaelkamary/Desktop/College(new)/DDIA/Labs/project/Weather-Stations-Monitoring-DDIA-Project/weather-station/src/main/java/com/weather/stations/WeatherStation.java. Using fallback presentation compiler.[0m
2026.05.23 06:53:06 WARN  no build target for: /Users/habibaelkamary/Desktop/College(new)/DDIA/Labs/project/Weather-Stations-Monitoring-DDIA-Project/weather-station/src/main/java/com/weather/stations/WeatherStation.java[0m
2026.05.23 06:53:06 INFO  no build target found for /Users/habibaelkamary/Desktop/College(new)/DDIA/Labs/project/Weather-Stations-Monitoring-DDIA-Project/weather-station/src/main/java/com/weather/stations/WeatherStation.java. Using fallback presentation compiler.[0m
May 23, 2026 6:53:06 AM org.eclipse.lsp4j.jsonrpc.RemoteEndpoint handleCancellation
WARNING: Unmatched cancel notification for request id 1135
2026.05.23 06:53:06 INFO  no build target found for /Users/habibaelkamary/Desktop/College(new)/DDIA/Labs/project/Weather-Stations-Monitoring-DDIA-Project/weather-station/src/main/java/com/weather/stations/WeatherStation.java. Using fallback presentation compiler.[0m
2026.05.23 06:53:06 INFO  no build target found for /Users/habibaelkamary/Desktop/College(new)/DDIA/Labs/project/Weather-Stations-Monitoring-DDIA-Project/weather-station/src/main/java/com/weather/stations/WeatherStation.java. Using fallback presentation compiler.[0m
2026.05.23 06:53:07 INFO  no build target found for /Users/habibaelkamary/Desktop/College(new)/DDIA/Labs/project/Weather-Stations-Monitoring-DDIA-Project/weather-station/src/main/java/com/weather/stations/WeatherStation.java. Using fallback presentation compiler.[0m
2026.05.23 06:59:47 INFO  no build target found for /Users/habibaelkamary/Desktop/College(new)/DDIA/Labs/project/Weather-Stations-Monitoring-DDIA-Project/weather-station/src/main/java/com/weather/centralstation/CentralStation.java. Using fallback presentation compiler.[0m
2026.05.23 06:59:48 WARN  no build target for: /Users/habibaelkamary/Desktop/College(new)/DDIA/Labs/project/Weather-Stations-Monitoring-DDIA-Project/weather-station/src/main/java/com/weather/centralstation/CentralStation.java[0m
2026.05.23 06:59:48 INFO  no build target found for /Users/habibaelkamary/Desktop/College(new)/DDIA/Labs/project/Weather-Stations-Monitoring-DDIA-Project/weather-station/src/main/java/com/weather/centralstation/CentralStation.java. Using fallback presentation compiler.[0m
May 23, 2026 6:59:48 AM org.eclipse.lsp4j.jsonrpc.RemoteEndpoint handleCancellation
WARNING: Unmatched cancel notification for request id 1146
2026.05.23 06:59:47 INFO  no build target found for /Users/habibaelkamary/Desktop/College(new)/DDIA/Labs/project/Weather-Stations-Monitoring-DDIA-Project/weather-station/src/main/java/com/weather/centralstation/CentralStation.java. Using fallback presentation compiler.[0m
May 23, 2026 6:59:48 AM org.eclipse.lsp4j.jsonrpc.RemoteEndpoint handleCancellation
WARNING: Unmatched cancel notification for request id 1149
2026.05.23 06:59:47 INFO  no build target found for /Users/habibaelkamary/Desktop/College(new)/DDIA/Labs/project/Weather-Stations-Monitoring-DDIA-Project/weather-station/src/main/java/com/weather/centralstation/CentralStation.java. Using fallback presentation compiler.[0m
2026.05.23 06:59:47 INFO  no build target found for /Users/habibaelkamary/Desktop/College(new)/DDIA/Labs/project/Weather-Stations-Monitoring-DDIA-Project/weather-station/src/main/java/com/weather/centralstation/CentralStation.java. Using fallback presentation compiler.[0m
May 23, 2026 6:59:49 AM org.eclipse.lsp4j.jsonrpc.RemoteEndpoint handleCancellation
WARNING: Unmatched cancel notification for request id 1151
2026.05.23 06:59:49 INFO  no build target found for /Users/habibaelkamary/Desktop/College(new)/DDIA/Labs/project/Weather-Stations-Monitoring-DDIA-Project/weather-station/src/main/java/com/weather/centralstation/CentralStation.java. Using fallback presentation compiler.[0m
2026.05.23 06:59:49 INFO  no build target found for /Users/habibaelkamary/Desktop/College(new)/DDIA/Labs/project/Weather-Stations-Monitoring-DDIA-Project/weather-station/src/main/java/com/weather/centralstation/CentralStation.java. Using fallback presentation compiler.[0m
2026.05.23 06:59:49 INFO  time: code lens generation in 1.12s[0m
2026.05.23 07:00:08 INFO  no build target found for /Users/habibaelkamary/Desktop/College(new)/DDIA/Labs/project/Weather-Stations-Monitoring-DDIA-Project/weather-station/src/main/java/com/weather/centralstation/CentralStation.java. Using fallback presentation compiler.[0m
2026.05.23 07:00:08 INFO  no build target found for /Users/habibaelkamary/Desktop/College(new)/DDIA/Labs/project/Weather-Stations-Monitoring-DDIA-Project/weather-station/src/main/java/com/weather/centralstation/CentralStation.java. Using fallback presentation compiler.[0m
2026.05.23 07:00:09 INFO  no build target found for /Users/habibaelkamary/Desktop/College(new)/DDIA/Labs/project/Weather-Stations-Monitoring-DDIA-Project/weather-station/src/main/java/com/weather/centralstation/CentralStation.java. Using fallback presentation compiler.[0m
2026.05.23 07:00:09 INFO  no build target found for /Users/habibaelkamary/Desktop/College(new)/DDIA/Labs/project/Weather-Stations-Monitoring-DDIA-Project/weather-station/src/main/java/com/weather/centralstation/CentralStation.java. Using fallback presentation compiler.[0m
May 23, 2026 7:00:09 AM org.eclipse.lsp4j.jsonrpc.RemoteEndpoint handleCancellation
WARNING: Unmatched cancel notification for request id 1202
May 23, 2026 7:00:09 AM org.eclipse.lsp4j.jsonrpc.RemoteEndpoint handleCancellation
WARNING: Unmatched cancel notification for request id 1205
2026.05.23 07:00:09 INFO  no build target found for /Users/habibaelkamary/Desktop/College(new)/DDIA/Labs/project/Weather-Stations-Monitoring-DDIA-Project/weather-station/src/main/java/com/weather/centralstation/CentralStation.java. Using fallback presentation compiler.[0m
2026.05.23 07:00:09 INFO  no build target found for /Users/habibaelkamary/Desktop/College(new)/DDIA/Labs/project/Weather-Stations-Monitoring-DDIA-Project/weather-station/src/main/java/com/weather/centralstation/CentralStation.java. Using fallback presentation compiler.[0m
2026.05.23 07:00:10 INFO  no build target found for /Users/habibaelkamary/Desktop/College(new)/DDIA/Labs/project/Weather-Stations-Monitoring-DDIA-Project/weather-station/src/main/java/com/weather/centralstation/CentralStation.java. Using fallback presentation compiler.[0m
2026.05.23 07:00:10 INFO  no build target found for /Users/habibaelkamary/Desktop/College(new)/DDIA/Labs/project/Weather-Stations-Monitoring-DDIA-Project/weather-station/src/main/java/com/weather/centralstation/CentralStation.java. Using fallback presentation compiler.[0m
2026.05.23 07:00:10 INFO  no build target found for /Users/habibaelkamary/Desktop/College(new)/DDIA/Labs/project/Weather-Stations-Monitoring-DDIA-Project/weather-station/src/main/java/com/weather/centralstation/CentralStation.java. Using fallback presentation compiler.[0m
2026.05.23 07:00:11 INFO  no build target found for /Users/habibaelkamary/Desktop/College(new)/DDIA/Labs/project/Weather-Stations-Monitoring-DDIA-Project/weather-station/src/main/java/com/weather/centralstation/CentralStation.java. Using fallback presentation compiler.[0m
2026.05.23 07:00:10 INFO  no build target found for /Users/habibaelkamary/Desktop/College(new)/DDIA/Labs/project/Weather-Stations-Monitoring-DDIA-Project/weather-station/src/main/java/com/weather/centralstation/CentralStation.java. Using fallback presentation compiler.[0m
2026.05.23 07:00:12 WARN  no build target for: /Users/habibaelkamary/Desktop/College(new)/DDIA/Labs/project/Weather-Stations-Monitoring-DDIA-Project/weather-station/src/main/java/com/weather/centralstation/CentralStation.java[0m
2026.05.23 07:00:13 INFO  no build target found for /Users/habibaelkamary/Desktop/College(new)/DDIA/Labs/project/Weather-Stations-Monitoring-DDIA-Project/weather-station/src/main/java/com/weather/centralstation/CentralStation.java. Using fallback presentation compiler.[0m
2026.05.23 07:00:13 INFO  no build target found for /Users/habibaelkamary/Desktop/College(new)/DDIA/Labs/project/Weather-Stations-Monitoring-DDIA-Project/weather-station/src/main/java/com/weather/centralstation/CentralStation.java. Using fallback presentation compiler.[0m
2026.05.23 07:00:13 INFO  time: code lens generation in 2.6s[0m
2026.05.23 07:00:19 INFO  no build target found for /Users/habibaelkamary/Desktop/College(new)/DDIA/Labs/project/Weather-Stations-Monitoring-DDIA-Project/weather-station/src/main/java/com/weather/centralstation/CentralStation.java. Using fallback presentation compiler.[0m
2026.05.23 07:00:29 INFO  no build target found for /Users/habibaelkamary/Desktop/College(new)/DDIA/Labs/project/Weather-Stations-Monitoring-DDIA-Project/weather-station/src/main/java/com/weather/stations/WeatherStation.java. Using fallback presentation compiler.[0m
May 23, 2026 7:00:29 AM org.eclipse.lsp4j.jsonrpc.RemoteEndpoint handleCancellation
WARNING: Unmatched cancel notification for request id 1228
2026.05.23 07:00:29 INFO  no build target found for /Users/habibaelkamary/Desktop/College(new)/DDIA/Labs/project/Weather-Stations-Monitoring-DDIA-Project/weather-station/src/main/java/com/weather/stations/WeatherStation.java. Using fallback presentation compiler.[0m
2026.05.23 07:00:29 INFO  no build target found for /Users/habibaelkamary/Desktop/College(new)/DDIA/Labs/project/Weather-Stations-Monitoring-DDIA-Project/weather-station/src/main/java/com/weather/stations/WeatherStation.java. Using fallback presentation compiler.[0m
2026.05.23 07:00:29 INFO  no build target found for /Users/habibaelkamary/Desktop/College(new)/DDIA/Labs/project/Weather-Stations-Monitoring-DDIA-Project/weather-station/src/main/java/com/weather/stations/WeatherStation.java. Using fallback presentation compiler.[0m
May 23, 2026 7:00:29 AM org.eclipse.lsp4j.jsonrpc.RemoteEndpoint handleCancellation
WARNING: Unmatched cancel notification for request id 1231
2026.05.23 07:00:29 INFO  no build target found for /Users/habibaelkamary/Desktop/College(new)/DDIA/Labs/project/Weather-Stations-Monitoring-DDIA-Project/weather-station/src/main/java/com/weather/stations/WeatherStation.java. Using fallback presentation compiler.[0m
2026.05.23 07:00:29 WARN  no build target for: /Users/habibaelkamary/Desktop/College(new)/DDIA/Labs/project/Weather-Stations-Monitoring-DDIA-Project/weather-station/src/main/java/com/weather/stations/WeatherStation.java[0m
2026.05.23 07:00:29 INFO  no build target found for /Users/habibaelkamary/Desktop/College(new)/DDIA/Labs/project/Weather-Stations-Monitoring-DDIA-Project/weather-station/src/main/java/com/weather/stations/WeatherStation.java. Using fallback presentation compiler.[0m
2026.05.23 07:00:47 INFO  no build target found for /Users/habibaelkamary/Desktop/College(new)/DDIA/Labs/project/Weather-Stations-Monitoring-DDIA-Project/weather-station/src/main/java/com/weather/centralstation/CentralStation.java. Using fallback presentation compiler.[0m
May 23, 2026 7:00:48 AM org.eclipse.lsp4j.jsonrpc.RemoteEndpoint handleCancellation
WARNING: Unmatched cancel notification for request id 1271
2026.05.23 07:00:47 INFO  no build target found for /Users/habibaelkamary/Desktop/College(new)/DDIA/Labs/project/Weather-Stations-Monitoring-DDIA-Project/weather-station/src/main/java/com/weather/centralstation/CentralStation.java. Using fallback presentation compiler.[0m
2026.05.23 07:00:47 INFO  no build target found for /Users/habibaelkamary/Desktop/College(new)/DDIA/Labs/project/Weather-Stations-Monitoring-DDIA-Project/weather-station/src/main/java/com/weather/centralstation/CentralStation.java. Using fallback presentation compiler.[0m
2026.05.23 07:00:48 WARN  no build target for: /Users/habibaelkamary/Desktop/College(new)/DDIA/Labs/project/Weather-Stations-Monitoring-DDIA-Project/weather-station/src/main/java/com/weather/centralstation/CentralStation.java[0m
2026.05.23 07:00:48 INFO  no build target found for /Users/habibaelkamary/Desktop/College(new)/DDIA/Labs/project/Weather-Stations-Monitoring-DDIA-Project/weather-station/src/main/java/com/weather/centralstation/CentralStation.java. Using fallback presentation compiler.[0m
May 23, 2026 7:00:48 AM org.eclipse.lsp4j.jsonrpc.RemoteEndpoint handleCancellation
WARNING: Unmatched cancel notification for request id 1274
2026.05.23 07:00:49 INFO  no build target found for /Users/habibaelkamary/Desktop/College(new)/DDIA/Labs/project/Weather-Stations-Monitoring-DDIA-Project/weather-station/src/main/java/com/weather/centralstation/CentralStation.java. Using fallback presentation compiler.[0m
2026.05.23 07:00:49 INFO  no build target found for /Users/habibaelkamary/Desktop/College(new)/DDIA/Labs/project/Weather-Stations-Monitoring-DDIA-Project/weather-station/src/main/java/com/weather/centralstation/CentralStation.java. Using fallback presentation compiler.[0m
2026.05.23 07:04:40 INFO  no build target found for /Users/habibaelkamary/Desktop/College(new)/DDIA/Labs/project/Weather-Stations-Monitoring-DDIA-Project/weather-station/src/main/java/com/weather/centralstation/ElasticIndexer.java. Using fallback presentation compiler.[0m
2026.05.23 07:04:40 WARN  no build target for: /Users/habibaelkamary/Desktop/College(new)/DDIA/Labs/project/Weather-Stations-Monitoring-DDIA-Project/weather-station/src/main/java/com/weather/centralstation/ElasticIndexer.java[0m
2026.05.23 07:04:40 INFO  no build target found for /Users/habibaelkamary/Desktop/College(new)/DDIA/Labs/project/Weather-Stations-Monitoring-DDIA-Project/weather-station/src/main/java/com/weather/centralstation/ElasticIndexer.java. Using fallback presentation compiler.[0m
May 23, 2026 7:04:40 AM org.eclipse.lsp4j.jsonrpc.RemoteEndpoint handleCancellation
WARNING: Unmatched cancel notification for request id 1283
2026.05.23 07:04:40 INFO  no build target found for /Users/habibaelkamary/Desktop/College(new)/DDIA/Labs/project/Weather-Stations-Monitoring-DDIA-Project/weather-station/src/main/java/com/weather/centralstation/ElasticIndexer.java. Using fallback presentation compiler.[0m
2026.05.23 07:04:41 INFO  no build target found for /Users/habibaelkamary/Desktop/College(new)/DDIA/Labs/project/Weather-Stations-Monitoring-DDIA-Project/weather-station/src/main/java/com/weather/centralstation/ElasticIndexer.java. Using fallback presentation compiler.[0m
2026.05.23 07:04:41 INFO  no build target found for /Users/habibaelkamary/Desktop/College(new)/DDIA/Labs/project/Weather-Stations-Monitoring-DDIA-Project/weather-station/src/main/java/com/weather/centralstation/ElasticIndexer.java. Using fallback presentation compiler.[0m
2026.05.23 07:04:42 INFO  no build target found for /Users/habibaelkamary/Desktop/College(new)/DDIA/Labs/project/Weather-Stations-Monitoring-DDIA-Project/weather-station/src/main/java/com/weather/centralstation/ElasticIndexer.java. Using fallback presentation compiler.[0m
2026.05.23 07:04:42 INFO  time: code lens generation in 1.79s[0m
2026.05.23 07:05:40 INFO  no build target found for /Users/habibaelkamary/Desktop/College(new)/DDIA/Labs/project/Weather-Stations-Monitoring-DDIA-Project/weather-station/src/main/java/com/weather/centralstation/ElasticIndexer.java. Using fallback presentation compiler.[0m
2026.05.23 07:21:47 INFO  no build target found for /Users/habibaelkamary/Desktop/College(new)/DDIA/Labs/project/Weather-Stations-Monitoring-DDIA-Project/weather-station/src/main/java/com/weather/centralstation/CentralStation.java. Using fallback presentation compiler.[0m
May 23, 2026 7:21:47 AM org.eclipse.lsp4j.jsonrpc.RemoteEndpoint handleCancellation
WARNING: Unmatched cancel notification for request id 1324
2026.05.23 07:21:47 INFO  no build target found for /Users/habibaelkamary/Desktop/College(new)/DDIA/Labs/project/Weather-Stations-Monitoring-DDIA-Project/weather-station/src/main/java/com/weather/centralstation/CentralStation.java. Using fallback presentation compiler.[0m
2026.05.23 07:21:47 INFO  no build target found for /Users/habibaelkamary/Desktop/College(new)/DDIA/Labs/project/Weather-Stations-Monitoring-DDIA-Project/weather-station/src/main/java/com/weather/centralstation/CentralStation.java. Using fallback presentation compiler.[0m
2026.05.23 07:21:47 INFO  no build target found for /Users/habibaelkamary/Desktop/College(new)/DDIA/Labs/project/Weather-Stations-Monitoring-DDIA-Project/weather-station/src/main/java/com/weather/centralstation/CentralStation.java. Using fallback presentation compiler.[0m
May 23, 2026 7:21:47 AM org.eclipse.lsp4j.jsonrpc.RemoteEndpoint handleCancellation
WARNING: Unmatched cancel notification for request id 1327
2026.05.23 07:21:47 INFO  no build target found for /Users/habibaelkamary/Desktop/College(new)/DDIA/Labs/project/Weather-Stations-Monitoring-DDIA-Project/weather-station/src/main/java/com/weather/centralstation/CentralStation.java. Using fallback presentation compiler.[0m
2026.05.23 07:21:47 WARN  no build target for: /Users/habibaelkamary/Desktop/College(new)/DDIA/Labs/project/Weather-Stations-Monitoring-DDIA-Project/weather-station/src/main/java/com/weather/centralstation/CentralStation.java[0m
2026.05.23 07:21:47 INFO  no build target found for /Users/habibaelkamary/Desktop/College(new)/DDIA/Labs/project/Weather-Stations-Monitoring-DDIA-Project/weather-station/src/main/java/com/weather/centralstation/CentralStation.java. Using fallback presentation compiler.[0m
2026.05.23 07:22:56 INFO  no build target found for /Users/habibaelkamary/Desktop/College(new)/DDIA/Labs/project/Weather-Stations-Monitoring-DDIA-Project/weather-station/src/main/java/com/weather/centralstation/CentralStation.java. Using fallback presentation compiler.[0m
2026.05.23 07:23:26 INFO  no build target found for /Users/habibaelkamary/Desktop/College(new)/DDIA/Labs/project/Weather-Stations-Monitoring-DDIA-Project/weather-station/src/main/java/com/weather/centralstation/ElasticIndexer.java. Using fallback presentation compiler.[0m
2026.05.23 07:24:11 INFO  no build target found for /Users/habibaelkamary/Desktop/College(new)/DDIA/Labs/project/Weather-Stations-Monitoring-DDIA-Project/weather-station/src/main/java/com/weather/centralstation/CentralStation.java. Using fallback presentation compiler.[0m
May 23, 2026 7:24:12 AM org.eclipse.lsp4j.jsonrpc.RemoteEndpoint handleCancellation
WARNING: Unmatched cancel notification for request id 1343
2026.05.23 07:24:11 INFO  no build target found for /Users/habibaelkamary/Desktop/College(new)/DDIA/Labs/project/Weather-Stations-Monitoring-DDIA-Project/weather-station/src/main/java/com/weather/centralstation/CentralStation.java. Using fallback presentation compiler.[0m
2026.05.23 07:24:11 INFO  no build target found for /Users/habibaelkamary/Desktop/College(new)/DDIA/Labs/project/Weather-Stations-Monitoring-DDIA-Project/weather-station/src/main/java/com/weather/centralstation/CentralStation.java. Using fallback presentation compiler.[0m
2026.05.23 07:24:11 INFO  no build target found for /Users/habibaelkamary/Desktop/College(new)/DDIA/Labs/project/Weather-Stations-Monitoring-DDIA-Project/weather-station/src/main/java/com/weather/centralstation/CentralStation.java. Using fallback presentation compiler.[0m
2026.05.23 07:24:12 INFO  no build target found for /Users/habibaelkamary/Desktop/College(new)/DDIA/Labs/project/Weather-Stations-Monitoring-DDIA-Project/weather-station/src/main/java/com/weather/centralstation/CentralStation.java. Using fallback presentation compiler.[0m
2026.05.23 07:24:12 WARN  no build target for: /Users/habibaelkamary/Desktop/College(new)/DDIA/Labs/project/Weather-Stations-Monitoring-DDIA-Project/weather-station/src/main/java/com/weather/centralstation/CentralStation.java[0m
2026.05.23 07:24:12 INFO  no build target found for /Users/habibaelkamary/Desktop/College(new)/DDIA/Labs/project/Weather-Stations-Monitoring-DDIA-Project/weather-station/src/main/java/com/weather/centralstation/CentralStation.java. Using fallback presentation compiler.[0m
2026.05.23 07:24:14 INFO  no build target found for /Users/habibaelkamary/Desktop/College(new)/DDIA/Labs/project/Weather-Stations-Monitoring-DDIA-Project/weather-station/src/main/java/com/weather/centralstation/CentralStation.java. Using fallback presentation compiler.[0m
2026.05.23 07:24:17 INFO  no build target found for /Users/habibaelkamary/Desktop/College(new)/DDIA/Labs/project/Weather-Stations-Monitoring-DDIA-Project/weather-station/src/main/java/com/weather/stations/WeatherStation.java. Using fallback presentation compiler.[0m
2026.05.23 07:32:22 INFO  no build target found for /Users/habibaelkamary/Desktop/College(new)/DDIA/Labs/project/Weather-Stations-Monitoring-DDIA-Project/weather-station/src/main/java/com/weather/centralstation/CentralStation.java. Using fallback presentation compiler.[0m
2026.05.23 07:32:22 WARN  no build target for: /Users/habibaelkamary/Desktop/College(new)/DDIA/Labs/project/Weather-Stations-Monitoring-DDIA-Project/weather-station/src/main/java/com/weather/centralstation/CentralStation.java[0m
2026.05.23 07:32:22 INFO  no build target found for /Users/habibaelkamary/Desktop/College(new)/DDIA/Labs/project/Weather-Stations-Monitoring-DDIA-Project/weather-station/src/main/java/com/weather/centralstation/CentralStation.java. Using fallback presentation compiler.[0m
May 23, 2026 7:32:22 AM org.eclipse.lsp4j.jsonrpc.RemoteEndpoint handleCancellation
WARNING: Unmatched cancel notification for request id 1353
2026.05.23 07:32:22 INFO  no build target found for /Users/habibaelkamary/Desktop/College(new)/DDIA/Labs/project/Weather-Stations-Monitoring-DDIA-Project/weather-station/src/main/java/com/weather/centralstation/CentralStation.java. Using fallback presentation compiler.[0m
2026.05.23 07:32:22 INFO  no build target found for /Users/habibaelkamary/Desktop/College(new)/DDIA/Labs/project/Weather-Stations-Monitoring-DDIA-Project/weather-station/src/main/java/com/weather/centralstation/CentralStation.java. Using fallback presentation compiler.[0m
May 23, 2026 7:32:22 AM org.eclipse.lsp4j.jsonrpc.RemoteEndpoint handleCancellation
WARNING: Unmatched cancel notification for request id 1357
May 23, 2026 7:32:22 AM org.eclipse.lsp4j.jsonrpc.RemoteEndpoint handleCancellation
WARNING: Unmatched cancel notification for request id 1358
2026.05.23 07:32:22 INFO  no build target found for /Users/habibaelkamary/Desktop/College(new)/DDIA/Labs/project/Weather-Stations-Monitoring-DDIA-Project/weather-station/src/main/java/com/weather/centralstation/CentralStation.java. Using fallback presentation compiler.[0m
2026.05.23 07:32:23 INFO  no build target found for /Users/habibaelkamary/Desktop/College(new)/DDIA/Labs/project/Weather-Stations-Monitoring-DDIA-Project/weather-station/src/main/java/com/weather/centralstation/CentralStation.java. Using fallback presentation compiler.[0m
2026.05.23 07:32:23 INFO  no build target found for /Users/habibaelkamary/Desktop/College(new)/DDIA/Labs/project/Weather-Stations-Monitoring-DDIA-Project/weather-station/src/main/java/com/weather/centralstation/CentralStation.java. Using fallback presentation compiler.[0m
2026.05.23 07:34:03 INFO  no build target found for /Users/habibaelkamary/Desktop/College(new)/DDIA/Labs/project/Weather-Stations-Monitoring-DDIA-Project/weather-station/src/main/java/com/weather/centralstation/CentralStation.java. Using fallback presentation compiler.[0m
2026.05.23 07:34:15 INFO  no build target found for /Users/habibaelkamary/Desktop/College(new)/DDIA/Labs/project/Weather-Stations-Monitoring-DDIA-Project/weather-station/src/main/java/com/weather/centralstation/CentralStation.java. Using fallback presentation compiler.[0m
2026.05.23 07:34:17 INFO  no build target found for /Users/habibaelkamary/Desktop/College(new)/DDIA/Labs/project/Weather-Stations-Monitoring-DDIA-Project/weather-station/src/main/java/com/weather/centralstation/CentralStation.java. Using fallback presentation compiler.[0m
May 23, 2026 7:34:17 AM org.eclipse.lsp4j.jsonrpc.RemoteEndpoint handleCancellation
WARNING: Unmatched cancel notification for request id 1409
2026.05.23 07:34:17 INFO  no build target found for /Users/habibaelkamary/Desktop/College(new)/DDIA/Labs/project/Weather-Stations-Monitoring-DDIA-Project/weather-station/src/main/java/com/weather/centralstation/CentralStation.java. Using fallback presentation compiler.[0m
2026.05.23 07:34:17 INFO  no build target found for /Users/habibaelkamary/Desktop/College(new)/DDIA/Labs/project/Weather-Stations-Monitoring-DDIA-Project/weather-station/src/main/java/com/weather/centralstation/CentralStation.java. Using fallback presentation compiler.[0m
2026.05.23 07:34:19 INFO  no build target found for /Users/habibaelkamary/Desktop/College(new)/DDIA/Labs/project/Weather-Stations-Monitoring-DDIA-Project/weather-station/src/main/java/com/weather/centralstation/CentralStation.java. Using fallback presentation compiler.[0m
2026.05.23 07:34:19 INFO  no build target found for /Users/habibaelkamary/Desktop/College(new)/DDIA/Labs/project/Weather-Stations-Monitoring-DDIA-Project/weather-station/src/main/java/com/weather/centralstation/CentralStation.java. Using fallback presentation compiler.[0m
2026.05.23 07:34:19 INFO  no build target found for /Users/habibaelkamary/Desktop/College(new)/DDIA/Labs/project/Weather-Stations-Monitoring-DDIA-Project/weather-station/src/main/java/com/weather/centralstation/CentralStation.java. Using fallback presentation compiler.[0m
2026.05.23 07:34:19 INFO  no build target found for /Users/habibaelkamary/Desktop/College(new)/DDIA/Labs/project/Weather-Stations-Monitoring-DDIA-Project/weather-station/src/main/java/com/weather/centralstation/CentralStation.java. Using fallback presentation compiler.[0m
2026.05.23 07:34:19 INFO  no build target found for /Users/habibaelkamary/Desktop/College(new)/DDIA/Labs/project/Weather-Stations-Monitoring-DDIA-Project/weather-station/src/main/java/com/weather/centralstation/CentralStation.java. Using fallback presentation compiler.[0m
2026.05.23 07:34:20 INFO  no build target found for /Users/habibaelkamary/Desktop/College(new)/DDIA/Labs/project/Weather-Stations-Monitoring-DDIA-Project/weather-station/src/main/java/com/weather/centralstation/CentralStation.java. Using fallback presentation compiler.[0m
2026.05.23 07:34:20 INFO  no build target found for /Users/habibaelkamary/Desktop/College(new)/DDIA/Labs/project/Weather-Stations-Monitoring-DDIA-Project/weather-station/src/main/java/com/weather/centralstation/CentralStation.java. Using fallback presentation compiler.[0m
2026.05.23 07:34:21 INFO  time: code lens generation in 1.79s[0m
2026.05.23 07:34:22 INFO  no build target found for /Users/habibaelkamary/Desktop/College(new)/DDIA/Labs/project/Weather-Stations-Monitoring-DDIA-Project/weather-station/src/main/java/com/weather/centralstation/CentralStation.java. Using fallback presentation compiler.[0m
2026.05.23 07:34:22 INFO  no build target found for /Users/habibaelkamary/Desktop/College(new)/DDIA/Labs/project/Weather-Stations-Monitoring-DDIA-Project/weather-station/src/main/java/com/weather/centralstation/CentralStation.java. Using fallback presentation compiler.[0m
2026.05.23 07:34:22 INFO  no build target found for /Users/habibaelkamary/Desktop/College(new)/DDIA/Labs/project/Weather-Stations-Monitoring-DDIA-Project/weather-station/src/main/java/com/weather/centralstation/CentralStation.java. Using fallback presentation compiler.[0m
May 23, 2026 7:34:22 AM org.eclipse.lsp4j.jsonrpc.RemoteEndpoint handleCancellation
WARNING: Unmatched cancel notification for request id 1416
May 23, 2026 7:34:22 AM org.eclipse.lsp4j.jsonrpc.RemoteEndpoint handleCancellation
WARNING: Unmatched cancel notification for request id 1426
May 23, 2026 7:34:22 AM org.eclipse.lsp4j.jsonrpc.RemoteEndpoint handleCancellation
WARNING: Unmatched cancel notification for request id 1421
2026.05.23 07:34:22 INFO  no build target found for /Users/habibaelkamary/Desktop/College(new)/DDIA/Labs/project/Weather-Stations-Monitoring-DDIA-Project/weather-station/src/main/java/com/weather/centralstation/CentralStation.java. Using fallback presentation compiler.[0m
2026.05.23 07:34:22 INFO  no build target found for /Users/habibaelkamary/Desktop/College(new)/DDIA/Labs/project/Weather-Stations-Monitoring-DDIA-Project/weather-station/src/main/java/com/weather/centralstation/CentralStation.java. Using fallback presentation compiler.[0m
May 23, 2026 7:34:22 AM org.eclipse.lsp4j.jsonrpc.RemoteEndpoint handleCancellation
WARNING: Unmatched cancel notification for request id 1424
May 23, 2026 7:34:22 AM org.eclipse.lsp4j.jsonrpc.RemoteEndpoint handleCancellation
WARNING: Unmatched cancel notification for request id 1427
2026.05.23 07:34:22 INFO  no build target found for /Users/habibaelkamary/Desktop/College(new)/DDIA/Labs/project/Weather-Stations-Monitoring-DDIA-Project/weather-station/src/main/java/com/weather/centralstation/CentralStation.java. Using fallback presentation compiler.[0m
2026.05.23 07:34:22 INFO  no build target found for /Users/habibaelkamary/Desktop/College(new)/DDIA/Labs/project/Weather-Stations-Monitoring-DDIA-Project/weather-station/src/main/java/com/weather/centralstation/CentralStation.java. Using fallback presentation compiler.[0m
2026.05.23 07:34:22 INFO  no build target found for /Users/habibaelkamary/Desktop/College(new)/DDIA/Labs/project/Weather-Stations-Monitoring-DDIA-Project/weather-station/src/main/java/com/weather/centralstation/CentralStation.java. Using fallback presentation compiler.[0m
May 23, 2026 7:34:23 AM org.eclipse.lsp4j.jsonrpc.RemoteEndpoint handleCancellation
WARNING: Unmatched cancel notification for request id 1431
May 23, 2026 7:34:23 AM org.eclipse.lsp4j.jsonrpc.RemoteEndpoint handleCancellation
WARNING: Unmatched cancel notification for request id 1437
May 23, 2026 7:34:23 AM org.eclipse.lsp4j.jsonrpc.RemoteEndpoint handleCancellation
WARNING: Unmatched cancel notification for request id 1438
May 23, 2026 7:34:23 AM org.eclipse.lsp4j.jsonrpc.RemoteEndpoint handleCancellation
WARNING: Unmatched cancel notification for request id 1433
2026.05.23 07:34:22 INFO  no build target found for /Users/habibaelkamary/Desktop/College(new)/DDIA/Labs/project/Weather-Stations-Monitoring-DDIA-Project/weather-station/src/main/java/com/weather/centralstation/CentralStation.java. Using fallback presentation compiler.[0m
2026.05.23 07:34:22 INFO  no build target found for /Users/habibaelkamary/Desktop/College(new)/DDIA/Labs/project/Weather-Stations-Monitoring-DDIA-Project/weather-station/src/main/java/com/weather/centralstation/CentralStation.java. Using fallback presentation compiler.[0m
2026.05.23 07:34:22 INFO  no build target found for /Users/habibaelkamary/Desktop/College(new)/DDIA/Labs/project/Weather-Stations-Monitoring-DDIA-Project/weather-station/src/main/java/com/weather/centralstation/CentralStation.java. Using fallback presentation compiler.[0m
2026.05.23 07:34:23 INFO  no build target found for /Users/habibaelkamary/Desktop/College(new)/DDIA/Labs/project/Weather-Stations-Monitoring-DDIA-Project/weather-station/src/main/java/com/weather/centralstation/CentralStation.java. Using fallback presentation compiler.[0m
2026.05.23 07:34:25 INFO  time: code lens generation in 2.78s[0m
May 23, 2026 7:34:26 AM org.eclipse.lsp4j.jsonrpc.RemoteEndpoint handleCancellation
WARNING: Unmatched cancel notification for request id 1440
May 23, 2026 7:34:26 AM org.eclipse.lsp4j.jsonrpc.RemoteEndpoint handleCancellation
WARNING: Unmatched cancel notification for request id 1442
2026.05.23 07:34:27 INFO  no build target found for /Users/habibaelkamary/Desktop/College(new)/DDIA/Labs/project/Weather-Stations-Monitoring-DDIA-Project/weather-station/src/main/java/com/weather/centralstation/CentralStation.java. Using fallback presentation compiler.[0m
2026.05.23 07:34:27 INFO  no build target found for /Users/habibaelkamary/Desktop/College(new)/DDIA/Labs/project/Weather-Stations-Monitoring-DDIA-Project/weather-station/src/main/java/com/weather/centralstation/CentralStation.java. Using fallback presentation compiler.[0m
May 23, 2026 7:34:27 AM org.eclipse.lsp4j.jsonrpc.RemoteEndpoint handleCancellation
WARNING: Unmatched cancel notification for request id 1446
2026.05.23 07:34:27 INFO  no build target found for /Users/habibaelkamary/Desktop/College(new)/DDIA/Labs/project/Weather-Stations-Monitoring-DDIA-Project/weather-station/src/main/java/com/weather/centralstation/CentralStation.java. Using fallback presentation compiler.[0m
2026.05.23 07:34:27 INFO  no build target found for /Users/habibaelkamary/Desktop/College(new)/DDIA/Labs/project/Weather-Stations-Monitoring-DDIA-Project/weather-station/src/main/java/com/weather/centralstation/CentralStation.java. Using fallback presentation compiler.[0m
May 23, 2026 7:34:27 AM org.eclipse.lsp4j.jsonrpc.RemoteEndpoint handleCancellation
WARNING: Unmatched cancel notification for request id 1450
2026.05.23 07:34:27 INFO  no build target found for /Users/habibaelkamary/Desktop/College(new)/DDIA/Labs/project/Weather-Stations-Monitoring-DDIA-Project/weather-station/src/main/java/com/weather/centralstation/CentralStation.java. Using fallback presentation compiler.[0m
2026.05.23 07:34:27 INFO  time: code lens generation in 4.54s[0m
May 23, 2026 7:34:27 AM org.eclipse.lsp4j.jsonrpc.RemoteEndpoint handleCancellation
WARNING: Unmatched cancel notification for request id 1449
May 23, 2026 7:34:27 AM org.eclipse.lsp4j.jsonrpc.RemoteEndpoint handleCancellation
WARNING: Unmatched cancel notification for request id 1454
May 23, 2026 7:34:27 AM org.eclipse.lsp4j.jsonrpc.RemoteEndpoint handleCancellation
WARNING: Unmatched cancel notification for request id 1451
2026.05.23 07:34:27 INFO  no build target found for /Users/habibaelkamary/Desktop/College(new)/DDIA/Labs/project/Weather-Stations-Monitoring-DDIA-Project/weather-station/src/main/java/com/weather/centralstation/CentralStation.java. Using fallback presentation compiler.[0m
2026.05.23 07:34:27 INFO  no build target found for /Users/habibaelkamary/Desktop/College(new)/DDIA/Labs/project/Weather-Stations-Monitoring-DDIA-Project/weather-station/src/main/java/com/weather/centralstation/CentralStation.java. Using fallback presentation compiler.[0m
May 23, 2026 7:34:27 AM org.eclipse.lsp4j.jsonrpc.RemoteEndpoint handleCancellation
WARNING: Unmatched cancel notification for request id 1457
2026.05.23 07:34:27 INFO  no build target found for /Users/habibaelkamary/Desktop/College(new)/DDIA/Labs/project/Weather-Stations-Monitoring-DDIA-Project/weather-station/src/main/java/com/weather/centralstation/CentralStation.java. Using fallback presentation compiler.[0m
May 23, 2026 7:34:27 AM org.eclipse.lsp4j.jsonrpc.RemoteEndpoint handleCancellation
WARNING: Unmatched cancel notification for request id 1456
May 23, 2026 7:34:27 AM org.eclipse.lsp4j.jsonrpc.RemoteEndpoint handleCancellation
WARNING: Unmatched cancel notification for request id 1461
May 23, 2026 7:34:27 AM org.eclipse.lsp4j.jsonrpc.RemoteEndpoint handleCancellation
WARNING: Unmatched cancel notification for request id 1462
May 23, 2026 7:34:27 AM org.eclipse.lsp4j.jsonrpc.RemoteEndpoint handleCancellation
WARNING: Unmatched cancel notification for request id 1458
2026.05.23 07:34:27 INFO  no build target found for /Users/habibaelkamary/Desktop/College(new)/DDIA/Labs/project/Weather-Stations-Monitoring-DDIA-Project/weather-station/src/main/java/com/weather/centralstation/CentralStation.java. Using fallback presentation compiler.[0m
2026.05.23 07:34:27 INFO  no build target found for /Users/habibaelkamary/Desktop/College(new)/DDIA/Labs/project/Weather-Stations-Monitoring-DDIA-Project/weather-station/src/main/java/com/weather/centralstation/CentralStation.java. Using fallback presentation compiler.[0m
2026.05.23 07:34:29 INFO  no build target found for /Users/habibaelkamary/Desktop/College(new)/DDIA/Labs/project/Weather-Stations-Monitoring-DDIA-Project/weather-station/src/main/java/com/weather/centralstation/CentralStation.java. Using fallback presentation compiler.[0m
2026.05.23 07:34:29 INFO  time: code lens generation in 6.83s[0m
May 23, 2026 7:34:29 AM org.eclipse.lsp4j.jsonrpc.RemoteEndpoint handleCancellation
WARNING: Unmatched cancel notification for request id 1465
2026.05.23 07:34:29 INFO  no build target found for /Users/habibaelkamary/Desktop/College(new)/DDIA/Labs/project/Weather-Stations-Monitoring-DDIA-Project/weather-station/src/main/java/com/weather/centralstation/CentralStation.java. Using fallback presentation compiler.[0m
May 23, 2026 7:34:30 AM org.eclipse.lsp4j.jsonrpc.RemoteEndpoint handleCancellation
WARNING: Unmatched cancel notification for request id 1463
May 23, 2026 7:34:30 AM org.eclipse.lsp4j.jsonrpc.RemoteEndpoint handleCancellation
WARNING: Unmatched cancel notification for request id 1469
2026.05.23 07:34:29 INFO  no build target found for /Users/habibaelkamary/Desktop/College(new)/DDIA/Labs/project/Weather-Stations-Monitoring-DDIA-Project/weather-station/src/main/java/com/weather/centralstation/CentralStation.java. Using fallback presentation compiler.[0m
2026.05.23 07:34:30 INFO  no build target found for /Users/habibaelkamary/Desktop/College(new)/DDIA/Labs/project/Weather-Stations-Monitoring-DDIA-Project/weather-station/src/main/java/com/weather/centralstation/CentralStation.java. Using fallback presentation compiler.[0m
2026.05.23 07:34:30 INFO  time: code lens generation in 3.23s[0m
2026.05.23 07:34:30 INFO  time: code lens generation in 3.31s[0m
2026.05.23 07:34:31 INFO  no build target found for /Users/habibaelkamary/Desktop/College(new)/DDIA/Labs/project/Weather-Stations-Monitoring-DDIA-Project/weather-station/src/main/java/com/weather/centralstation/CentralStation.java. Using fallback presentation compiler.[0m
2026.05.23 07:34:31 INFO  no build target found for /Users/habibaelkamary/Desktop/College(new)/DDIA/Labs/project/Weather-Stations-Monitoring-DDIA-Project/weather-station/src/main/java/com/weather/centralstation/CentralStation.java. Using fallback presentation compiler.[0m
2026.05.23 07:34:31 INFO  no build target found for /Users/habibaelkamary/Desktop/College(new)/DDIA/Labs/project/Weather-Stations-Monitoring-DDIA-Project/weather-station/src/main/java/com/weather/centralstation/CentralStation.java. Using fallback presentation compiler.[0m
2026.05.23 07:34:33 INFO  no build target found for /Users/habibaelkamary/Desktop/College(new)/DDIA/Labs/project/Weather-Stations-Monitoring-DDIA-Project/weather-station/src/main/java/com/weather/centralstation/CentralStation.java. Using fallback presentation compiler.[0m
2026.05.23 07:34:33 WARN  no build target for: /Users/habibaelkamary/Desktop/College(new)/DDIA/Labs/project/Weather-Stations-Monitoring-DDIA-Project/weather-station/src/main/java/com/weather/centralstation/CentralStation.java[0m
2026.05.23 07:34:33 INFO  no build target found for /Users/habibaelkamary/Desktop/College(new)/DDIA/Labs/project/Weather-Stations-Monitoring-DDIA-Project/weather-station/src/main/java/com/weather/centralstation/CentralStation.java. Using fallback presentation compiler.[0m
2026.05.23 07:34:34 INFO  no build target found for /Users/habibaelkamary/Desktop/College(new)/DDIA/Labs/project/Weather-Stations-Monitoring-DDIA-Project/weather-station/src/main/java/com/weather/centralstation/CentralStation.java. Using fallback presentation compiler.[0m
2026.05.23 07:34:39 INFO  no build target found for /Users/habibaelkamary/Desktop/College(new)/DDIA/Labs/project/Weather-Stations-Monitoring-DDIA-Project/weather-station/src/main/java/com/weather/centralstation/CentralStation.java. Using fallback presentation compiler.[0m
May 23, 2026 7:40:00 AM org.eclipse.lsp4j.jsonrpc.services.GenericEndpoint notify
INFO: Unsupported notification method: $/setTrace
2026.05.23 07:41:06 INFO  no build target found for /Users/habibaelkamary/Desktop/College(new)/DDIA/Labs/project/Weather-Stations-Monitoring-DDIA-Project/weather-station/src/main/java/com/weather/centralstation/CentralStation.java. Using fallback presentation compiler.[0m
May 23, 2026 7:41:06 AM org.eclipse.lsp4j.jsonrpc.RemoteEndpoint handleCancellation
WARNING: Unmatched cancel notification for request id 1488
2026.05.23 07:41:06 INFO  no build target found for /Users/habibaelkamary/Desktop/College(new)/DDIA/Labs/project/Weather-Stations-Monitoring-DDIA-Project/weather-station/src/main/java/com/weather/centralstation/CentralStation.java. Using fallback presentation compiler.[0m
2026.05.23 07:41:06 INFO  no build target found for /Users/habibaelkamary/Desktop/College(new)/DDIA/Labs/project/Weather-Stations-Monitoring-DDIA-Project/weather-station/src/main/java/com/weather/centralstation/CentralStation.java. Using fallback presentation compiler.[0m
2026.05.23 07:41:07 WARN  no build target for: /Users/habibaelkamary/Desktop/College(new)/DDIA/Labs/project/Weather-Stations-Monitoring-DDIA-Project/weather-station/src/main/java/com/weather/centralstation/CentralStation.java[0m
May 23, 2026 7:41:07 AM org.eclipse.lsp4j.jsonrpc.RemoteEndpoint handleCancellation
WARNING: Unmatched cancel notification for request id 1489
2026.05.23 07:41:08 INFO  no build target found for /Users/habibaelkamary/Desktop/College(new)/DDIA/Labs/project/Weather-Stations-Monitoring-DDIA-Project/weather-station/src/main/java/com/weather/centralstation/CentralStation.java. Using fallback presentation compiler.[0m
May 23, 2026 7:41:08 AM org.eclipse.lsp4j.jsonrpc.RemoteEndpoint handleCancellation
WARNING: Unmatched cancel notification for request id 1491
2026.05.23 07:41:08 INFO  no build target found for /Users/habibaelkamary/Desktop/College(new)/DDIA/Labs/project/Weather-Stations-Monitoring-DDIA-Project/weather-station/src/main/java/com/weather/centralstation/CentralStation.java. Using fallback presentation compiler.[0m
2026.05.23 07:41:08 INFO  no build target found for /Users/habibaelkamary/Desktop/College(new)/DDIA/Labs/project/Weather-Stations-Monitoring-DDIA-Project/weather-station/src/main/java/com/weather/centralstation/CentralStation.java. Using fallback presentation compiler.[0m
2026.05.23 07:41:19 INFO  no build target found for /Users/habibaelkamary/Desktop/College(new)/DDIA/Labs/project/Weather-Stations-Monitoring-DDIA-Project/weather-station/src/main/java/com/weather/centralstation/CentralStation.java. Using fallback presentation compiler.[0m
2026.05.23 07:41:28 INFO  no build target found for /Users/habibaelkamary/Desktop/College(new)/DDIA/Labs/project/Weather-Stations-Monitoring-DDIA-Project/weather-station/src/main/java/com/weather/centralstation/CentralStation.java. Using fallback presentation compiler.[0m
2026.05.23 07:41:29 INFO  no build target found for /Users/habibaelkamary/Desktop/College(new)/DDIA/Labs/project/Weather-Stations-Monitoring-DDIA-Project/weather-station/src/main/java/com/weather/centralstation/CentralStation.java. Using fallback presentation compiler.[0m
2026.05.23 07:41:29 INFO  no build target found for /Users/habibaelkamary/Desktop/College(new)/DDIA/Labs/project/Weather-Stations-Monitoring-DDIA-Project/weather-station/src/main/java/com/weather/centralstation/CentralStation.java. Using fallback presentation compiler.[0m
2026.05.23 07:41:29 INFO  no build target found for /Users/habibaelkamary/Desktop/College(new)/DDIA/Labs/project/Weather-Stations-Monitoring-DDIA-Project/weather-station/src/main/java/com/weather/centralstation/CentralStation.java. Using fallback presentation compiler.[0m
2026.05.23 07:41:29 INFO  no build target found for /Users/habibaelkamary/Desktop/College(new)/DDIA/Labs/project/Weather-Stations-Monitoring-DDIA-Project/weather-station/src/main/java/com/weather/centralstation/CentralStation.java. Using fallback presentation compiler.[0m
2026.05.23 07:41:29 INFO  no build target found for /Users/habibaelkamary/Desktop/College(new)/DDIA/Labs/project/Weather-Stations-Monitoring-DDIA-Project/weather-station/src/main/java/com/weather/centralstation/CentralStation.java. Using fallback presentation compiler.[0m
